pdb_id,protein_path,pocket_path,ligand_path,ligand_format,valid,error,source
.cache,data/refined_set\.cache\.cache_protein.pdb,data/refined_set\.cache\.cache_pocket.pdb,,,False,missing .cache_pocket.pdb,refined
10gs,data/refined_set\10gs\10gs_protein.pdb,data/refined_set\10gs\10gs_pocket.pdb,data/refined_set\10gs\10gs_ligand.mol2,mol2,True,,refined
184l,data/refined_set\184l\184l_protein.pdb,data/refined_set\184l\184l_pocket.pdb,data/refined_set\184l\184l_ligand.mol2,mol2,True,,refined
185l,data/refined_set\185l\185l_protein.pdb,data/refined_set\185l\185l_pocket.pdb,data/refined_set\185l\185l_ligand.mol2,mol2,True,,refined
186l,data/refined_set\186l\186l_protein.pdb,data/refined_set\186l\186l_pocket.pdb,data/refined_set\186l\186l_ligand.mol2,mol2,True,,refined
187l,data/refined_set\187l\187l_protein.pdb,data/refined_set\187l\187l_pocket.pdb,data/refined_set\187l\187l_ligand.mol2,mol2,True,,refined
188l,data/refined_set\188l\188l_protein.pdb,data/refined_set\188l\188l_pocket.pdb,data/refined_set\188l\188l_ligand.mol2,mol2,True,,refined
1a1e,data/refined_set\1a1e\1a1e_protein.pdb,data/refined_set\1a1e\1a1e_pocket.pdb,data/refined_set\1a1e\1a1e_ligand.mol2,mol2,True,,refined
1a28,data/refined_set\1a28\1a28_protein.pdb,data/refined_set\1a28\1a28_pocket.pdb,data/refined_set\1a28\1a28_ligand.mol2,mol2,True,,refined
1a30,data/refined_set\1a30\1a30_protein.pdb,data/refined_set\1a30\1a30_pocket.pdb,data/refined_set\1a30\1a30_ligand.mol2,mol2,True,,refined
1a4k,data/refined_set\1a4k\1a4k_protein.pdb,data/refined_set\1a4k\1a4k_pocket.pdb,data/refined_set\1a4k\1a4k_ligand.mol2,mol2,True,,refined
1a4r,data/refined_set\1a4r\1a4r_protein.pdb,data/refined_set\1a4r\1a4r_pocket.pdb,data/refined_set\1a4r\1a4r_ligand.mol2,mol2,True,,refined
1a4w,data/refined_set\1a4w\1a4w_protein.pdb,data/refined_set\1a4w\1a4w_pocket.pdb,data/refined_set\1a4w\1a4w_ligand.mol2,mol2,True,,refined
1a69,data/refined_set\1a69\1a69_protein.pdb,data/refined_set\1a69\1a69_pocket.pdb,data/refined_set\1a69\1a69_ligand.mol2,mol2,True,,refined
1a94,data/refined_set\1a94\1a94_protein.pdb,data/refined_set\1a94\1a94_pocket.pdb,data/refined_set\1a94\1a94_ligand.mol2,mol2,True,,refined
1a99,data/refined_set\1a99\1a99_protein.pdb,data/refined_set\1a99\1a99_pocket.pdb,data/refined_set\1a99\1a99_ligand.mol2,mol2,True,,refined
1a9m,data/refined_set\1a9m\1a9m_protein.pdb,data/refined_set\1a9m\1a9m_pocket.pdb,data/refined_set\1a9m\1a9m_ligand.mol2,mol2,True,,refined
1a9q,data/refined_set\1a9q\1a9q_protein.pdb,data/refined_set\1a9q\1a9q_pocket.pdb,data/refined_set\1a9q\1a9q_ligand.mol2,mol2,True,,refined
1aaq,data/refined_set\1aaq\1aaq_protein.pdb,data/refined_set\1aaq\1aaq_pocket.pdb,data/refined_set\1aaq\1aaq_ligand.mol2,mol2,True,,refined
1add,data/refined_set\1add\1add_protein.pdb,data/refined_set\1add\1add_pocket.pdb,data/refined_set\1add\1add_ligand.mol2,mol2,True,,refined
1adl,data/refined_set\1adl\1adl_protein.pdb,data/refined_set\1adl\1adl_pocket.pdb,data/refined_set\1adl\1adl_ligand.mol2,mol2,True,,refined
1ado,data/refined_set\1ado\1ado_protein.pdb,data/refined_set\1ado\1ado_pocket.pdb,data/refined_set\1ado\1ado_ligand.mol2,mol2,True,,refined
1afk,data/refined_set\1afk\1afk_protein.pdb,data/refined_set\1afk\1afk_pocket.pdb,data/refined_set\1afk\1afk_ligand.mol2,mol2,True,,refined
1afl,data/refined_set\1afl\1afl_protein.pdb,data/refined_set\1afl\1afl_pocket.pdb,data/refined_set\1afl\1afl_ligand.mol2,mol2,True,,refined
1ai4,data/refined_set\1ai4\1ai4_protein.pdb,data/refined_set\1ai4\1ai4_pocket.pdb,data/refined_set\1ai4\1ai4_ligand.mol2,mol2,True,,refined
1ai5,data/refined_set\1ai5\1ai5_protein.pdb,data/refined_set\1ai5\1ai5_pocket.pdb,data/refined_set\1ai5\1ai5_ligand.mol2,mol2,True,,refined
1ai7,data/refined_set\1ai7\1ai7_protein.pdb,data/refined_set\1ai7\1ai7_pocket.pdb,data/refined_set\1ai7\1ai7_ligand.mol2,mol2,True,,refined
1aid,data/refined_set\1aid\1aid_protein.pdb,data/refined_set\1aid\1aid_pocket.pdb,data/refined_set\1aid\1aid_ligand.mol2,mol2,True,,refined
1aj7,data/refined_set\1aj7\1aj7_protein.pdb,data/refined_set\1aj7\1aj7_pocket.pdb,data/refined_set\1aj7\1aj7_ligand.mol2,mol2,True,,refined
1ajn,data/refined_set\1ajn\1ajn_protein.pdb,data/refined_set\1ajn\1ajn_pocket.pdb,data/refined_set\1ajn\1ajn_ligand.mol2,mol2,True,,refined
1ajp,data/refined_set\1ajp\1ajp_protein.pdb,data/refined_set\1ajp\1ajp_pocket.pdb,data/refined_set\1ajp\1ajp_ligand.mol2,mol2,True,,refined
1ajq,data/refined_set\1ajq\1ajq_protein.pdb,data/refined_set\1ajq\1ajq_pocket.pdb,data/refined_set\1ajq\1ajq_ligand.mol2,mol2,True,,refined
1ajv,data/refined_set\1ajv\1ajv_protein.pdb,data/refined_set\1ajv\1ajv_pocket.pdb,data/refined_set\1ajv\1ajv_ligand.mol2,mol2,True,,refined
1ajx,data/refined_set\1ajx\1ajx_protein.pdb,data/refined_set\1ajx\1ajx_pocket.pdb,data/refined_set\1ajx\1ajx_ligand.mol2,mol2,True,,refined
1alw,data/refined_set\1alw\1alw_protein.pdb,data/refined_set\1alw\1alw_pocket.pdb,data/refined_set\1alw\1alw_ligand.mol2,mol2,True,,refined
1amk,data/refined_set\1amk\1amk_protein.pdb,data/refined_set\1amk\1amk_pocket.pdb,data/refined_set\1amk\1amk_ligand.mol2,mol2,True,,refined
1amw,data/refined_set\1amw\1amw_protein.pdb,data/refined_set\1amw\1amw_pocket.pdb,data/refined_set\1amw\1amw_ligand.mol2,mol2,True,,refined
1apv,data/refined_set\1apv\1apv_protein.pdb,data/refined_set\1apv\1apv_pocket.pdb,data/refined_set\1apv\1apv_ligand.mol2,mol2,True,,refined
1atl,data/refined_set\1atl\1atl_protein.pdb,data/refined_set\1atl\1atl_pocket.pdb,data/refined_set\1atl\1atl_ligand.mol2,mol2,True,,refined
1atr,data/refined_set\1atr\1atr_protein.pdb,data/refined_set\1atr\1atr_pocket.pdb,data/refined_set\1atr\1atr_ligand.mol2,mol2,True,,refined
1avn,data/refined_set\1avn\1avn_protein.pdb,data/refined_set\1avn\1avn_pocket.pdb,data/refined_set\1avn\1avn_ligand.mol2,mol2,True,,refined
1ax0,data/refined_set\1ax0\1ax0_protein.pdb,data/refined_set\1ax0\1ax0_pocket.pdb,data/refined_set\1ax0\1ax0_ligand.mol2,mol2,True,,refined
1azm,data/refined_set\1azm\1azm_protein.pdb,data/refined_set\1azm\1azm_pocket.pdb,data/refined_set\1azm\1azm_ligand.mol2,mol2,True,,refined
1b05,data/refined_set\1b05\1b05_protein.pdb,data/refined_set\1b05\1b05_pocket.pdb,data/refined_set\1b05\1b05_ligand.mol2,mol2,True,,refined
1b0h,data/refined_set\1b0h\1b0h_protein.pdb,data/refined_set\1b0h\1b0h_pocket.pdb,data/refined_set\1b0h\1b0h_ligand.mol2,mol2,True,,refined
1b1h,data/refined_set\1b1h\1b1h_protein.pdb,data/refined_set\1b1h\1b1h_pocket.pdb,data/refined_set\1b1h\1b1h_ligand.mol2,mol2,True,,refined
1b2h,data/refined_set\1b2h\1b2h_protein.pdb,data/refined_set\1b2h\1b2h_pocket.pdb,data/refined_set\1b2h\1b2h_ligand.mol2,mol2,True,,refined
1b32,data/refined_set\1b32\1b32_protein.pdb,data/refined_set\1b32\1b32_pocket.pdb,data/refined_set\1b32\1b32_ligand.mol2,mol2,True,,refined
1b38,data/refined_set\1b38\1b38_protein.pdb,data/refined_set\1b38\1b38_pocket.pdb,data/refined_set\1b38\1b38_ligand.mol2,mol2,True,,refined
1b3f,data/refined_set\1b3f\1b3f_protein.pdb,data/refined_set\1b3f\1b3f_pocket.pdb,data/refined_set\1b3f\1b3f_ligand.mol2,mol2,True,,refined
1b3g,data/refined_set\1b3g\1b3g_protein.pdb,data/refined_set\1b3g\1b3g_pocket.pdb,data/refined_set\1b3g\1b3g_ligand.mol2,mol2,True,,refined
1b3h,data/refined_set\1b3h\1b3h_protein.pdb,data/refined_set\1b3h\1b3h_pocket.pdb,data/refined_set\1b3h\1b3h_ligand.mol2,mol2,True,,refined
1b3l,data/refined_set\1b3l\1b3l_protein.pdb,data/refined_set\1b3l\1b3l_pocket.pdb,data/refined_set\1b3l\1b3l_ligand.mol2,mol2,True,,refined
1b40,data/refined_set\1b40\1b40_protein.pdb,data/refined_set\1b40\1b40_pocket.pdb,data/refined_set\1b40\1b40_ligand.mol2,mol2,True,,refined
1b46,data/refined_set\1b46\1b46_protein.pdb,data/refined_set\1b46\1b46_pocket.pdb,data/refined_set\1b46\1b46_ligand.mol2,mol2,True,,refined
1b4h,data/refined_set\1b4h\1b4h_protein.pdb,data/refined_set\1b4h\1b4h_pocket.pdb,data/refined_set\1b4h\1b4h_ligand.mol2,mol2,True,,refined
1b4z,data/refined_set\1b4z\1b4z_protein.pdb,data/refined_set\1b4z\1b4z_pocket.pdb,data/refined_set\1b4z\1b4z_ligand.mol2,mol2,True,,refined
1b51,data/refined_set\1b51\1b51_protein.pdb,data/refined_set\1b51\1b51_pocket.pdb,data/refined_set\1b51\1b51_ligand.mol2,mol2,True,,refined
1b52,data/refined_set\1b52\1b52_protein.pdb,data/refined_set\1b52\1b52_pocket.pdb,data/refined_set\1b52\1b52_ligand.mol2,mol2,True,,refined
1b55,data/refined_set\1b55\1b55_protein.pdb,data/refined_set\1b55\1b55_pocket.pdb,data/refined_set\1b55\1b55_ligand.mol2,mol2,True,,refined
1b57,data/refined_set\1b57\1b57_protein.pdb,data/refined_set\1b57\1b57_pocket.pdb,data/refined_set\1b57\1b57_ligand.mol2,mol2,True,,refined
1b58,data/refined_set\1b58\1b58_protein.pdb,data/refined_set\1b58\1b58_pocket.pdb,data/refined_set\1b58\1b58_ligand.mol2,mol2,True,,refined
1b5h,data/refined_set\1b5h\1b5h_protein.pdb,data/refined_set\1b5h\1b5h_pocket.pdb,data/refined_set\1b5h\1b5h_ligand.mol2,mol2,True,,refined
1b5i,data/refined_set\1b5i\1b5i_protein.pdb,data/refined_set\1b5i\1b5i_pocket.pdb,data/refined_set\1b5i\1b5i_ligand.mol2,mol2,True,,refined
1b5j,data/refined_set\1b5j\1b5j_protein.pdb,data/refined_set\1b5j\1b5j_pocket.pdb,data/refined_set\1b5j\1b5j_ligand.mol2,mol2,True,,refined
1b6h,data/refined_set\1b6h\1b6h_protein.pdb,data/refined_set\1b6h\1b6h_pocket.pdb,data/refined_set\1b6h\1b6h_ligand.mol2,mol2,True,,refined
1b6j,data/refined_set\1b6j\1b6j_protein.pdb,data/refined_set\1b6j\1b6j_pocket.pdb,data/refined_set\1b6j\1b6j_ligand.mol2,mol2,True,,refined
1b6k,data/refined_set\1b6k\1b6k_protein.pdb,data/refined_set\1b6k\1b6k_pocket.pdb,data/refined_set\1b6k\1b6k_ligand.mol2,mol2,True,,refined
1b6l,data/refined_set\1b6l\1b6l_protein.pdb,data/refined_set\1b6l\1b6l_pocket.pdb,data/refined_set\1b6l\1b6l_ligand.mol2,mol2,True,,refined
1b7h,data/refined_set\1b7h\1b7h_protein.pdb,data/refined_set\1b7h\1b7h_pocket.pdb,data/refined_set\1b7h\1b7h_ligand.mol2,mol2,True,,refined
1b8n,data/refined_set\1b8n\1b8n_protein.pdb,data/refined_set\1b8n\1b8n_pocket.pdb,data/refined_set\1b8n\1b8n_ligand.mol2,mol2,True,,refined
1b8o,data/refined_set\1b8o\1b8o_protein.pdb,data/refined_set\1b8o\1b8o_pocket.pdb,data/refined_set\1b8o\1b8o_ligand.mol2,mol2,True,,refined
1b8y,data/refined_set\1b8y\1b8y_protein.pdb,data/refined_set\1b8y\1b8y_pocket.pdb,data/refined_set\1b8y\1b8y_ligand.mol2,mol2,True,,refined
1b9j,data/refined_set\1b9j\1b9j_protein.pdb,data/refined_set\1b9j\1b9j_pocket.pdb,data/refined_set\1b9j\1b9j_ligand.mol2,mol2,True,,refined
1bai,data/refined_set\1bai\1bai_protein.pdb,data/refined_set\1bai\1bai_pocket.pdb,data/refined_set\1bai\1bai_ligand.mol2,mol2,True,,refined
1bcd,data/refined_set\1bcd\1bcd_protein.pdb,data/refined_set\1bcd\1bcd_pocket.pdb,data/refined_set\1bcd\1bcd_ligand.mol2,mol2,True,,refined
1bcu,data/refined_set\1bcu\1bcu_protein.pdb,data/refined_set\1bcu\1bcu_pocket.pdb,data/refined_set\1bcu\1bcu_ligand.mol2,mol2,True,,refined
1bdq,data/refined_set\1bdq\1bdq_protein.pdb,data/refined_set\1bdq\1bdq_pocket.pdb,data/refined_set\1bdq\1bdq_ligand.mol2,mol2,True,,refined
1bgq,data/refined_set\1bgq\1bgq_protein.pdb,data/refined_set\1bgq\1bgq_pocket.pdb,data/refined_set\1bgq\1bgq_ligand.mol2,mol2,True,,refined
1bhf,data/refined_set\1bhf\1bhf_protein.pdb,data/refined_set\1bhf\1bhf_pocket.pdb,data/refined_set\1bhf\1bhf_ligand.mol2,mol2,True,,refined
1bhx,data/refined_set\1bhx\1bhx_protein.pdb,data/refined_set\1bhx\1bhx_pocket.pdb,data/refined_set\1bhx\1bhx_ligand.mol2,mol2,True,,refined
1bju,data/refined_set\1bju\1bju_protein.pdb,data/refined_set\1bju\1bju_pocket.pdb,data/refined_set\1bju\1bju_ligand.mol2,mol2,True,,refined
1bjv,data/refined_set\1bjv\1bjv_protein.pdb,data/refined_set\1bjv\1bjv_pocket.pdb,data/refined_set\1bjv\1bjv_ligand.mol2,mol2,True,,refined
1bm7,data/refined_set\1bm7\1bm7_protein.pdb,data/refined_set\1bm7\1bm7_pocket.pdb,data/refined_set\1bm7\1bm7_ligand.mol2,mol2,True,,refined
1bma,data/refined_set\1bma\1bma_protein.pdb,data/refined_set\1bma\1bma_pocket.pdb,data/refined_set\1bma\1bma_ligand.mol2,mol2,True,,refined
1bn1,data/refined_set\1bn1\1bn1_protein.pdb,data/refined_set\1bn1\1bn1_pocket.pdb,data/refined_set\1bn1\1bn1_ligand.mol2,mol2,True,,refined
1bn3,data/refined_set\1bn3\1bn3_protein.pdb,data/refined_set\1bn3\1bn3_pocket.pdb,data/refined_set\1bn3\1bn3_ligand.mol2,mol2,True,,refined
1bn4,data/refined_set\1bn4\1bn4_protein.pdb,data/refined_set\1bn4\1bn4_pocket.pdb,data/refined_set\1bn4\1bn4_ligand.mol2,mol2,True,,refined
1bnn,data/refined_set\1bnn\1bnn_protein.pdb,data/refined_set\1bnn\1bnn_pocket.pdb,data/refined_set\1bnn\1bnn_ligand.mol2,mol2,True,,refined
1bnq,data/refined_set\1bnq\1bnq_protein.pdb,data/refined_set\1bnq\1bnq_pocket.pdb,data/refined_set\1bnq\1bnq_ligand.mol2,mol2,True,,refined
1bnt,data/refined_set\1bnt\1bnt_protein.pdb,data/refined_set\1bnt\1bnt_pocket.pdb,data/refined_set\1bnt\1bnt_ligand.mol2,mol2,True,,refined
1bnu,data/refined_set\1bnu\1bnu_protein.pdb,data/refined_set\1bnu\1bnu_pocket.pdb,data/refined_set\1bnu\1bnu_ligand.mol2,mol2,True,,refined
1bnv,data/refined_set\1bnv\1bnv_protein.pdb,data/refined_set\1bnv\1bnv_pocket.pdb,data/refined_set\1bnv\1bnv_ligand.mol2,mol2,True,,refined
1bnw,data/refined_set\1bnw\1bnw_protein.pdb,data/refined_set\1bnw\1bnw_pocket.pdb,data/refined_set\1bnw\1bnw_ligand.mol2,mol2,True,,refined
1bp0,data/refined_set\1bp0\1bp0_protein.pdb,data/refined_set\1bp0\1bp0_pocket.pdb,data/refined_set\1bp0\1bp0_ligand.mol2,mol2,True,,refined
1bq4,data/refined_set\1bq4\1bq4_protein.pdb,data/refined_set\1bq4\1bq4_pocket.pdb,data/refined_set\1bq4\1bq4_ligand.mol2,mol2,True,,refined
1br6,data/refined_set\1br6\1br6_protein.pdb,data/refined_set\1br6\1br6_pocket.pdb,data/refined_set\1br6\1br6_ligand.mol2,mol2,True,,refined
1bty,data/refined_set\1bty\1bty_protein.pdb,data/refined_set\1bty\1bty_pocket.pdb,data/refined_set\1bty\1bty_ligand.mol2,mol2,True,,refined
1bv7,data/refined_set\1bv7\1bv7_protein.pdb,data/refined_set\1bv7\1bv7_pocket.pdb,data/refined_set\1bv7\1bv7_ligand.mol2,mol2,True,,refined
1bv9,data/refined_set\1bv9\1bv9_protein.pdb,data/refined_set\1bv9\1bv9_pocket.pdb,data/refined_set\1bv9\1bv9_ligand.mol2,mol2,True,,refined
1bwa,data/refined_set\1bwa\1bwa_protein.pdb,data/refined_set\1bwa\1bwa_pocket.pdb,data/refined_set\1bwa\1bwa_ligand.mol2,mol2,True,,refined
1bwb,data/refined_set\1bwb\1bwb_protein.pdb,data/refined_set\1bwb\1bwb_pocket.pdb,data/refined_set\1bwb\1bwb_ligand.mol2,mol2,True,,refined
1bxo,data/refined_set\1bxo\1bxo_protein.pdb,data/refined_set\1bxo\1bxo_pocket.pdb,data/refined_set\1bxo\1bxo_ligand.mol2,mol2,True,,refined
1bxq,data/refined_set\1bxq\1bxq_protein.pdb,data/refined_set\1bxq\1bxq_pocket.pdb,data/refined_set\1bxq\1bxq_ligand.mol2,mol2,True,,refined
1bxr,data/refined_set\1bxr\1bxr_protein.pdb,data/refined_set\1bxr\1bxr_pocket.pdb,data/refined_set\1bxr\1bxr_ligand.mol2,mol2,True,,refined
1bzc,data/refined_set\1bzc\1bzc_protein.pdb,data/refined_set\1bzc\1bzc_pocket.pdb,data/refined_set\1bzc\1bzc_ligand.mol2,mol2,True,,refined
1bzj,data/refined_set\1bzj\1bzj_protein.pdb,data/refined_set\1bzj\1bzj_pocket.pdb,data/refined_set\1bzj\1bzj_ligand.mol2,mol2,True,,refined
1bzy,data/refined_set\1bzy\1bzy_protein.pdb,data/refined_set\1bzy\1bzy_pocket.pdb,data/refined_set\1bzy\1bzy_ligand.mol2,mol2,True,,refined
1c1r,data/refined_set\1c1r\1c1r_protein.pdb,data/refined_set\1c1r\1c1r_pocket.pdb,data/refined_set\1c1r\1c1r_ligand.mol2,mol2,True,,refined
1c1u,data/refined_set\1c1u\1c1u_protein.pdb,data/refined_set\1c1u\1c1u_pocket.pdb,data/refined_set\1c1u\1c1u_ligand.mol2,mol2,True,,refined
1c1v,data/refined_set\1c1v\1c1v_protein.pdb,data/refined_set\1c1v\1c1v_pocket.pdb,data/refined_set\1c1v\1c1v_ligand.mol2,mol2,True,,refined
1c3x,data/refined_set\1c3x\1c3x_protein.pdb,data/refined_set\1c3x\1c3x_pocket.pdb,data/refined_set\1c3x\1c3x_ligand.mol2,mol2,True,,refined
1c4u,data/refined_set\1c4u\1c4u_protein.pdb,data/refined_set\1c4u\1c4u_pocket.pdb,data/refined_set\1c4u\1c4u_ligand.mol2,mol2,True,,refined
1c5c,data/refined_set\1c5c\1c5c_protein.pdb,data/refined_set\1c5c\1c5c_pocket.pdb,data/refined_set\1c5c\1c5c_ligand.mol2,mol2,True,,refined
1c5n,data/refined_set\1c5n\1c5n_protein.pdb,data/refined_set\1c5n\1c5n_pocket.pdb,data/refined_set\1c5n\1c5n_ligand.mol2,mol2,True,,refined
1c5o,data/refined_set\1c5o\1c5o_protein.pdb,data/refined_set\1c5o\1c5o_pocket.pdb,data/refined_set\1c5o\1c5o_ligand.mol2,mol2,True,,refined
1c5p,data/refined_set\1c5p\1c5p_protein.pdb,data/refined_set\1c5p\1c5p_pocket.pdb,data/refined_set\1c5p\1c5p_ligand.mol2,mol2,True,,refined
1c5q,data/refined_set\1c5q\1c5q_protein.pdb,data/refined_set\1c5q\1c5q_pocket.pdb,data/refined_set\1c5q\1c5q_ligand.mol2,mol2,True,,refined
1c5s,data/refined_set\1c5s\1c5s_protein.pdb,data/refined_set\1c5s\1c5s_pocket.pdb,data/refined_set\1c5s\1c5s_ligand.mol2,mol2,True,,refined
1c5t,data/refined_set\1c5t\1c5t_protein.pdb,data/refined_set\1c5t\1c5t_pocket.pdb,data/refined_set\1c5t\1c5t_ligand.mol2,mol2,True,,refined
1c5x,data/refined_set\1c5x\1c5x_protein.pdb,data/refined_set\1c5x\1c5x_pocket.pdb,data/refined_set\1c5x\1c5x_ligand.mol2,mol2,True,,refined
1c5y,data/refined_set\1c5y\1c5y_protein.pdb,data/refined_set\1c5y\1c5y_pocket.pdb,data/refined_set\1c5y\1c5y_ligand.mol2,mol2,True,,refined
1c70,data/refined_set\1c70\1c70_protein.pdb,data/refined_set\1c70\1c70_pocket.pdb,data/refined_set\1c70\1c70_ligand.mol2,mol2,True,,refined
1c83,data/refined_set\1c83\1c83_protein.pdb,data/refined_set\1c83\1c83_pocket.pdb,data/refined_set\1c83\1c83_ligand.mol2,mol2,True,,refined
1c84,data/refined_set\1c84\1c84_protein.pdb,data/refined_set\1c84\1c84_pocket.pdb,data/refined_set\1c84\1c84_ligand.mol2,mol2,True,,refined
1c86,data/refined_set\1c86\1c86_protein.pdb,data/refined_set\1c86\1c86_pocket.pdb,data/refined_set\1c86\1c86_ligand.mol2,mol2,True,,refined
1c87,data/refined_set\1c87\1c87_protein.pdb,data/refined_set\1c87\1c87_pocket.pdb,data/refined_set\1c87\1c87_ligand.mol2,mol2,True,,refined
1c88,data/refined_set\1c88\1c88_protein.pdb,data/refined_set\1c88\1c88_pocket.pdb,data/refined_set\1c88\1c88_ligand.mol2,mol2,True,,refined
1cbx,data/refined_set\1cbx\1cbx_protein.pdb,data/refined_set\1cbx\1cbx_pocket.pdb,data/refined_set\1cbx\1cbx_ligand.mol2,mol2,True,,refined
1ceb,data/refined_set\1ceb\1ceb_protein.pdb,data/refined_set\1ceb\1ceb_pocket.pdb,data/refined_set\1ceb\1ceb_ligand.mol2,mol2,True,,refined
1cet,data/refined_set\1cet\1cet_protein.pdb,data/refined_set\1cet\1cet_pocket.pdb,data/refined_set\1cet\1cet_ligand.mol2,mol2,True,,refined
1cgl,data/refined_set\1cgl\1cgl_protein.pdb,data/refined_set\1cgl\1cgl_pocket.pdb,data/refined_set\1cgl\1cgl_ligand.mol2,mol2,True,,refined
1ciz,data/refined_set\1ciz\1ciz_protein.pdb,data/refined_set\1ciz\1ciz_pocket.pdb,data/refined_set\1ciz\1ciz_ligand.mol2,mol2,True,,refined
1cnw,data/refined_set\1cnw\1cnw_protein.pdb,data/refined_set\1cnw\1cnw_pocket.pdb,data/refined_set\1cnw\1cnw_ligand.mol2,mol2,True,,refined
1cnx,data/refined_set\1cnx\1cnx_protein.pdb,data/refined_set\1cnx\1cnx_pocket.pdb,data/refined_set\1cnx\1cnx_ligand.mol2,mol2,True,,refined
1cny,data/refined_set\1cny\1cny_protein.pdb,data/refined_set\1cny\1cny_pocket.pdb,data/refined_set\1cny\1cny_ligand.mol2,mol2,True,,refined
1cps,data/refined_set\1cps\1cps_protein.pdb,data/refined_set\1cps\1cps_pocket.pdb,data/refined_set\1cps\1cps_ligand.mol2,mol2,True,,refined
1ctt,data/refined_set\1ctt\1ctt_protein.pdb,data/refined_set\1ctt\1ctt_pocket.pdb,data/refined_set\1ctt\1ctt_ligand.mol2,mol2,True,,refined
1ctu,data/refined_set\1ctu\1ctu_protein.pdb,data/refined_set\1ctu\1ctu_pocket.pdb,data/refined_set\1ctu\1ctu_ligand.mol2,mol2,True,,refined
1d09,data/refined_set\1d09\1d09_protein.pdb,data/refined_set\1d09\1d09_pocket.pdb,data/refined_set\1d09\1d09_ligand.mol2,mol2,True,,refined
1d2e,data/refined_set\1d2e\1d2e_protein.pdb,data/refined_set\1d2e\1d2e_pocket.pdb,data/refined_set\1d2e\1d2e_ligand.mol2,mol2,True,,refined
1d3d,data/refined_set\1d3d\1d3d_protein.pdb,data/refined_set\1d3d\1d3d_pocket.pdb,data/refined_set\1d3d\1d3d_ligand.mol2,mol2,True,,refined
1d3p,data/refined_set\1d3p\1d3p_protein.pdb,data/refined_set\1d3p\1d3p_pocket.pdb,data/refined_set\1d3p\1d3p_ligand.mol2,mol2,True,,refined
1d4h,data/refined_set\1d4h\1d4h_protein.pdb,data/refined_set\1d4h\1d4h_pocket.pdb,data/refined_set\1d4h\1d4h_ligand.mol2,mol2,True,,refined
1d4i,data/refined_set\1d4i\1d4i_protein.pdb,data/refined_set\1d4i\1d4i_pocket.pdb,data/refined_set\1d4i\1d4i_ligand.mol2,mol2,True,,refined
1d4j,data/refined_set\1d4j\1d4j_protein.pdb,data/refined_set\1d4j\1d4j_pocket.pdb,data/refined_set\1d4j\1d4j_ligand.mol2,mol2,True,,refined
1d4k,data/refined_set\1d4k\1d4k_protein.pdb,data/refined_set\1d4k\1d4k_pocket.pdb,data/refined_set\1d4k\1d4k_ligand.mol2,mol2,True,,refined
1d4l,data/refined_set\1d4l\1d4l_protein.pdb,data/refined_set\1d4l\1d4l_pocket.pdb,data/refined_set\1d4l\1d4l_ligand.mol2,mol2,True,,refined
1d4p,data/refined_set\1d4p\1d4p_protein.pdb,data/refined_set\1d4p\1d4p_pocket.pdb,data/refined_set\1d4p\1d4p_ligand.mol2,mol2,True,,refined
1d4y,data/refined_set\1d4y\1d4y_protein.pdb,data/refined_set\1d4y\1d4y_pocket.pdb,data/refined_set\1d4y\1d4y_ligand.mol2,mol2,True,,refined
1d6v,data/refined_set\1d6v\1d6v_protein.pdb,data/refined_set\1d6v\1d6v_pocket.pdb,data/refined_set\1d6v\1d6v_ligand.mol2,mol2,True,,refined
1d6w,data/refined_set\1d6w\1d6w_protein.pdb,data/refined_set\1d6w\1d6w_pocket.pdb,data/refined_set\1d6w\1d6w_ligand.mol2,mol2,True,,refined
1d7i,data/refined_set\1d7i\1d7i_protein.pdb,data/refined_set\1d7i\1d7i_pocket.pdb,data/refined_set\1d7i\1d7i_ligand.mol2,mol2,True,,refined
1d7j,data/refined_set\1d7j\1d7j_protein.pdb,data/refined_set\1d7j\1d7j_pocket.pdb,data/refined_set\1d7j\1d7j_ligand.mol2,mol2,True,,refined
1d9i,data/refined_set\1d9i\1d9i_protein.pdb,data/refined_set\1d9i\1d9i_pocket.pdb,data/refined_set\1d9i\1d9i_ligand.mol2,mol2,True,,refined
1dar,data/refined_set\1dar\1dar_protein.pdb,data/refined_set\1dar\1dar_pocket.pdb,data/refined_set\1dar\1dar_ligand.mol2,mol2,True,,refined
1det,data/refined_set\1det\1det_protein.pdb,data/refined_set\1det\1det_pocket.pdb,data/refined_set\1det\1det_ligand.mol2,mol2,True,,refined
1df8,data/refined_set\1df8\1df8_protein.pdb,data/refined_set\1df8\1df8_pocket.pdb,data/refined_set\1df8\1df8_ligand.mol2,mol2,True,,refined
1dgm,data/refined_set\1dgm\1dgm_protein.pdb,data/refined_set\1dgm\1dgm_pocket.pdb,data/refined_set\1dgm\1dgm_ligand.mol2,mol2,True,,refined
1dhi,data/refined_set\1dhi\1dhi_protein.pdb,data/refined_set\1dhi\1dhi_pocket.pdb,data/refined_set\1dhi\1dhi_ligand.mol2,mol2,True,,refined
1dhj,data/refined_set\1dhj\1dhj_protein.pdb,data/refined_set\1dhj\1dhj_pocket.pdb,data/refined_set\1dhj\1dhj_ligand.mol2,mol2,True,,refined
1dif,data/refined_set\1dif\1dif_protein.pdb,data/refined_set\1dif\1dif_pocket.pdb,data/refined_set\1dif\1dif_ligand.mol2,mol2,True,,refined
1dl7,data/refined_set\1dl7\1dl7_protein.pdb,data/refined_set\1dl7\1dl7_pocket.pdb,data/refined_set\1dl7\1dl7_ligand.mol2,mol2,True,,refined
1dmp,data/refined_set\1dmp\1dmp_protein.pdb,data/refined_set\1dmp\1dmp_pocket.pdb,data/refined_set\1dmp\1dmp_ligand.mol2,mol2,True,,refined
1dqn,data/refined_set\1dqn\1dqn_protein.pdb,data/refined_set\1dqn\1dqn_pocket.pdb,data/refined_set\1dqn\1dqn_ligand.mol2,mol2,True,,refined
1drj,data/refined_set\1drj\1drj_protein.pdb,data/refined_set\1drj\1drj_pocket.pdb,data/refined_set\1drj\1drj_ligand.mol2,mol2,True,,refined
1drk,data/refined_set\1drk\1drk_protein.pdb,data/refined_set\1drk\1drk_pocket.pdb,data/refined_set\1drk\1drk_ligand.mol2,mol2,True,,refined
1drv,data/refined_set\1drv\1drv_protein.pdb,data/refined_set\1drv\1drv_pocket.pdb,data/refined_set\1drv\1drv_ligand.mol2,mol2,True,,refined
1dud,data/refined_set\1dud\1dud_protein.pdb,data/refined_set\1dud\1dud_pocket.pdb,data/refined_set\1dud\1dud_ligand.mol2,mol2,True,,refined
1duv,data/refined_set\1duv\1duv_protein.pdb,data/refined_set\1duv\1duv_pocket.pdb,data/refined_set\1duv\1duv_ligand.mol2,mol2,True,,refined
1dy4,data/refined_set\1dy4\1dy4_protein.pdb,data/refined_set\1dy4\1dy4_pocket.pdb,data/refined_set\1dy4\1dy4_ligand.mol2,mol2,True,,refined
1dzk,data/refined_set\1dzk\1dzk_protein.pdb,data/refined_set\1dzk\1dzk_pocket.pdb,data/refined_set\1dzk\1dzk_ligand.mol2,mol2,True,,refined
1e1v,data/refined_set\1e1v\1e1v_protein.pdb,data/refined_set\1e1v\1e1v_pocket.pdb,data/refined_set\1e1v\1e1v_ligand.mol2,mol2,True,,refined
1e1x,data/refined_set\1e1x\1e1x_protein.pdb,data/refined_set\1e1x\1e1x_pocket.pdb,data/refined_set\1e1x\1e1x_ligand.mol2,mol2,True,,refined
1e2k,data/refined_set\1e2k\1e2k_protein.pdb,data/refined_set\1e2k\1e2k_pocket.pdb,data/refined_set\1e2k\1e2k_ligand.mol2,mol2,True,,refined
1e2l,data/refined_set\1e2l\1e2l_protein.pdb,data/refined_set\1e2l\1e2l_pocket.pdb,data/refined_set\1e2l\1e2l_ligand.mol2,mol2,True,,refined
1e3g,data/refined_set\1e3g\1e3g_protein.pdb,data/refined_set\1e3g\1e3g_pocket.pdb,data/refined_set\1e3g\1e3g_ligand.mol2,mol2,True,,refined
1e3v,data/refined_set\1e3v\1e3v_protein.pdb,data/refined_set\1e3v\1e3v_pocket.pdb,data/refined_set\1e3v\1e3v_ligand.mol2,mol2,True,,refined
1e4h,data/refined_set\1e4h\1e4h_protein.pdb,data/refined_set\1e4h\1e4h_pocket.pdb,data/refined_set\1e4h\1e4h_ligand.mol2,mol2,True,,refined
1e5j,data/refined_set\1e5j\1e5j_protein.pdb,data/refined_set\1e5j\1e5j_pocket.pdb,data/refined_set\1e5j\1e5j_ligand.mol2,mol2,True,,refined
1e66,data/refined_set\1e66\1e66_protein.pdb,data/refined_set\1e66\1e66_pocket.pdb,data/refined_set\1e66\1e66_ligand.mol2,mol2,True,,refined
1e6q,data/refined_set\1e6q\1e6q_protein.pdb,data/refined_set\1e6q\1e6q_pocket.pdb,data/refined_set\1e6q\1e6q_ligand.mol2,mol2,True,,refined
1e6s,data/refined_set\1e6s\1e6s_protein.pdb,data/refined_set\1e6s\1e6s_pocket.pdb,data/refined_set\1e6s\1e6s_ligand.mol2,mol2,True,,refined
1eb2,data/refined_set\1eb2\1eb2_protein.pdb,data/refined_set\1eb2\1eb2_pocket.pdb,data/refined_set\1eb2\1eb2_ligand.mol2,mol2,True,,refined
1ebw,data/refined_set\1ebw\1ebw_protein.pdb,data/refined_set\1ebw\1ebw_pocket.pdb,data/refined_set\1ebw\1ebw_ligand.mol2,mol2,True,,refined
1eby,data/refined_set\1eby\1eby_protein.pdb,data/refined_set\1eby\1eby_pocket.pdb,data/refined_set\1eby\1eby_ligand.mol2,mol2,True,,refined
1ebz,data/refined_set\1ebz\1ebz_protein.pdb,data/refined_set\1ebz\1ebz_pocket.pdb,data/refined_set\1ebz\1ebz_ligand.mol2,mol2,True,,refined
1ec0,data/refined_set\1ec0\1ec0_protein.pdb,data/refined_set\1ec0\1ec0_pocket.pdb,data/refined_set\1ec0\1ec0_ligand.mol2,mol2,True,,refined
1ec1,data/refined_set\1ec1\1ec1_protein.pdb,data/refined_set\1ec1\1ec1_pocket.pdb,data/refined_set\1ec1\1ec1_ligand.mol2,mol2,True,,refined
1ec2,data/refined_set\1ec2\1ec2_protein.pdb,data/refined_set\1ec2\1ec2_pocket.pdb,data/refined_set\1ec2\1ec2_ligand.mol2,mol2,True,,refined
1ec3,data/refined_set\1ec3\1ec3_protein.pdb,data/refined_set\1ec3\1ec3_pocket.pdb,data/refined_set\1ec3\1ec3_ligand.mol2,mol2,True,,refined
1ec9,data/refined_set\1ec9\1ec9_protein.pdb,data/refined_set\1ec9\1ec9_pocket.pdb,data/refined_set\1ec9\1ec9_ligand.mol2,mol2,True,,refined
1ecq,data/refined_set\1ecq\1ecq_protein.pdb,data/refined_set\1ecq\1ecq_pocket.pdb,data/refined_set\1ecq\1ecq_ligand.mol2,mol2,True,,refined
1ecv,data/refined_set\1ecv\1ecv_protein.pdb,data/refined_set\1ecv\1ecv_pocket.pdb,data/refined_set\1ecv\1ecv_ligand.mol2,mol2,True,,refined
1efy,data/refined_set\1efy\1efy_protein.pdb,data/refined_set\1efy\1efy_pocket.pdb,data/refined_set\1efy\1efy_ligand.mol2,mol2,True,,refined
1egh,data/refined_set\1egh\1egh_protein.pdb,data/refined_set\1egh\1egh_pocket.pdb,data/refined_set\1egh\1egh_ligand.mol2,mol2,True,,refined
1ejn,data/refined_set\1ejn\1ejn_protein.pdb,data/refined_set\1ejn\1ejn_pocket.pdb,data/refined_set\1ejn\1ejn_ligand.mol2,mol2,True,,refined
1ela,data/refined_set\1ela\1ela_protein.pdb,data/refined_set\1ela\1ela_pocket.pdb,data/refined_set\1ela\1ela_ligand.mol2,mol2,True,,refined
1elb,data/refined_set\1elb\1elb_protein.pdb,data/refined_set\1elb\1elb_pocket.pdb,data/refined_set\1elb\1elb_ligand.mol2,mol2,True,,refined
1elc,data/refined_set\1elc\1elc_protein.pdb,data/refined_set\1elc\1elc_pocket.pdb,data/refined_set\1elc\1elc_ligand.mol2,mol2,True,,refined
1eld,data/refined_set\1eld\1eld_protein.pdb,data/refined_set\1eld\1eld_pocket.pdb,data/refined_set\1eld\1eld_ligand.mol2,mol2,True,,refined
1ele,data/refined_set\1ele\1ele_protein.pdb,data/refined_set\1ele\1ele_pocket.pdb,data/refined_set\1ele\1ele_ligand.mol2,mol2,True,,refined
1elr,data/refined_set\1elr\1elr_protein.pdb,data/refined_set\1elr\1elr_pocket.pdb,data/refined_set\1elr\1elr_ligand.mol2,mol2,True,,refined
1enu,data/refined_set\1enu\1enu_protein.pdb,data/refined_set\1enu\1enu_pocket.pdb,data/refined_set\1enu\1enu_ligand.mol2,mol2,True,,refined
1eoc,data/refined_set\1eoc\1eoc_protein.pdb,data/refined_set\1eoc\1eoc_pocket.pdb,data/refined_set\1eoc\1eoc_ligand.mol2,mol2,True,,refined
1epo,data/refined_set\1epo\1epo_protein.pdb,data/refined_set\1epo\1epo_pocket.pdb,data/refined_set\1epo\1epo_ligand.mol2,mol2,True,,refined
1erb,data/refined_set\1erb\1erb_protein.pdb,data/refined_set\1erb\1erb_pocket.pdb,data/refined_set\1erb\1erb_ligand.mol2,mol2,True,,refined
1ew8,data/refined_set\1ew8\1ew8_protein.pdb,data/refined_set\1ew8\1ew8_pocket.pdb,data/refined_set\1ew8\1ew8_ligand.mol2,mol2,True,,refined
1ew9,data/refined_set\1ew9\1ew9_protein.pdb,data/refined_set\1ew9\1ew9_pocket.pdb,data/refined_set\1ew9\1ew9_ligand.mol2,mol2,True,,refined
1ex8,data/refined_set\1ex8\1ex8_protein.pdb,data/refined_set\1ex8\1ex8_pocket.pdb,data/refined_set\1ex8\1ex8_ligand.mol2,mol2,True,,refined
1ez9,data/refined_set\1ez9\1ez9_protein.pdb,data/refined_set\1ez9\1ez9_pocket.pdb,data/refined_set\1ez9\1ez9_ligand.mol2,mol2,True,,refined
1ezq,data/refined_set\1ezq\1ezq_protein.pdb,data/refined_set\1ezq\1ezq_pocket.pdb,data/refined_set\1ezq\1ezq_ligand.mol2,mol2,True,,refined
1f0r,data/refined_set\1f0r\1f0r_protein.pdb,data/refined_set\1f0r\1f0r_pocket.pdb,data/refined_set\1f0r\1f0r_ligand.mol2,mol2,True,,refined
1f0s,data/refined_set\1f0s\1f0s_protein.pdb,data/refined_set\1f0s\1f0s_pocket.pdb,data/refined_set\1f0s\1f0s_ligand.mol2,mol2,True,,refined
1f0t,data/refined_set\1f0t\1f0t_protein.pdb,data/refined_set\1f0t\1f0t_pocket.pdb,data/refined_set\1f0t\1f0t_ligand.mol2,mol2,True,,refined
1f0u,data/refined_set\1f0u\1f0u_protein.pdb,data/refined_set\1f0u\1f0u_pocket.pdb,data/refined_set\1f0u\1f0u_ligand.mol2,mol2,True,,refined
1f3e,data/refined_set\1f3e\1f3e_protein.pdb,data/refined_set\1f3e\1f3e_pocket.pdb,data/refined_set\1f3e\1f3e_ligand.mol2,mol2,True,,refined
1f4e,data/refined_set\1f4e\1f4e_protein.pdb,data/refined_set\1f4e\1f4e_pocket.pdb,data/refined_set\1f4e\1f4e_ligand.mol2,mol2,True,,refined
1f4f,data/refined_set\1f4f\1f4f_protein.pdb,data/refined_set\1f4f\1f4f_pocket.pdb,data/refined_set\1f4f\1f4f_ligand.mol2,mol2,True,,refined
1f4g,data/refined_set\1f4g\1f4g_protein.pdb,data/refined_set\1f4g\1f4g_pocket.pdb,data/refined_set\1f4g\1f4g_ligand.mol2,mol2,True,,refined
1f4x,data/refined_set\1f4x\1f4x_protein.pdb,data/refined_set\1f4x\1f4x_pocket.pdb,data/refined_set\1f4x\1f4x_ligand.mol2,mol2,True,,refined
1f57,data/refined_set\1f57\1f57_protein.pdb,data/refined_set\1f57\1f57_pocket.pdb,data/refined_set\1f57\1f57_ligand.mol2,mol2,True,,refined
1f5k,data/refined_set\1f5k\1f5k_protein.pdb,data/refined_set\1f5k\1f5k_pocket.pdb,data/refined_set\1f5k\1f5k_ligand.mol2,mol2,True,,refined
1f5l,data/refined_set\1f5l\1f5l_protein.pdb,data/refined_set\1f5l\1f5l_pocket.pdb,data/refined_set\1f5l\1f5l_ligand.mol2,mol2,True,,refined
1f73,data/refined_set\1f73\1f73_protein.pdb,data/refined_set\1f73\1f73_pocket.pdb,data/refined_set\1f73\1f73_ligand.mol2,mol2,True,,refined
1f74,data/refined_set\1f74\1f74_protein.pdb,data/refined_set\1f74\1f74_pocket.pdb,data/refined_set\1f74\1f74_ligand.mol2,mol2,True,,refined
1f8b,data/refined_set\1f8b\1f8b_protein.pdb,data/refined_set\1f8b\1f8b_pocket.pdb,data/refined_set\1f8b\1f8b_ligand.mol2,mol2,True,,refined
1f8c,data/refined_set\1f8c\1f8c_protein.pdb,data/refined_set\1f8c\1f8c_pocket.pdb,data/refined_set\1f8c\1f8c_ligand.mol2,mol2,True,,refined
1f8d,data/refined_set\1f8d\1f8d_protein.pdb,data/refined_set\1f8d\1f8d_pocket.pdb,data/refined_set\1f8d\1f8d_ligand.mol2,mol2,True,,refined
1f8e,data/refined_set\1f8e\1f8e_protein.pdb,data/refined_set\1f8e\1f8e_pocket.pdb,data/refined_set\1f8e\1f8e_ligand.mol2,mol2,True,,refined
1fao,data/refined_set\1fao\1fao_protein.pdb,data/refined_set\1fao\1fao_pocket.pdb,data/refined_set\1fao\1fao_ligand.mol2,mol2,True,,refined
1fch,data/refined_set\1fch\1fch_protein.pdb,data/refined_set\1fch\1fch_pocket.pdb,data/refined_set\1fch\1fch_ligand.mol2,mol2,True,,refined
1fcx,data/refined_set\1fcx\1fcx_protein.pdb,data/refined_set\1fcx\1fcx_pocket.pdb,data/refined_set\1fcx\1fcx_ligand.mol2,mol2,True,,refined
1fcy,data/refined_set\1fcy\1fcy_protein.pdb,data/refined_set\1fcy\1fcy_pocket.pdb,data/refined_set\1fcy\1fcy_ligand.mol2,mol2,True,,refined
1fcz,data/refined_set\1fcz\1fcz_protein.pdb,data/refined_set\1fcz\1fcz_pocket.pdb,data/refined_set\1fcz\1fcz_ligand.mol2,mol2,True,,refined
1fd0,data/refined_set\1fd0\1fd0_protein.pdb,data/refined_set\1fd0\1fd0_pocket.pdb,data/refined_set\1fd0\1fd0_ligand.mol2,mol2,True,,refined
1fh7,data/refined_set\1fh7\1fh7_protein.pdb,data/refined_set\1fh7\1fh7_pocket.pdb,data/refined_set\1fh7\1fh7_ligand.mol2,mol2,True,,refined
1fh8,data/refined_set\1fh8\1fh8_protein.pdb,data/refined_set\1fh8\1fh8_pocket.pdb,data/refined_set\1fh8\1fh8_ligand.mol2,mol2,True,,refined
1fh9,data/refined_set\1fh9\1fh9_protein.pdb,data/refined_set\1fh9\1fh9_pocket.pdb,data/refined_set\1fh9\1fh9_ligand.mol2,mol2,True,,refined
1fhd,data/refined_set\1fhd\1fhd_protein.pdb,data/refined_set\1fhd\1fhd_pocket.pdb,data/refined_set\1fhd\1fhd_ligand.mol2,mol2,True,,refined
1fiv,data/refined_set\1fiv\1fiv_protein.pdb,data/refined_set\1fiv\1fiv_pocket.pdb,data/refined_set\1fiv\1fiv_ligand.mol2,mol2,True,,refined
1fjs,data/refined_set\1fjs\1fjs_protein.pdb,data/refined_set\1fjs\1fjs_pocket.pdb,data/refined_set\1fjs\1fjs_ligand.mol2,mol2,True,,refined
1fkb,data/refined_set\1fkb\1fkb_protein.pdb,data/refined_set\1fkb\1fkb_pocket.pdb,data/refined_set\1fkb\1fkb_ligand.mol2,mol2,True,,refined
1fkf,data/refined_set\1fkf\1fkf_protein.pdb,data/refined_set\1fkf\1fkf_pocket.pdb,data/refined_set\1fkf\1fkf_ligand.mol2,mol2,True,,refined
1fkg,data/refined_set\1fkg\1fkg_protein.pdb,data/refined_set\1fkg\1fkg_pocket.pdb,data/refined_set\1fkg\1fkg_ligand.mol2,mol2,True,,refined
1fkh,data/refined_set\1fkh\1fkh_protein.pdb,data/refined_set\1fkh\1fkh_pocket.pdb,data/refined_set\1fkh\1fkh_ligand.mol2,mol2,True,,refined
1fki,data/refined_set\1fki\1fki_protein.pdb,data/refined_set\1fki\1fki_pocket.pdb,data/refined_set\1fki\1fki_ligand.mol2,mol2,True,,refined
1fkn,data/refined_set\1fkn\1fkn_protein.pdb,data/refined_set\1fkn\1fkn_pocket.pdb,data/refined_set\1fkn\1fkn_ligand.mol2,mol2,True,,refined
1fkw,data/refined_set\1fkw\1fkw_protein.pdb,data/refined_set\1fkw\1fkw_pocket.pdb,data/refined_set\1fkw\1fkw_ligand.mol2,mol2,True,,refined
1fl3,data/refined_set\1fl3\1fl3_protein.pdb,data/refined_set\1fl3\1fl3_pocket.pdb,data/refined_set\1fl3\1fl3_ligand.mol2,mol2,True,,refined
1flr,data/refined_set\1flr\1flr_protein.pdb,data/refined_set\1flr\1flr_pocket.pdb,data/refined_set\1flr\1flr_ligand.mol2,mol2,True,,refined
1fm9,data/refined_set\1fm9\1fm9_protein.pdb,data/refined_set\1fm9\1fm9_pocket.pdb,data/refined_set\1fm9\1fm9_ligand.mol2,mol2,True,,refined
1fo0,data/refined_set\1fo0\1fo0_protein.pdb,data/refined_set\1fo0\1fo0_pocket.pdb,data/refined_set\1fo0\1fo0_ligand.mol2,mol2,True,,refined
1fpc,data/refined_set\1fpc\1fpc_protein.pdb,data/refined_set\1fpc\1fpc_pocket.pdb,data/refined_set\1fpc\1fpc_ligand.mol2,mol2,True,,refined
1fq5,data/refined_set\1fq5\1fq5_protein.pdb,data/refined_set\1fq5\1fq5_pocket.pdb,data/refined_set\1fq5\1fq5_ligand.mol2,mol2,True,,refined
1ft7,data/refined_set\1ft7\1ft7_protein.pdb,data/refined_set\1ft7\1ft7_pocket.pdb,data/refined_set\1ft7\1ft7_ligand.mol2,mol2,True,,refined
1ftm,data/refined_set\1ftm\1ftm_protein.pdb,data/refined_set\1ftm\1ftm_pocket.pdb,data/refined_set\1ftm\1ftm_ligand.mol2,mol2,True,,refined
1fv0,data/refined_set\1fv0\1fv0_protein.pdb,data/refined_set\1fv0\1fv0_pocket.pdb,data/refined_set\1fv0\1fv0_ligand.mol2,mol2,True,,refined
1fzj,data/refined_set\1fzj\1fzj_protein.pdb,data/refined_set\1fzj\1fzj_pocket.pdb,data/refined_set\1fzj\1fzj_ligand.mol2,mol2,True,,refined
1fzk,data/refined_set\1fzk\1fzk_protein.pdb,data/refined_set\1fzk\1fzk_pocket.pdb,data/refined_set\1fzk\1fzk_ligand.mol2,mol2,True,,refined
1fzm,data/refined_set\1fzm\1fzm_protein.pdb,data/refined_set\1fzm\1fzm_pocket.pdb,data/refined_set\1fzm\1fzm_ligand.mol2,mol2,True,,refined
1fzo,data/refined_set\1fzo\1fzo_protein.pdb,data/refined_set\1fzo\1fzo_pocket.pdb,data/refined_set\1fzo\1fzo_ligand.mol2,mol2,True,,refined
1fzq,data/refined_set\1fzq\1fzq_protein.pdb,data/refined_set\1fzq\1fzq_pocket.pdb,data/refined_set\1fzq\1fzq_ligand.mol2,mol2,True,,refined
1g1d,data/refined_set\1g1d\1g1d_protein.pdb,data/refined_set\1g1d\1g1d_pocket.pdb,data/refined_set\1g1d\1g1d_ligand.mol2,mol2,True,,refined
1g2k,data/refined_set\1g2k\1g2k_protein.pdb,data/refined_set\1g2k\1g2k_pocket.pdb,data/refined_set\1g2k\1g2k_ligand.mol2,mol2,True,,refined
1g2l,data/refined_set\1g2l\1g2l_protein.pdb,data/refined_set\1g2l\1g2l_pocket.pdb,data/refined_set\1g2l\1g2l_ligand.mol2,mol2,True,,refined
1g2o,data/refined_set\1g2o\1g2o_protein.pdb,data/refined_set\1g2o\1g2o_pocket.pdb,data/refined_set\1g2o\1g2o_ligand.mol2,mol2,True,,refined
1g30,data/refined_set\1g30\1g30_protein.pdb,data/refined_set\1g30\1g30_pocket.pdb,data/refined_set\1g30\1g30_ligand.mol2,mol2,True,,refined
1g32,data/refined_set\1g32\1g32_protein.pdb,data/refined_set\1g32\1g32_pocket.pdb,data/refined_set\1g32\1g32_ligand.mol2,mol2,True,,refined
1g35,data/refined_set\1g35\1g35_protein.pdb,data/refined_set\1g35\1g35_pocket.pdb,data/refined_set\1g35\1g35_ligand.mol2,mol2,True,,refined
1g36,data/refined_set\1g36\1g36_protein.pdb,data/refined_set\1g36\1g36_pocket.pdb,data/refined_set\1g36\1g36_ligand.mol2,mol2,True,,refined
1g3d,data/refined_set\1g3d\1g3d_protein.pdb,data/refined_set\1g3d\1g3d_pocket.pdb,data/refined_set\1g3d\1g3d_ligand.mol2,mol2,True,,refined
1g3e,data/refined_set\1g3e\1g3e_protein.pdb,data/refined_set\1g3e\1g3e_pocket.pdb,data/refined_set\1g3e\1g3e_ligand.mol2,mol2,True,,refined
1g45,data/refined_set\1g45\1g45_protein.pdb,data/refined_set\1g45\1g45_pocket.pdb,data/refined_set\1g45\1g45_ligand.mol2,mol2,True,,refined
1g46,data/refined_set\1g46\1g46_protein.pdb,data/refined_set\1g46\1g46_pocket.pdb,data/refined_set\1g46\1g46_ligand.mol2,mol2,True,,refined
1g48,data/refined_set\1g48\1g48_protein.pdb,data/refined_set\1g48\1g48_pocket.pdb,data/refined_set\1g48\1g48_ligand.mol2,mol2,True,,refined
1g4o,data/refined_set\1g4o\1g4o_protein.pdb,data/refined_set\1g4o\1g4o_pocket.pdb,data/refined_set\1g4o\1g4o_ligand.mol2,mol2,True,,refined
1g52,data/refined_set\1g52\1g52_protein.pdb,data/refined_set\1g52\1g52_pocket.pdb,data/refined_set\1g52\1g52_ligand.mol2,mol2,True,,refined
1g53,data/refined_set\1g53\1g53_protein.pdb,data/refined_set\1g53\1g53_pocket.pdb,data/refined_set\1g53\1g53_ligand.mol2,mol2,True,,refined
1g54,data/refined_set\1g54\1g54_protein.pdb,data/refined_set\1g54\1g54_pocket.pdb,data/refined_set\1g54\1g54_ligand.mol2,mol2,True,,refined
1g74,data/refined_set\1g74\1g74_protein.pdb,data/refined_set\1g74\1g74_pocket.pdb,data/refined_set\1g74\1g74_ligand.mol2,mol2,True,,refined
1g7f,data/refined_set\1g7f\1g7f_protein.pdb,data/refined_set\1g7f\1g7f_pocket.pdb,data/refined_set\1g7f\1g7f_ligand.mol2,mol2,True,,refined
1g7g,data/refined_set\1g7g\1g7g_protein.pdb,data/refined_set\1g7g\1g7g_pocket.pdb,data/refined_set\1g7g\1g7g_ligand.mol2,mol2,True,,refined
1g7q,data/refined_set\1g7q\1g7q_protein.pdb,data/refined_set\1g7q\1g7q_pocket.pdb,data/refined_set\1g7q\1g7q_ligand.mol2,mol2,True,,refined
1g7v,data/refined_set\1g7v\1g7v_protein.pdb,data/refined_set\1g7v\1g7v_pocket.pdb,data/refined_set\1g7v\1g7v_ligand.mol2,mol2,True,,refined
1g85,data/refined_set\1g85\1g85_protein.pdb,data/refined_set\1g85\1g85_pocket.pdb,data/refined_set\1g85\1g85_ligand.mol2,mol2,True,,refined
1g98,data/refined_set\1g98\1g98_protein.pdb,data/refined_set\1g98\1g98_pocket.pdb,data/refined_set\1g98\1g98_ligand.mol2,mol2,True,,refined
1gaf,data/refined_set\1gaf\1gaf_protein.pdb,data/refined_set\1gaf\1gaf_pocket.pdb,data/refined_set\1gaf\1gaf_ligand.mol2,mol2,True,,refined
1gai,data/refined_set\1gai\1gai_protein.pdb,data/refined_set\1gai\1gai_pocket.pdb,data/refined_set\1gai\1gai_ligand.mol2,mol2,True,,refined
1gar,data/refined_set\1gar\1gar_protein.pdb,data/refined_set\1gar\1gar_pocket.pdb,data/refined_set\1gar\1gar_ligand.mol2,mol2,True,,refined
1gfy,data/refined_set\1gfy\1gfy_protein.pdb,data/refined_set\1gfy\1gfy_pocket.pdb,data/refined_set\1gfy\1gfy_ligand.mol2,mol2,True,,refined
1ghv,data/refined_set\1ghv\1ghv_protein.pdb,data/refined_set\1ghv\1ghv_pocket.pdb,data/refined_set\1ghv\1ghv_ligand.mol2,mol2,True,,refined
1ghw,data/refined_set\1ghw\1ghw_protein.pdb,data/refined_set\1ghw\1ghw_pocket.pdb,data/refined_set\1ghw\1ghw_ligand.mol2,mol2,True,,refined
1ghy,data/refined_set\1ghy\1ghy_protein.pdb,data/refined_set\1ghy\1ghy_pocket.pdb,data/refined_set\1ghy\1ghy_ligand.mol2,mol2,True,,refined
1ghz,data/refined_set\1ghz\1ghz_protein.pdb,data/refined_set\1ghz\1ghz_pocket.pdb,data/refined_set\1ghz\1ghz_ligand.mol2,mol2,True,,refined
1gi1,data/refined_set\1gi1\1gi1_protein.pdb,data/refined_set\1gi1\1gi1_pocket.pdb,data/refined_set\1gi1\1gi1_ligand.mol2,mol2,True,,refined
1gi4,data/refined_set\1gi4\1gi4_protein.pdb,data/refined_set\1gi4\1gi4_pocket.pdb,data/refined_set\1gi4\1gi4_ligand.mol2,mol2,True,,refined
1gi7,data/refined_set\1gi7\1gi7_protein.pdb,data/refined_set\1gi7\1gi7_pocket.pdb,data/refined_set\1gi7\1gi7_ligand.mol2,mol2,True,,refined
1gj6,data/refined_set\1gj6\1gj6_protein.pdb,data/refined_set\1gj6\1gj6_pocket.pdb,data/refined_set\1gj6\1gj6_ligand.mol2,mol2,True,,refined
1gjc,data/refined_set\1gjc\1gjc_protein.pdb,data/refined_set\1gjc\1gjc_pocket.pdb,data/refined_set\1gjc\1gjc_ligand.mol2,mol2,True,,refined
1gnm,data/refined_set\1gnm\1gnm_protein.pdb,data/refined_set\1gnm\1gnm_pocket.pdb,data/refined_set\1gnm\1gnm_ligand.mol2,mol2,True,,refined
1gnn,data/refined_set\1gnn\1gnn_protein.pdb,data/refined_set\1gnn\1gnn_pocket.pdb,data/refined_set\1gnn\1gnn_ligand.mol2,mol2,True,,refined
1gno,data/refined_set\1gno\1gno_protein.pdb,data/refined_set\1gno\1gno_pocket.pdb,data/refined_set\1gno\1gno_ligand.mol2,mol2,True,,refined
1gpk,data/refined_set\1gpk\1gpk_protein.pdb,data/refined_set\1gpk\1gpk_pocket.pdb,data/refined_set\1gpk\1gpk_ligand.mol2,mol2,True,,refined
1gpn,data/refined_set\1gpn\1gpn_protein.pdb,data/refined_set\1gpn\1gpn_pocket.pdb,data/refined_set\1gpn\1gpn_ligand.mol2,mol2,True,,refined
1grp,data/refined_set\1grp\1grp_protein.pdb,data/refined_set\1grp\1grp_pocket.pdb,data/refined_set\1grp\1grp_ligand.mol2,mol2,True,,refined
1gvw,data/refined_set\1gvw\1gvw_protein.pdb,data/refined_set\1gvw\1gvw_pocket.pdb,data/refined_set\1gvw\1gvw_ligand.mol2,mol2,True,,refined
1gvx,data/refined_set\1gvx\1gvx_protein.pdb,data/refined_set\1gvx\1gvx_pocket.pdb,data/refined_set\1gvx\1gvx_ligand.mol2,mol2,True,,refined
1gwv,data/refined_set\1gwv\1gwv_protein.pdb,data/refined_set\1gwv\1gwv_pocket.pdb,data/refined_set\1gwv\1gwv_ligand.mol2,mol2,True,,refined
1gx8,data/refined_set\1gx8\1gx8_protein.pdb,data/refined_set\1gx8\1gx8_pocket.pdb,data/refined_set\1gx8\1gx8_ligand.mol2,mol2,True,,refined
1gyx,data/refined_set\1gyx\1gyx_protein.pdb,data/refined_set\1gyx\1gyx_pocket.pdb,data/refined_set\1gyx\1gyx_ligand.mol2,mol2,True,,refined
1gyy,data/refined_set\1gyy\1gyy_protein.pdb,data/refined_set\1gyy\1gyy_pocket.pdb,data/refined_set\1gyy\1gyy_ligand.mol2,mol2,True,,refined
1h0a,data/refined_set\1h0a\1h0a_protein.pdb,data/refined_set\1h0a\1h0a_pocket.pdb,data/refined_set\1h0a\1h0a_ligand.mol2,mol2,True,,refined
1h1s,data/refined_set\1h1s\1h1s_protein.pdb,data/refined_set\1h1s\1h1s_pocket.pdb,data/refined_set\1h1s\1h1s_ligand.mol2,mol2,True,,refined
1h22,data/refined_set\1h22\1h22_protein.pdb,data/refined_set\1h22\1h22_pocket.pdb,data/refined_set\1h22\1h22_ligand.mol2,mol2,True,,refined
1h23,data/refined_set\1h23\1h23_protein.pdb,data/refined_set\1h23\1h23_pocket.pdb,data/refined_set\1h23\1h23_ligand.mol2,mol2,True,,refined
1h2k,data/refined_set\1h2k\1h2k_protein.pdb,data/refined_set\1h2k\1h2k_pocket.pdb,data/refined_set\1h2k\1h2k_ligand.mol2,mol2,True,,refined
1h2t,data/refined_set\1h2t\1h2t_protein.pdb,data/refined_set\1h2t\1h2t_pocket.pdb,data/refined_set\1h2t\1h2t_ligand.mol2,mol2,True,,refined
1h46,data/refined_set\1h46\1h46_protein.pdb,data/refined_set\1h46\1h46_pocket.pdb,data/refined_set\1h46\1h46_ligand.mol2,mol2,True,,refined
1h4w,data/refined_set\1h4w\1h4w_protein.pdb,data/refined_set\1h4w\1h4w_pocket.pdb,data/refined_set\1h4w\1h4w_ligand.mol2,mol2,True,,refined
1h5v,data/refined_set\1h5v\1h5v_protein.pdb,data/refined_set\1h5v\1h5v_pocket.pdb,data/refined_set\1h5v\1h5v_ligand.mol2,mol2,True,,refined
1h6h,data/refined_set\1h6h\1h6h_protein.pdb,data/refined_set\1h6h\1h6h_pocket.pdb,data/refined_set\1h6h\1h6h_ligand.mol2,mol2,True,,refined
1hbv,data/refined_set\1hbv\1hbv_protein.pdb,data/refined_set\1hbv\1hbv_pocket.pdb,data/refined_set\1hbv\1hbv_ligand.mol2,mol2,True,,refined
1hdq,data/refined_set\1hdq\1hdq_protein.pdb,data/refined_set\1hdq\1hdq_pocket.pdb,data/refined_set\1hdq\1hdq_ligand.mol2,mol2,True,,refined
1hee,data/refined_set\1hee\1hee_protein.pdb,data/refined_set\1hee\1hee_pocket.pdb,data/refined_set\1hee\1hee_ligand.mol2,mol2,True,,refined
1hfs,data/refined_set\1hfs\1hfs_protein.pdb,data/refined_set\1hfs\1hfs_pocket.pdb,data/refined_set\1hfs\1hfs_ligand.mol2,mol2,True,,refined
1hi3,data/refined_set\1hi3\1hi3_protein.pdb,data/refined_set\1hi3\1hi3_pocket.pdb,data/refined_set\1hi3\1hi3_ligand.mol2,mol2,True,,refined
1hi4,data/refined_set\1hi4\1hi4_protein.pdb,data/refined_set\1hi4\1hi4_pocket.pdb,data/refined_set\1hi4\1hi4_ligand.mol2,mol2,True,,refined
1hi5,data/refined_set\1hi5\1hi5_protein.pdb,data/refined_set\1hi5\1hi5_pocket.pdb,data/refined_set\1hi5\1hi5_ligand.mol2,mol2,True,,refined
1hih,data/refined_set\1hih\1hih_protein.pdb,data/refined_set\1hih\1hih_pocket.pdb,data/refined_set\1hih\1hih_ligand.mol2,mol2,True,,refined
1hii,data/refined_set\1hii\1hii_protein.pdb,data/refined_set\1hii\1hii_pocket.pdb,data/refined_set\1hii\1hii_ligand.mol2,mol2,True,,refined
1hk4,data/refined_set\1hk4\1hk4_protein.pdb,data/refined_set\1hk4\1hk4_pocket.pdb,data/refined_set\1hk4\1hk4_ligand.mol2,mol2,True,,refined
1hlk,data/refined_set\1hlk\1hlk_protein.pdb,data/refined_set\1hlk\1hlk_pocket.pdb,data/refined_set\1hlk\1hlk_ligand.mol2,mol2,True,,refined
1hmr,data/refined_set\1hmr\1hmr_protein.pdb,data/refined_set\1hmr\1hmr_pocket.pdb,data/refined_set\1hmr\1hmr_ligand.mol2,mol2,True,,refined
1hms,data/refined_set\1hms\1hms_protein.pdb,data/refined_set\1hms\1hms_pocket.pdb,data/refined_set\1hms\1hms_ligand.mol2,mol2,True,,refined
1hmt,data/refined_set\1hmt\1hmt_protein.pdb,data/refined_set\1hmt\1hmt_pocket.pdb,data/refined_set\1hmt\1hmt_ligand.mol2,mol2,True,,refined
1hn4,data/refined_set\1hn4\1hn4_protein.pdb,data/refined_set\1hn4\1hn4_pocket.pdb,data/refined_set\1hn4\1hn4_ligand.mol2,mol2,True,,refined
1hos,data/refined_set\1hos\1hos_protein.pdb,data/refined_set\1hos\1hos_pocket.pdb,data/refined_set\1hos\1hos_ligand.mol2,mol2,True,,refined
1hp5,data/refined_set\1hp5\1hp5_protein.pdb,data/refined_set\1hp5\1hp5_pocket.pdb,data/refined_set\1hp5\1hp5_ligand.mol2,mol2,True,,refined
1hpo,data/refined_set\1hpo\1hpo_protein.pdb,data/refined_set\1hpo\1hpo_pocket.pdb,data/refined_set\1hpo\1hpo_ligand.mol2,mol2,True,,refined
1hps,data/refined_set\1hps\1hps_protein.pdb,data/refined_set\1hps\1hps_pocket.pdb,data/refined_set\1hps\1hps_ligand.mol2,mol2,True,,refined
1hpv,data/refined_set\1hpv\1hpv_protein.pdb,data/refined_set\1hpv\1hpv_pocket.pdb,data/refined_set\1hpv\1hpv_ligand.mol2,mol2,True,,refined
1hpx,data/refined_set\1hpx\1hpx_protein.pdb,data/refined_set\1hpx\1hpx_pocket.pdb,data/refined_set\1hpx\1hpx_ligand.mol2,mol2,True,,refined
1hsh,data/refined_set\1hsh\1hsh_protein.pdb,data/refined_set\1hsh\1hsh_pocket.pdb,data/refined_set\1hsh\1hsh_ligand.mol2,mol2,True,,refined
1hsl,data/refined_set\1hsl\1hsl_protein.pdb,data/refined_set\1hsl\1hsl_pocket.pdb,data/refined_set\1hsl\1hsl_ligand.mol2,mol2,True,,refined
1hvh,data/refined_set\1hvh\1hvh_protein.pdb,data/refined_set\1hvh\1hvh_pocket.pdb,data/refined_set\1hvh\1hvh_ligand.mol2,mol2,True,,refined
1hvi,data/refined_set\1hvi\1hvi_protein.pdb,data/refined_set\1hvi\1hvi_pocket.pdb,data/refined_set\1hvi\1hvi_ligand.mol2,mol2,True,,refined
1hvj,data/refined_set\1hvj\1hvj_protein.pdb,data/refined_set\1hvj\1hvj_pocket.pdb,data/refined_set\1hvj\1hvj_ligand.mol2,mol2,True,,refined
1hvk,data/refined_set\1hvk\1hvk_protein.pdb,data/refined_set\1hvk\1hvk_pocket.pdb,data/refined_set\1hvk\1hvk_ligand.mol2,mol2,True,,refined
1hvl,data/refined_set\1hvl\1hvl_protein.pdb,data/refined_set\1hvl\1hvl_pocket.pdb,data/refined_set\1hvl\1hvl_ligand.mol2,mol2,True,,refined
1hvr,data/refined_set\1hvr\1hvr_protein.pdb,data/refined_set\1hvr\1hvr_pocket.pdb,data/refined_set\1hvr\1hvr_ligand.mol2,mol2,True,,refined
1hvs,data/refined_set\1hvs\1hvs_protein.pdb,data/refined_set\1hvs\1hvs_pocket.pdb,data/refined_set\1hvs\1hvs_ligand.mol2,mol2,True,,refined
1hwr,data/refined_set\1hwr\1hwr_protein.pdb,data/refined_set\1hwr\1hwr_pocket.pdb,data/refined_set\1hwr\1hwr_ligand.mol2,mol2,True,,refined
1hxb,data/refined_set\1hxb\1hxb_protein.pdb,data/refined_set\1hxb\1hxb_pocket.pdb,data/refined_set\1hxb\1hxb_ligand.mol2,mol2,True,,refined
1hxw,data/refined_set\1hxw\1hxw_protein.pdb,data/refined_set\1hxw\1hxw_pocket.pdb,data/refined_set\1hxw\1hxw_ligand.mol2,mol2,True,,refined
1hyo,data/refined_set\1hyo\1hyo_protein.pdb,data/refined_set\1hyo\1hyo_pocket.pdb,data/refined_set\1hyo\1hyo_ligand.mol2,mol2,True,,refined
1i1e,data/refined_set\1i1e\1i1e_protein.pdb,data/refined_set\1i1e\1i1e_pocket.pdb,data/refined_set\1i1e\1i1e_ligand.mol2,mol2,True,,refined
1i2s,data/refined_set\1i2s\1i2s_protein.pdb,data/refined_set\1i2s\1i2s_pocket.pdb,data/refined_set\1i2s\1i2s_ligand.mol2,mol2,True,,refined
1i37,data/refined_set\1i37\1i37_protein.pdb,data/refined_set\1i37\1i37_pocket.pdb,data/refined_set\1i37\1i37_ligand.mol2,mol2,True,,refined
1i5r,data/refined_set\1i5r\1i5r_protein.pdb,data/refined_set\1i5r\1i5r_pocket.pdb,data/refined_set\1i5r\1i5r_ligand.mol2,mol2,True,,refined
1i7z,data/refined_set\1i7z\1i7z_protein.pdb,data/refined_set\1i7z\1i7z_pocket.pdb,data/refined_set\1i7z\1i7z_ligand.mol2,mol2,True,,refined
1i9n,data/refined_set\1i9n\1i9n_protein.pdb,data/refined_set\1i9n\1i9n_pocket.pdb,data/refined_set\1i9n\1i9n_ligand.mol2,mol2,True,,refined
1i9p,data/refined_set\1i9p\1i9p_protein.pdb,data/refined_set\1i9p\1i9p_pocket.pdb,data/refined_set\1i9p\1i9p_ligand.mol2,mol2,True,,refined
1ie9,data/refined_set\1ie9\1ie9_protein.pdb,data/refined_set\1ie9\1ie9_pocket.pdb,data/refined_set\1ie9\1ie9_ligand.mol2,mol2,True,,refined
1if7,data/refined_set\1if7\1if7_protein.pdb,data/refined_set\1if7\1if7_pocket.pdb,data/refined_set\1if7\1if7_ligand.mol2,mol2,True,,refined
1if8,data/refined_set\1if8\1if8_protein.pdb,data/refined_set\1if8\1if8_pocket.pdb,data/refined_set\1if8\1if8_ligand.mol2,mol2,True,,refined
1igb,data/refined_set\1igb\1igb_protein.pdb,data/refined_set\1igb\1igb_pocket.pdb,data/refined_set\1igb\1igb_ligand.mol2,mol2,True,,refined
1igj,data/refined_set\1igj\1igj_protein.pdb,data/refined_set\1igj\1igj_pocket.pdb,data/refined_set\1igj\1igj_ligand.mol2,mol2,True,,refined
1ii5,data/refined_set\1ii5\1ii5_protein.pdb,data/refined_set\1ii5\1ii5_pocket.pdb,data/refined_set\1ii5\1ii5_ligand.mol2,mol2,True,,refined
1iih,data/refined_set\1iih\1iih_protein.pdb,data/refined_set\1iih\1iih_pocket.pdb,data/refined_set\1iih\1iih_ligand.mol2,mol2,True,,refined
1iiq,data/refined_set\1iiq\1iiq_protein.pdb,data/refined_set\1iiq\1iiq_pocket.pdb,data/refined_set\1iiq\1iiq_ligand.mol2,mol2,True,,refined
1ik4,data/refined_set\1ik4\1ik4_protein.pdb,data/refined_set\1ik4\1ik4_pocket.pdb,data/refined_set\1ik4\1ik4_ligand.mol2,mol2,True,,refined
1ikt,data/refined_set\1ikt\1ikt_protein.pdb,data/refined_set\1ikt\1ikt_pocket.pdb,data/refined_set\1ikt\1ikt_ligand.mol2,mol2,True,,refined
1ivp,data/refined_set\1ivp\1ivp_protein.pdb,data/refined_set\1ivp\1ivp_pocket.pdb,data/refined_set\1ivp\1ivp_ligand.mol2,mol2,True,,refined
1iy7,data/refined_set\1iy7\1iy7_protein.pdb,data/refined_set\1iy7\1iy7_pocket.pdb,data/refined_set\1iy7\1iy7_ligand.mol2,mol2,True,,refined
1izh,data/refined_set\1izh\1izh_protein.pdb,data/refined_set\1izh\1izh_pocket.pdb,data/refined_set\1izh\1izh_ligand.mol2,mol2,True,,refined
1izi,data/refined_set\1izi\1izi_protein.pdb,data/refined_set\1izi\1izi_pocket.pdb,data/refined_set\1izi\1izi_ligand.mol2,mol2,True,,refined
1j01,data/refined_set\1j01\1j01_protein.pdb,data/refined_set\1j01\1j01_pocket.pdb,data/refined_set\1j01\1j01_ligand.mol2,mol2,True,,refined
1j14,data/refined_set\1j14\1j14_protein.pdb,data/refined_set\1j14\1j14_pocket.pdb,data/refined_set\1j14\1j14_ligand.mol2,mol2,True,,refined
1j16,data/refined_set\1j16\1j16_protein.pdb,data/refined_set\1j16\1j16_pocket.pdb,data/refined_set\1j16\1j16_ligand.mol2,mol2,True,,refined
1j17,data/refined_set\1j17\1j17_protein.pdb,data/refined_set\1j17\1j17_pocket.pdb,data/refined_set\1j17\1j17_ligand.mol2,mol2,True,,refined
1j36,data/refined_set\1j36\1j36_protein.pdb,data/refined_set\1j36\1j36_pocket.pdb,data/refined_set\1j36\1j36_ligand.mol2,mol2,True,,refined
1j37,data/refined_set\1j37\1j37_protein.pdb,data/refined_set\1j37\1j37_pocket.pdb,data/refined_set\1j37\1j37_ligand.mol2,mol2,True,,refined
1j4r,data/refined_set\1j4r\1j4r_protein.pdb,data/refined_set\1j4r\1j4r_pocket.pdb,data/refined_set\1j4r\1j4r_ligand.mol2,mol2,True,,refined
1jak,data/refined_set\1jak\1jak_protein.pdb,data/refined_set\1jak\1jak_pocket.pdb,data/refined_set\1jak\1jak_ligand.mol2,mol2,True,,refined
1jao,data/refined_set\1jao\1jao_protein.pdb,data/refined_set\1jao\1jao_pocket.pdb,data/refined_set\1jao\1jao_ligand.mol2,mol2,True,,refined
1jaq,data/refined_set\1jaq\1jaq_protein.pdb,data/refined_set\1jaq\1jaq_pocket.pdb,data/refined_set\1jaq\1jaq_ligand.mol2,mol2,True,,refined
1jcx,data/refined_set\1jcx\1jcx_protein.pdb,data/refined_set\1jcx\1jcx_pocket.pdb,data/refined_set\1jcx\1jcx_ligand.mol2,mol2,True,,refined
1jet,data/refined_set\1jet\1jet_protein.pdb,data/refined_set\1jet\1jet_pocket.pdb,data/refined_set\1jet\1jet_ligand.mol2,mol2,True,,refined
1jeu,data/refined_set\1jeu\1jeu_protein.pdb,data/refined_set\1jeu\1jeu_pocket.pdb,data/refined_set\1jeu\1jeu_ligand.mol2,mol2,True,,refined
1jev,data/refined_set\1jev\1jev_protein.pdb,data/refined_set\1jev\1jev_pocket.pdb,data/refined_set\1jev\1jev_ligand.mol2,mol2,True,,refined
1jgl,data/refined_set\1jgl\1jgl_protein.pdb,data/refined_set\1jgl\1jgl_pocket.pdb,data/refined_set\1jgl\1jgl_ligand.mol2,mol2,True,,refined
1jlr,data/refined_set\1jlr\1jlr_protein.pdb,data/refined_set\1jlr\1jlr_pocket.pdb,data/refined_set\1jlr\1jlr_ligand.mol2,mol2,True,,refined
1jmf,data/refined_set\1jmf\1jmf_protein.pdb,data/refined_set\1jmf\1jmf_pocket.pdb,data/refined_set\1jmf\1jmf_ligand.mol2,mol2,True,,refined
1jmg,data/refined_set\1jmg\1jmg_protein.pdb,data/refined_set\1jmg\1jmg_pocket.pdb,data/refined_set\1jmg\1jmg_ligand.mol2,mol2,True,,refined
1jn4,data/refined_set\1jn4\1jn4_protein.pdb,data/refined_set\1jn4\1jn4_pocket.pdb,data/refined_set\1jn4\1jn4_ligand.mol2,mol2,True,,refined
1jq8,data/refined_set\1jq8\1jq8_protein.pdb,data/refined_set\1jq8\1jq8_pocket.pdb,data/refined_set\1jq8\1jq8_ligand.mol2,mol2,True,,refined
1jqy,data/refined_set\1jqy\1jqy_protein.pdb,data/refined_set\1jqy\1jqy_pocket.pdb,data/refined_set\1jqy\1jqy_ligand.mol2,mol2,True,,refined
1jsv,data/refined_set\1jsv\1jsv_protein.pdb,data/refined_set\1jsv\1jsv_pocket.pdb,data/refined_set\1jsv\1jsv_ligand.mol2,mol2,True,,refined
1jvu,data/refined_set\1jvu\1jvu_protein.pdb,data/refined_set\1jvu\1jvu_pocket.pdb,data/refined_set\1jvu\1jvu_ligand.mol2,mol2,True,,refined
1jyq,data/refined_set\1jyq\1jyq_protein.pdb,data/refined_set\1jyq\1jyq_pocket.pdb,data/refined_set\1jyq\1jyq_ligand.mol2,mol2,True,,refined
1jys,data/refined_set\1jys\1jys_protein.pdb,data/refined_set\1jys\1jys_pocket.pdb,data/refined_set\1jys\1jys_ligand.mol2,mol2,True,,refined
1jzs,data/refined_set\1jzs\1jzs_protein.pdb,data/refined_set\1jzs\1jzs_pocket.pdb,data/refined_set\1jzs\1jzs_ligand.mol2,mol2,True,,refined
1k1i,data/refined_set\1k1i\1k1i_protein.pdb,data/refined_set\1k1i\1k1i_pocket.pdb,data/refined_set\1k1i\1k1i_ligand.mol2,mol2,True,,refined
1k1j,data/refined_set\1k1j\1k1j_protein.pdb,data/refined_set\1k1j\1k1j_pocket.pdb,data/refined_set\1k1j\1k1j_ligand.mol2,mol2,True,,refined
1k1l,data/refined_set\1k1l\1k1l_protein.pdb,data/refined_set\1k1l\1k1l_pocket.pdb,data/refined_set\1k1l\1k1l_ligand.mol2,mol2,True,,refined
1k1m,data/refined_set\1k1m\1k1m_protein.pdb,data/refined_set\1k1m\1k1m_pocket.pdb,data/refined_set\1k1m\1k1m_ligand.mol2,mol2,True,,refined
1k1n,data/refined_set\1k1n\1k1n_protein.pdb,data/refined_set\1k1n\1k1n_pocket.pdb,data/refined_set\1k1n\1k1n_ligand.mol2,mol2,True,,refined
1k1o,data/refined_set\1k1o\1k1o_protein.pdb,data/refined_set\1k1o\1k1o_pocket.pdb,data/refined_set\1k1o\1k1o_ligand.mol2,mol2,True,,refined
1k1y,data/refined_set\1k1y\1k1y_protein.pdb,data/refined_set\1k1y\1k1y_pocket.pdb,data/refined_set\1k1y\1k1y_ligand.mol2,mol2,True,,refined
1k21,data/refined_set\1k21\1k21_protein.pdb,data/refined_set\1k21\1k21_pocket.pdb,data/refined_set\1k21\1k21_ligand.mol2,mol2,True,,refined
1k22,data/refined_set\1k22\1k22_protein.pdb,data/refined_set\1k22\1k22_pocket.pdb,data/refined_set\1k22\1k22_ligand.mol2,mol2,True,,refined
1k27,data/refined_set\1k27\1k27_protein.pdb,data/refined_set\1k27\1k27_pocket.pdb,data/refined_set\1k27\1k27_ligand.mol2,mol2,True,,refined
1k4g,data/refined_set\1k4g\1k4g_protein.pdb,data/refined_set\1k4g\1k4g_pocket.pdb,data/refined_set\1k4g\1k4g_ligand.mol2,mol2,True,,refined
1k4h,data/refined_set\1k4h\1k4h_protein.pdb,data/refined_set\1k4h\1k4h_pocket.pdb,data/refined_set\1k4h\1k4h_ligand.mol2,mol2,True,,refined
1k6c,data/refined_set\1k6c\1k6c_protein.pdb,data/refined_set\1k6c\1k6c_pocket.pdb,data/refined_set\1k6c\1k6c_ligand.mol2,mol2,True,,refined
1k6p,data/refined_set\1k6p\1k6p_protein.pdb,data/refined_set\1k6p\1k6p_pocket.pdb,data/refined_set\1k6p\1k6p_ligand.mol2,mol2,True,,refined
1k6t,data/refined_set\1k6t\1k6t_protein.pdb,data/refined_set\1k6t\1k6t_pocket.pdb,data/refined_set\1k6t\1k6t_ligand.mol2,mol2,True,,refined
1k6v,data/refined_set\1k6v\1k6v_protein.pdb,data/refined_set\1k6v\1k6v_pocket.pdb,data/refined_set\1k6v\1k6v_ligand.mol2,mol2,True,,refined
1k9s,data/refined_set\1k9s\1k9s_protein.pdb,data/refined_set\1k9s\1k9s_pocket.pdb,data/refined_set\1k9s\1k9s_ligand.mol2,mol2,True,,refined
1kav,data/refined_set\1kav\1kav_protein.pdb,data/refined_set\1kav\1kav_pocket.pdb,data/refined_set\1kav\1kav_ligand.mol2,mol2,True,,refined
1kc7,data/refined_set\1kc7\1kc7_protein.pdb,data/refined_set\1kc7\1kc7_pocket.pdb,data/refined_set\1kc7\1kc7_ligand.mol2,mol2,True,,refined
1kdk,data/refined_set\1kdk\1kdk_protein.pdb,data/refined_set\1kdk\1kdk_pocket.pdb,data/refined_set\1kdk\1kdk_ligand.mol2,mol2,True,,refined
1kel,data/refined_set\1kel\1kel_protein.pdb,data/refined_set\1kel\1kel_pocket.pdb,data/refined_set\1kel\1kel_ligand.mol2,mol2,True,,refined
1kjr,data/refined_set\1kjr\1kjr_protein.pdb,data/refined_set\1kjr\1kjr_pocket.pdb,data/refined_set\1kjr\1kjr_ligand.mol2,mol2,True,,refined
1km3,data/refined_set\1km3\1km3_protein.pdb,data/refined_set\1km3\1km3_pocket.pdb,data/refined_set\1km3\1km3_ligand.mol2,mol2,True,,refined
1kmy,data/refined_set\1kmy\1kmy_protein.pdb,data/refined_set\1kmy\1kmy_pocket.pdb,data/refined_set\1kmy\1kmy_ligand.mol2,mol2,True,,refined
1koj,data/refined_set\1koj\1koj_protein.pdb,data/refined_set\1koj\1koj_pocket.pdb,data/refined_set\1koj\1koj_ligand.mol2,mol2,True,,refined
1kpm,data/refined_set\1kpm\1kpm_protein.pdb,data/refined_set\1kpm\1kpm_pocket.pdb,data/refined_set\1kpm\1kpm_ligand.mol2,mol2,True,,refined
1ksn,data/refined_set\1ksn\1ksn_protein.pdb,data/refined_set\1ksn\1ksn_pocket.pdb,data/refined_set\1ksn\1ksn_ligand.sdf,sdf,True,,refined
1kug,data/refined_set\1kug\1kug_protein.pdb,data/refined_set\1kug\1kug_pocket.pdb,data/refined_set\1kug\1kug_ligand.mol2,mol2,True,,refined
1kui,data/refined_set\1kui\1kui_protein.pdb,data/refined_set\1kui\1kui_pocket.pdb,data/refined_set\1kui\1kui_ligand.mol2,mol2,True,,refined
1kuk,data/refined_set\1kuk\1kuk_protein.pdb,data/refined_set\1kuk\1kuk_pocket.pdb,data/refined_set\1kuk\1kuk_ligand.mol2,mol2,True,,refined
1kv1,data/refined_set\1kv1\1kv1_protein.pdb,data/refined_set\1kv1\1kv1_pocket.pdb,data/refined_set\1kv1\1kv1_ligand.mol2,mol2,True,,refined
1kv5,data/refined_set\1kv5\1kv5_protein.pdb,data/refined_set\1kv5\1kv5_pocket.pdb,data/refined_set\1kv5\1kv5_ligand.mol2,mol2,True,,refined
1kyv,data/refined_set\1kyv\1kyv_protein.pdb,data/refined_set\1kyv\1kyv_pocket.pdb,data/refined_set\1kyv\1kyv_ligand.mol2,mol2,True,,refined
1kzk,data/refined_set\1kzk\1kzk_protein.pdb,data/refined_set\1kzk\1kzk_pocket.pdb,data/refined_set\1kzk\1kzk_ligand.mol2,mol2,True,,refined
1kzn,data/refined_set\1kzn\1kzn_protein.pdb,data/refined_set\1kzn\1kzn_pocket.pdb,data/refined_set\1kzn\1kzn_ligand.mol2,mol2,True,,refined
1l83,data/refined_set\1l83\1l83_protein.pdb,data/refined_set\1l83\1l83_pocket.pdb,data/refined_set\1l83\1l83_ligand.mol2,mol2,True,,refined
1l8g,data/refined_set\1l8g\1l8g_protein.pdb,data/refined_set\1l8g\1l8g_pocket.pdb,data/refined_set\1l8g\1l8g_ligand.mol2,mol2,True,,refined
1laf,data/refined_set\1laf\1laf_protein.pdb,data/refined_set\1laf\1laf_pocket.pdb,data/refined_set\1laf\1laf_ligand.mol2,mol2,True,,refined
1lag,data/refined_set\1lag\1lag_protein.pdb,data/refined_set\1lag\1lag_pocket.pdb,data/refined_set\1lag\1lag_ligand.mol2,mol2,True,,refined
1lah,data/refined_set\1lah\1lah_protein.pdb,data/refined_set\1lah\1lah_pocket.pdb,data/refined_set\1lah\1lah_ligand.mol2,mol2,True,,refined
1lan,data/refined_set\1lan\1lan_protein.pdb,data/refined_set\1lan\1lan_pocket.pdb,data/refined_set\1lan\1lan_ligand.mol2,mol2,True,,refined
1lbf,data/refined_set\1lbf\1lbf_protein.pdb,data/refined_set\1lbf\1lbf_pocket.pdb,data/refined_set\1lbf\1lbf_ligand.mol2,mol2,True,,refined
1lbk,data/refined_set\1lbk\1lbk_protein.pdb,data/refined_set\1lbk\1lbk_pocket.pdb,data/refined_set\1lbk\1lbk_ligand.mol2,mol2,True,,refined
1lcp,data/refined_set\1lcp\1lcp_protein.pdb,data/refined_set\1lcp\1lcp_pocket.pdb,data/refined_set\1lcp\1lcp_ligand.mol2,mol2,True,,refined
1lee,data/refined_set\1lee\1lee_protein.pdb,data/refined_set\1lee\1lee_pocket.pdb,data/refined_set\1lee\1lee_ligand.mol2,mol2,True,,refined
1lf2,data/refined_set\1lf2\1lf2_protein.pdb,data/refined_set\1lf2\1lf2_pocket.pdb,data/refined_set\1lf2\1lf2_ligand.mol2,mol2,True,,refined
1lgt,data/refined_set\1lgt\1lgt_protein.pdb,data/refined_set\1lgt\1lgt_pocket.pdb,data/refined_set\1lgt\1lgt_ligand.mol2,mol2,True,,refined
1lgw,data/refined_set\1lgw\1lgw_protein.pdb,data/refined_set\1lgw\1lgw_pocket.pdb,data/refined_set\1lgw\1lgw_ligand.mol2,mol2,True,,refined
1lhu,data/refined_set\1lhu\1lhu_protein.pdb,data/refined_set\1lhu\1lhu_pocket.pdb,data/refined_set\1lhu\1lhu_ligand.mol2,mol2,True,,refined
1li2,data/refined_set\1li2\1li2_protein.pdb,data/refined_set\1li2\1li2_pocket.pdb,data/refined_set\1li2\1li2_ligand.mol2,mol2,True,,refined
1li3,data/refined_set\1li3\1li3_protein.pdb,data/refined_set\1li3\1li3_pocket.pdb,data/refined_set\1li3\1li3_ligand.mol2,mol2,True,,refined
1li6,data/refined_set\1li6\1li6_protein.pdb,data/refined_set\1li6\1li6_pocket.pdb,data/refined_set\1li6\1li6_ligand.mol2,mol2,True,,refined
1lke,data/refined_set\1lke\1lke_protein.pdb,data/refined_set\1lke\1lke_pocket.pdb,data/refined_set\1lke\1lke_ligand.mol2,mol2,True,,refined
1lkk,data/refined_set\1lkk\1lkk_protein.pdb,data/refined_set\1lkk\1lkk_pocket.pdb,data/refined_set\1lkk\1lkk_ligand.mol2,mol2,True,,refined
1lkl,data/refined_set\1lkl\1lkl_protein.pdb,data/refined_set\1lkl\1lkl_pocket.pdb,data/refined_set\1lkl\1lkl_ligand.mol2,mol2,True,,refined
1lnm,data/refined_set\1lnm\1lnm_protein.pdb,data/refined_set\1lnm\1lnm_pocket.pdb,data/refined_set\1lnm\1lnm_ligand.mol2,mol2,True,,refined
1loq,data/refined_set\1loq\1loq_protein.pdb,data/refined_set\1loq\1loq_pocket.pdb,data/refined_set\1loq\1loq_ligand.mol2,mol2,True,,refined
1lpg,data/refined_set\1lpg\1lpg_protein.pdb,data/refined_set\1lpg\1lpg_pocket.pdb,data/refined_set\1lpg\1lpg_ligand.mol2,mol2,True,,refined
1lpk,data/refined_set\1lpk\1lpk_protein.pdb,data/refined_set\1lpk\1lpk_pocket.pdb,data/refined_set\1lpk\1lpk_ligand.mol2,mol2,True,,refined
1lpz,data/refined_set\1lpz\1lpz_protein.pdb,data/refined_set\1lpz\1lpz_pocket.pdb,data/refined_set\1lpz\1lpz_ligand.mol2,mol2,True,,refined
1lrh,data/refined_set\1lrh\1lrh_protein.pdb,data/refined_set\1lrh\1lrh_pocket.pdb,data/refined_set\1lrh\1lrh_ligand.mol2,mol2,True,,refined
1lst,data/refined_set\1lst\1lst_protein.pdb,data/refined_set\1lst\1lst_pocket.pdb,data/refined_set\1lst\1lst_ligand.mol2,mol2,True,,refined
1lvu,data/refined_set\1lvu\1lvu_protein.pdb,data/refined_set\1lvu\1lvu_pocket.pdb,data/refined_set\1lvu\1lvu_ligand.mol2,mol2,True,,refined
1lyb,data/refined_set\1lyb\1lyb_protein.pdb,data/refined_set\1lyb\1lyb_pocket.pdb,data/refined_set\1lyb\1lyb_ligand.mol2,mol2,True,,refined
1lyx,data/refined_set\1lyx\1lyx_protein.pdb,data/refined_set\1lyx\1lyx_pocket.pdb,data/refined_set\1lyx\1lyx_ligand.mol2,mol2,True,,refined
1lzq,data/refined_set\1lzq\1lzq_protein.pdb,data/refined_set\1lzq\1lzq_pocket.pdb,data/refined_set\1lzq\1lzq_ligand.mol2,mol2,True,,refined
1m0b,data/refined_set\1m0b\1m0b_protein.pdb,data/refined_set\1m0b\1m0b_pocket.pdb,data/refined_set\1m0b\1m0b_ligand.mol2,mol2,True,,refined
1m0n,data/refined_set\1m0n\1m0n_protein.pdb,data/refined_set\1m0n\1m0n_pocket.pdb,data/refined_set\1m0n\1m0n_ligand.mol2,mol2,True,,refined
1m0o,data/refined_set\1m0o\1m0o_protein.pdb,data/refined_set\1m0o\1m0o_pocket.pdb,data/refined_set\1m0o\1m0o_ligand.mol2,mol2,True,,refined
1m0q,data/refined_set\1m0q\1m0q_protein.pdb,data/refined_set\1m0q\1m0q_pocket.pdb,data/refined_set\1m0q\1m0q_ligand.mol2,mol2,True,,refined
1m1b,data/refined_set\1m1b\1m1b_protein.pdb,data/refined_set\1m1b\1m1b_pocket.pdb,data/refined_set\1m1b\1m1b_ligand.mol2,mol2,True,,refined
1m2p,data/refined_set\1m2p\1m2p_protein.pdb,data/refined_set\1m2p\1m2p_pocket.pdb,data/refined_set\1m2p\1m2p_ligand.mol2,mol2,True,,refined
1m2q,data/refined_set\1m2q\1m2q_protein.pdb,data/refined_set\1m2q\1m2q_pocket.pdb,data/refined_set\1m2q\1m2q_ligand.mol2,mol2,True,,refined
1m2r,data/refined_set\1m2r\1m2r_protein.pdb,data/refined_set\1m2r\1m2r_pocket.pdb,data/refined_set\1m2r\1m2r_ligand.mol2,mol2,True,,refined
1m2x,data/refined_set\1m2x\1m2x_protein.pdb,data/refined_set\1m2x\1m2x_pocket.pdb,data/refined_set\1m2x\1m2x_ligand.mol2,mol2,True,,refined
1m48,data/refined_set\1m48\1m48_protein.pdb,data/refined_set\1m48\1m48_pocket.pdb,data/refined_set\1m48\1m48_ligand.mol2,mol2,True,,refined
1m4h,data/refined_set\1m4h\1m4h_protein.pdb,data/refined_set\1m4h\1m4h_pocket.pdb,data/refined_set\1m4h\1m4h_ligand.mol2,mol2,True,,refined
1m5w,data/refined_set\1m5w\1m5w_protein.pdb,data/refined_set\1m5w\1m5w_pocket.pdb,data/refined_set\1m5w\1m5w_ligand.mol2,mol2,True,,refined
1m7d,data/refined_set\1m7d\1m7d_protein.pdb,data/refined_set\1m7d\1m7d_pocket.pdb,data/refined_set\1m7d\1m7d_ligand.mol2,mol2,True,,refined
1m7i,data/refined_set\1m7i\1m7i_protein.pdb,data/refined_set\1m7i\1m7i_pocket.pdb,data/refined_set\1m7i\1m7i_ligand.mol2,mol2,True,,refined
1m7y,data/refined_set\1m7y\1m7y_protein.pdb,data/refined_set\1m7y\1m7y_pocket.pdb,data/refined_set\1m7y\1m7y_ligand.mol2,mol2,True,,refined
1m83,data/refined_set\1m83\1m83_protein.pdb,data/refined_set\1m83\1m83_pocket.pdb,data/refined_set\1m83\1m83_ligand.mol2,mol2,True,,refined
1mai,data/refined_set\1mai\1mai_protein.pdb,data/refined_set\1mai\1mai_pocket.pdb,data/refined_set\1mai\1mai_ligand.mol2,mol2,True,,refined
1mes,data/refined_set\1mes\1mes_protein.pdb,data/refined_set\1mes\1mes_pocket.pdb,data/refined_set\1mes\1mes_ligand.mol2,mol2,True,,refined
1met,data/refined_set\1met\1met_protein.pdb,data/refined_set\1met\1met_pocket.pdb,data/refined_set\1met\1met_ligand.mol2,mol2,True,,refined
1mfa,data/refined_set\1mfa\1mfa_protein.pdb,data/refined_set\1mfa\1mfa_pocket.pdb,data/refined_set\1mfa\1mfa_ligand.mol2,mol2,True,,refined
1mfd,data/refined_set\1mfd\1mfd_protein.pdb,data/refined_set\1mfd\1mfd_pocket.pdb,data/refined_set\1mfd\1mfd_ligand.mol2,mol2,True,,refined
1mfi,data/refined_set\1mfi\1mfi_protein.pdb,data/refined_set\1mfi\1mfi_pocket.pdb,data/refined_set\1mfi\1mfi_ligand.mol2,mol2,True,,refined
1mh5,data/refined_set\1mh5\1mh5_protein.pdb,data/refined_set\1mh5\1mh5_pocket.pdb,data/refined_set\1mh5\1mh5_ligand.mol2,mol2,True,,refined
1mjj,data/refined_set\1mjj\1mjj_protein.pdb,data/refined_set\1mjj\1mjj_pocket.pdb,data/refined_set\1mjj\1mjj_ligand.mol2,mol2,True,,refined
1mmq,data/refined_set\1mmq\1mmq_protein.pdb,data/refined_set\1mmq\1mmq_pocket.pdb,data/refined_set\1mmq\1mmq_ligand.mol2,mol2,True,,refined
1mmr,data/refined_set\1mmr\1mmr_protein.pdb,data/refined_set\1mmr\1mmr_pocket.pdb,data/refined_set\1mmr\1mmr_ligand.mol2,mol2,True,,refined
1moq,data/refined_set\1moq\1moq_protein.pdb,data/refined_set\1moq\1moq_pocket.pdb,data/refined_set\1moq\1moq_ligand.mol2,mol2,True,,refined
1mq5,data/refined_set\1mq5\1mq5_protein.pdb,data/refined_set\1mq5\1mq5_pocket.pdb,data/refined_set\1mq5\1mq5_ligand.mol2,mol2,True,,refined
1mq6,data/refined_set\1mq6\1mq6_protein.pdb,data/refined_set\1mq6\1mq6_pocket.pdb,data/refined_set\1mq6\1mq6_ligand.mol2,mol2,True,,refined
1mrn,data/refined_set\1mrn\1mrn_protein.pdb,data/refined_set\1mrn\1mrn_pocket.pdb,data/refined_set\1mrn\1mrn_ligand.mol2,mol2,True,,refined
1mrs,data/refined_set\1mrs\1mrs_protein.pdb,data/refined_set\1mrs\1mrs_pocket.pdb,data/refined_set\1mrs\1mrs_ligand.mol2,mol2,True,,refined
1mrw,data/refined_set\1mrw\1mrw_protein.pdb,data/refined_set\1mrw\1mrw_pocket.pdb,data/refined_set\1mrw\1mrw_ligand.mol2,mol2,True,,refined
1mrx,data/refined_set\1mrx\1mrx_protein.pdb,data/refined_set\1mrx\1mrx_pocket.pdb,data/refined_set\1mrx\1mrx_ligand.mol2,mol2,True,,refined
1msm,data/refined_set\1msm\1msm_protein.pdb,data/refined_set\1msm\1msm_pocket.pdb,data/refined_set\1msm\1msm_ligand.mol2,mol2,True,,refined
1msn,data/refined_set\1msn\1msn_protein.pdb,data/refined_set\1msn\1msn_pocket.pdb,data/refined_set\1msn\1msn_ligand.mol2,mol2,True,,refined
1mtr,data/refined_set\1mtr\1mtr_protein.pdb,data/refined_set\1mtr\1mtr_pocket.pdb,data/refined_set\1mtr\1mtr_ligand.mol2,mol2,True,,refined
1mu6,data/refined_set\1mu6\1mu6_protein.pdb,data/refined_set\1mu6\1mu6_pocket.pdb,data/refined_set\1mu6\1mu6_ligand.mol2,mol2,True,,refined
1mu8,data/refined_set\1mu8\1mu8_protein.pdb,data/refined_set\1mu8\1mu8_pocket.pdb,data/refined_set\1mu8\1mu8_ligand.mol2,mol2,True,,refined
1mue,data/refined_set\1mue\1mue_protein.pdb,data/refined_set\1mue\1mue_pocket.pdb,data/refined_set\1mue\1mue_ligand.sdf,sdf,True,,refined
1my4,data/refined_set\1my4\1my4_protein.pdb,data/refined_set\1my4\1my4_pocket.pdb,data/refined_set\1my4\1my4_ligand.mol2,mol2,True,,refined
1n0s,data/refined_set\1n0s\1n0s_protein.pdb,data/refined_set\1n0s\1n0s_pocket.pdb,data/refined_set\1n0s\1n0s_ligand.mol2,mol2,True,,refined
1n1m,data/refined_set\1n1m\1n1m_protein.pdb,data/refined_set\1n1m\1n1m_pocket.pdb,data/refined_set\1n1m\1n1m_ligand.mol2,mol2,True,,refined
1n3i,data/refined_set\1n3i\1n3i_protein.pdb,data/refined_set\1n3i\1n3i_pocket.pdb,data/refined_set\1n3i\1n3i_ligand.mol2,mol2,True,,refined
1n46,data/refined_set\1n46\1n46_protein.pdb,data/refined_set\1n46\1n46_pocket.pdb,data/refined_set\1n46\1n46_ligand.mol2,mol2,True,,refined
1n4h,data/refined_set\1n4h\1n4h_protein.pdb,data/refined_set\1n4h\1n4h_pocket.pdb,data/refined_set\1n4h\1n4h_ligand.mol2,mol2,True,,refined
1n4k,data/refined_set\1n4k\1n4k_protein.pdb,data/refined_set\1n4k\1n4k_pocket.pdb,data/refined_set\1n4k\1n4k_ligand.mol2,mol2,True,,refined
1n51,data/refined_set\1n51\1n51_protein.pdb,data/refined_set\1n51\1n51_pocket.pdb,data/refined_set\1n51\1n51_ligand.mol2,mol2,True,,refined
1n5r,data/refined_set\1n5r\1n5r_protein.pdb,data/refined_set\1n5r\1n5r_pocket.pdb,data/refined_set\1n5r\1n5r_ligand.mol2,mol2,True,,refined
1nc1,data/refined_set\1nc1\1nc1_protein.pdb,data/refined_set\1nc1\1nc1_pocket.pdb,data/refined_set\1nc1\1nc1_ligand.mol2,mol2,True,,refined
1nc3,data/refined_set\1nc3\1nc3_protein.pdb,data/refined_set\1nc3\1nc3_pocket.pdb,data/refined_set\1nc3\1nc3_ligand.mol2,mol2,True,,refined
1ndv,data/refined_set\1ndv\1ndv_protein.pdb,data/refined_set\1ndv\1ndv_pocket.pdb,data/refined_set\1ndv\1ndv_ligand.mol2,mol2,True,,refined
1ndw,data/refined_set\1ndw\1ndw_protein.pdb,data/refined_set\1ndw\1ndw_pocket.pdb,data/refined_set\1ndw\1ndw_ligand.mol2,mol2,True,,refined
1ndy,data/refined_set\1ndy\1ndy_protein.pdb,data/refined_set\1ndy\1ndy_pocket.pdb,data/refined_set\1ndy\1ndy_ligand.mol2,mol2,True,,refined
1ndz,data/refined_set\1ndz\1ndz_protein.pdb,data/refined_set\1ndz\1ndz_pocket.pdb,data/refined_set\1ndz\1ndz_ligand.mol2,mol2,True,,refined
1nf8,data/refined_set\1nf8\1nf8_protein.pdb,data/refined_set\1nf8\1nf8_pocket.pdb,data/refined_set\1nf8\1nf8_ligand.mol2,mol2,True,,refined
1nfu,data/refined_set\1nfu\1nfu_protein.pdb,data/refined_set\1nfu\1nfu_pocket.pdb,data/refined_set\1nfu\1nfu_ligand.mol2,mol2,True,,refined
1nfw,data/refined_set\1nfw\1nfw_protein.pdb,data/refined_set\1nfw\1nfw_pocket.pdb,data/refined_set\1nfw\1nfw_ligand.mol2,mol2,True,,refined
1nfx,data/refined_set\1nfx\1nfx_protein.pdb,data/refined_set\1nfx\1nfx_pocket.pdb,data/refined_set\1nfx\1nfx_ligand.mol2,mol2,True,,refined
1nfy,data/refined_set\1nfy\1nfy_protein.pdb,data/refined_set\1nfy\1nfy_pocket.pdb,data/refined_set\1nfy\1nfy_ligand.mol2,mol2,True,,refined
1nh0,data/refined_set\1nh0\1nh0_protein.pdb,data/refined_set\1nh0\1nh0_pocket.pdb,data/refined_set\1nh0\1nh0_ligand.mol2,mol2,True,,refined
1nhu,data/refined_set\1nhu\1nhu_protein.pdb,data/refined_set\1nhu\1nhu_pocket.pdb,data/refined_set\1nhu\1nhu_ligand.mol2,mol2,True,,refined
1nhz,data/refined_set\1nhz\1nhz_protein.pdb,data/refined_set\1nhz\1nhz_pocket.pdb,data/refined_set\1nhz\1nhz_ligand.mol2,mol2,True,,refined
1nja,data/refined_set\1nja\1nja_protein.pdb,data/refined_set\1nja\1nja_pocket.pdb,data/refined_set\1nja\1nja_ligand.mol2,mol2,True,,refined
1njc,data/refined_set\1njc\1njc_protein.pdb,data/refined_set\1njc\1njc_pocket.pdb,data/refined_set\1njc\1njc_ligand.mol2,mol2,True,,refined
1njd,data/refined_set\1njd\1njd_protein.pdb,data/refined_set\1njd\1njd_pocket.pdb,data/refined_set\1njd\1njd_ligand.mol2,mol2,True,,refined
1nje,data/refined_set\1nje\1nje_protein.pdb,data/refined_set\1nje\1nje_pocket.pdb,data/refined_set\1nje\1nje_ligand.mol2,mol2,True,,refined
1njs,data/refined_set\1njs\1njs_protein.pdb,data/refined_set\1njs\1njs_pocket.pdb,data/refined_set\1njs\1njs_ligand.mol2,mol2,True,,refined
1nki,data/refined_set\1nki\1nki_protein.pdb,data/refined_set\1nki\1nki_pocket.pdb,data/refined_set\1nki\1nki_ligand.mol2,mol2,True,,refined
1nl9,data/refined_set\1nl9\1nl9_protein.pdb,data/refined_set\1nl9\1nl9_pocket.pdb,data/refined_set\1nl9\1nl9_ligand.mol2,mol2,True,,refined
1nli,data/refined_set\1nli\1nli_protein.pdb,data/refined_set\1nli\1nli_pocket.pdb,data/refined_set\1nli\1nli_ligand.mol2,mol2,True,,refined
1nm6,data/refined_set\1nm6\1nm6_protein.pdb,data/refined_set\1nm6\1nm6_pocket.pdb,data/refined_set\1nm6\1nm6_ligand.mol2,mol2,True,,refined
1nny,data/refined_set\1nny\1nny_protein.pdb,data/refined_set\1nny\1nny_pocket.pdb,data/refined_set\1nny\1nny_ligand.mol2,mol2,True,,refined
1no6,data/refined_set\1no6\1no6_protein.pdb,data/refined_set\1no6\1no6_pocket.pdb,data/refined_set\1no6\1no6_ligand.mol2,mol2,True,,refined
1np0,data/refined_set\1np0\1np0_protein.pdb,data/refined_set\1np0\1np0_pocket.pdb,data/refined_set\1np0\1np0_ligand.mol2,mol2,True,,refined
1nq7,data/refined_set\1nq7\1nq7_protein.pdb,data/refined_set\1nq7\1nq7_pocket.pdb,data/refined_set\1nq7\1nq7_ligand.mol2,mol2,True,,refined
1nt1,data/refined_set\1nt1\1nt1_protein.pdb,data/refined_set\1nt1\1nt1_pocket.pdb,data/refined_set\1nt1\1nt1_ligand.mol2,mol2,True,,refined
1nvq,data/refined_set\1nvq\1nvq_protein.pdb,data/refined_set\1nvq\1nvq_pocket.pdb,data/refined_set\1nvq\1nvq_ligand.mol2,mol2,True,,refined
1nvr,data/refined_set\1nvr\1nvr_protein.pdb,data/refined_set\1nvr\1nvr_pocket.pdb,data/refined_set\1nvr\1nvr_ligand.mol2,mol2,True,,refined
1nvs,data/refined_set\1nvs\1nvs_protein.pdb,data/refined_set\1nvs\1nvs_pocket.pdb,data/refined_set\1nvs\1nvs_ligand.mol2,mol2,True,,refined
1nw4,data/refined_set\1nw4\1nw4_protein.pdb,data/refined_set\1nw4\1nw4_pocket.pdb,data/refined_set\1nw4\1nw4_ligand.mol2,mol2,True,,refined
1nw5,data/refined_set\1nw5\1nw5_protein.pdb,data/refined_set\1nw5\1nw5_pocket.pdb,data/refined_set\1nw5\1nw5_ligand.mol2,mol2,True,,refined
1nw7,data/refined_set\1nw7\1nw7_protein.pdb,data/refined_set\1nw7\1nw7_pocket.pdb,data/refined_set\1nw7\1nw7_ligand.mol2,mol2,True,,refined
1nwl,data/refined_set\1nwl\1nwl_protein.pdb,data/refined_set\1nwl\1nwl_pocket.pdb,data/refined_set\1nwl\1nwl_ligand.mol2,mol2,True,,refined
1nz7,data/refined_set\1nz7\1nz7_protein.pdb,data/refined_set\1nz7\1nz7_pocket.pdb,data/refined_set\1nz7\1nz7_ligand.mol2,mol2,True,,refined
1o0f,data/refined_set\1o0f\1o0f_protein.pdb,data/refined_set\1o0f\1o0f_pocket.pdb,data/refined_set\1o0f\1o0f_ligand.mol2,mol2,True,,refined
1o0h,data/refined_set\1o0h\1o0h_protein.pdb,data/refined_set\1o0h\1o0h_pocket.pdb,data/refined_set\1o0h\1o0h_ligand.mol2,mol2,True,,refined
1o0m,data/refined_set\1o0m\1o0m_protein.pdb,data/refined_set\1o0m\1o0m_pocket.pdb,data/refined_set\1o0m\1o0m_ligand.mol2,mol2,True,,refined
1o0n,data/refined_set\1o0n\1o0n_protein.pdb,data/refined_set\1o0n\1o0n_pocket.pdb,data/refined_set\1o0n\1o0n_ligand.mol2,mol2,True,,refined
1o1s,data/refined_set\1o1s\1o1s_protein.pdb,data/refined_set\1o1s\1o1s_pocket.pdb,data/refined_set\1o1s\1o1s_ligand.mol2,mol2,True,,refined
1o2h,data/refined_set\1o2h\1o2h_protein.pdb,data/refined_set\1o2h\1o2h_pocket.pdb,data/refined_set\1o2h\1o2h_ligand.mol2,mol2,True,,refined
1o2j,data/refined_set\1o2j\1o2j_protein.pdb,data/refined_set\1o2j\1o2j_pocket.pdb,data/refined_set\1o2j\1o2j_ligand.mol2,mol2,True,,refined
1o2n,data/refined_set\1o2n\1o2n_protein.pdb,data/refined_set\1o2n\1o2n_pocket.pdb,data/refined_set\1o2n\1o2n_ligand.mol2,mol2,True,,refined
1o2o,data/refined_set\1o2o\1o2o_protein.pdb,data/refined_set\1o2o\1o2o_pocket.pdb,data/refined_set\1o2o\1o2o_ligand.mol2,mol2,True,,refined
1o2q,data/refined_set\1o2q\1o2q_protein.pdb,data/refined_set\1o2q\1o2q_pocket.pdb,data/refined_set\1o2q\1o2q_ligand.mol2,mol2,True,,refined
1o2r,data/refined_set\1o2r\1o2r_protein.pdb,data/refined_set\1o2r\1o2r_pocket.pdb,data/refined_set\1o2r\1o2r_ligand.mol2,mol2,True,,refined
1o2w,data/refined_set\1o2w\1o2w_protein.pdb,data/refined_set\1o2w\1o2w_pocket.pdb,data/refined_set\1o2w\1o2w_ligand.mol2,mol2,True,,refined
1o2z,data/refined_set\1o2z\1o2z_protein.pdb,data/refined_set\1o2z\1o2z_pocket.pdb,data/refined_set\1o2z\1o2z_ligand.mol2,mol2,True,,refined
1o30,data/refined_set\1o30\1o30_protein.pdb,data/refined_set\1o30\1o30_pocket.pdb,data/refined_set\1o30\1o30_ligand.mol2,mol2,True,,refined
1o33,data/refined_set\1o33\1o33_protein.pdb,data/refined_set\1o33\1o33_pocket.pdb,data/refined_set\1o33\1o33_ligand.mol2,mol2,True,,refined
1o35,data/refined_set\1o35\1o35_protein.pdb,data/refined_set\1o35\1o35_pocket.pdb,data/refined_set\1o35\1o35_ligand.mol2,mol2,True,,refined
1o36,data/refined_set\1o36\1o36_protein.pdb,data/refined_set\1o36\1o36_pocket.pdb,data/refined_set\1o36\1o36_ligand.mol2,mol2,True,,refined
1o38,data/refined_set\1o38\1o38_protein.pdb,data/refined_set\1o38\1o38_pocket.pdb,data/refined_set\1o38\1o38_ligand.mol2,mol2,True,,refined
1o3d,data/refined_set\1o3d\1o3d_protein.pdb,data/refined_set\1o3d\1o3d_pocket.pdb,data/refined_set\1o3d\1o3d_ligand.mol2,mol2,True,,refined
1o3f,data/refined_set\1o3f\1o3f_protein.pdb,data/refined_set\1o3f\1o3f_pocket.pdb,data/refined_set\1o3f\1o3f_ligand.mol2,mol2,True,,refined
1o3i,data/refined_set\1o3i\1o3i_protein.pdb,data/refined_set\1o3i\1o3i_pocket.pdb,data/refined_set\1o3i\1o3i_ligand.mol2,mol2,True,,refined
1o3j,data/refined_set\1o3j\1o3j_protein.pdb,data/refined_set\1o3j\1o3j_pocket.pdb,data/refined_set\1o3j\1o3j_ligand.mol2,mol2,True,,refined
1o3l,data/refined_set\1o3l\1o3l_protein.pdb,data/refined_set\1o3l\1o3l_pocket.pdb,data/refined_set\1o3l\1o3l_ligand.mol2,mol2,True,,refined
1o5a,data/refined_set\1o5a\1o5a_protein.pdb,data/refined_set\1o5a\1o5a_pocket.pdb,data/refined_set\1o5a\1o5a_ligand.mol2,mol2,True,,refined
1o5c,data/refined_set\1o5c\1o5c_protein.pdb,data/refined_set\1o5c\1o5c_pocket.pdb,data/refined_set\1o5c\1o5c_ligand.mol2,mol2,True,,refined
1o5e,data/refined_set\1o5e\1o5e_protein.pdb,data/refined_set\1o5e\1o5e_pocket.pdb,data/refined_set\1o5e\1o5e_ligand.mol2,mol2,True,,refined
1o5g,data/refined_set\1o5g\1o5g_protein.pdb,data/refined_set\1o5g\1o5g_pocket.pdb,data/refined_set\1o5g\1o5g_ligand.mol2,mol2,True,,refined
1o5r,data/refined_set\1o5r\1o5r_protein.pdb,data/refined_set\1o5r\1o5r_pocket.pdb,data/refined_set\1o5r\1o5r_ligand.mol2,mol2,True,,refined
1o7o,data/refined_set\1o7o\1o7o_protein.pdb,data/refined_set\1o7o\1o7o_pocket.pdb,data/refined_set\1o7o\1o7o_ligand.mol2,mol2,True,,refined
1o86,data/refined_set\1o86\1o86_protein.pdb,data/refined_set\1o86\1o86_pocket.pdb,data/refined_set\1o86\1o86_ligand.mol2,mol2,True,,refined
1oar,data/refined_set\1oar\1oar_protein.pdb,data/refined_set\1oar\1oar_pocket.pdb,data/refined_set\1oar\1oar_ligand.mol2,mol2,True,,refined
1oau,data/refined_set\1oau\1oau_protein.pdb,data/refined_set\1oau\1oau_pocket.pdb,data/refined_set\1oau\1oau_ligand.mol2,mol2,True,,refined
1oba,data/refined_set\1oba\1oba_protein.pdb,data/refined_set\1oba\1oba_pocket.pdb,data/refined_set\1oba\1oba_ligand.mol2,mol2,True,,refined
1ocq,data/refined_set\1ocq\1ocq_protein.pdb,data/refined_set\1ocq\1ocq_pocket.pdb,data/refined_set\1ocq\1ocq_ligand.mol2,mol2,True,,refined
1od8,data/refined_set\1od8\1od8_protein.pdb,data/refined_set\1od8\1od8_pocket.pdb,data/refined_set\1od8\1od8_ligand.mol2,mol2,True,,refined
1odi,data/refined_set\1odi\1odi_protein.pdb,data/refined_set\1odi\1odi_pocket.pdb,data/refined_set\1odi\1odi_ligand.mol2,mol2,True,,refined
1odj,data/refined_set\1odj\1odj_protein.pdb,data/refined_set\1odj\1odj_pocket.pdb,data/refined_set\1odj\1odj_ligand.mol2,mol2,True,,refined
1oe8,data/refined_set\1oe8\1oe8_protein.pdb,data/refined_set\1oe8\1oe8_pocket.pdb,data/refined_set\1oe8\1oe8_ligand.mol2,mol2,True,,refined
1ogd,data/refined_set\1ogd\1ogd_protein.pdb,data/refined_set\1ogd\1ogd_pocket.pdb,data/refined_set\1ogd\1ogd_ligand.mol2,mol2,True,,refined
1ogg,data/refined_set\1ogg\1ogg_protein.pdb,data/refined_set\1ogg\1ogg_pocket.pdb,data/refined_set\1ogg\1ogg_ligand.mol2,mol2,True,,refined
1ogx,data/refined_set\1ogx\1ogx_protein.pdb,data/refined_set\1ogx\1ogx_pocket.pdb,data/refined_set\1ogx\1ogx_ligand.mol2,mol2,True,,refined
1ogz,data/refined_set\1ogz\1ogz_protein.pdb,data/refined_set\1ogz\1ogz_pocket.pdb,data/refined_set\1ogz\1ogz_ligand.mol2,mol2,True,,refined
1ohr,data/refined_set\1ohr\1ohr_protein.pdb,data/refined_set\1ohr\1ohr_pocket.pdb,data/refined_set\1ohr\1ohr_ligand.mol2,mol2,True,,refined
1oif,data/refined_set\1oif\1oif_protein.pdb,data/refined_set\1oif\1oif_pocket.pdb,data/refined_set\1oif\1oif_ligand.mol2,mol2,True,,refined
1okl,data/refined_set\1okl\1okl_protein.pdb,data/refined_set\1okl\1okl_pocket.pdb,data/refined_set\1okl\1okl_ligand.mol2,mol2,True,,refined
1ols,data/refined_set\1ols\1ols_protein.pdb,data/refined_set\1ols\1ols_pocket.pdb,data/refined_set\1ols\1ols_ligand.mol2,mol2,True,,refined
1olu,data/refined_set\1olu\1olu_protein.pdb,data/refined_set\1olu\1olu_pocket.pdb,data/refined_set\1olu\1olu_ligand.mol2,mol2,True,,refined
1olx,data/refined_set\1olx\1olx_protein.pdb,data/refined_set\1olx\1olx_pocket.pdb,data/refined_set\1olx\1olx_ligand.mol2,mol2,True,,refined
1om1,data/refined_set\1om1\1om1_protein.pdb,data/refined_set\1om1\1om1_pocket.pdb,data/refined_set\1om1\1om1_ligand.mol2,mol2,True,,refined
1ony,data/refined_set\1ony\1ony_protein.pdb,data/refined_set\1ony\1ony_pocket.pdb,data/refined_set\1ony\1ony_ligand.mol2,mol2,True,,refined
1onz,data/refined_set\1onz\1onz_protein.pdb,data/refined_set\1onz\1onz_pocket.pdb,data/refined_set\1onz\1onz_ligand.mol2,mol2,True,,refined
1ork,data/refined_set\1ork\1ork_protein.pdb,data/refined_set\1ork\1ork_pocket.pdb,data/refined_set\1ork\1ork_ligand.mol2,mol2,True,,refined
1os0,data/refined_set\1os0\1os0_protein.pdb,data/refined_set\1os0\1os0_pocket.pdb,data/refined_set\1os0\1os0_ligand.mol2,mol2,True,,refined
1os5,data/refined_set\1os5\1os5_protein.pdb,data/refined_set\1os5\1os5_pocket.pdb,data/refined_set\1os5\1os5_ligand.mol2,mol2,True,,refined
1oss,data/refined_set\1oss\1oss_protein.pdb,data/refined_set\1oss\1oss_pocket.pdb,data/refined_set\1oss\1oss_ligand.mol2,mol2,True,,refined
1owe,data/refined_set\1owe\1owe_protein.pdb,data/refined_set\1owe\1owe_pocket.pdb,data/refined_set\1owe\1owe_ligand.mol2,mol2,True,,refined
1owh,data/refined_set\1owh\1owh_protein.pdb,data/refined_set\1owh\1owh_pocket.pdb,data/refined_set\1owh\1owh_ligand.mol2,mol2,True,,refined
1oxr,data/refined_set\1oxr\1oxr_protein.pdb,data/refined_set\1oxr\1oxr_pocket.pdb,data/refined_set\1oxr\1oxr_ligand.mol2,mol2,True,,refined
1oyq,data/refined_set\1oyq\1oyq_protein.pdb,data/refined_set\1oyq\1oyq_pocket.pdb,data/refined_set\1oyq\1oyq_ligand.mol2,mol2,True,,refined
1oyt,data/refined_set\1oyt\1oyt_protein.pdb,data/refined_set\1oyt\1oyt_pocket.pdb,data/refined_set\1oyt\1oyt_ligand.mol2,mol2,True,,refined
1oz0,data/refined_set\1oz0\1oz0_protein.pdb,data/refined_set\1oz0\1oz0_pocket.pdb,data/refined_set\1oz0\1oz0_ligand.mol2,mol2,True,,refined
1p19,data/refined_set\1p19\1p19_protein.pdb,data/refined_set\1p19\1p19_pocket.pdb,data/refined_set\1p19\1p19_ligand.mol2,mol2,True,,refined
1p1n,data/refined_set\1p1n\1p1n_protein.pdb,data/refined_set\1p1n\1p1n_pocket.pdb,data/refined_set\1p1n\1p1n_ligand.mol2,mol2,True,,refined
1p1o,data/refined_set\1p1o\1p1o_protein.pdb,data/refined_set\1p1o\1p1o_pocket.pdb,data/refined_set\1p1o\1p1o_ligand.mol2,mol2,True,,refined
1p1q,data/refined_set\1p1q\1p1q_protein.pdb,data/refined_set\1p1q\1p1q_pocket.pdb,data/refined_set\1p1q\1p1q_ligand.mol2,mol2,True,,refined
1p57,data/refined_set\1p57\1p57_protein.pdb,data/refined_set\1p57\1p57_pocket.pdb,data/refined_set\1p57\1p57_ligand.mol2,mol2,True,,refined
1pa9,data/refined_set\1pa9\1pa9_protein.pdb,data/refined_set\1pa9\1pa9_pocket.pdb,data/refined_set\1pa9\1pa9_ligand.mol2,mol2,True,,refined
1pb8,data/refined_set\1pb8\1pb8_protein.pdb,data/refined_set\1pb8\1pb8_pocket.pdb,data/refined_set\1pb8\1pb8_ligand.mol2,mol2,True,,refined
1pb9,data/refined_set\1pb9\1pb9_protein.pdb,data/refined_set\1pb9\1pb9_pocket.pdb,data/refined_set\1pb9\1pb9_ligand.mol2,mol2,True,,refined
1pbq,data/refined_set\1pbq\1pbq_protein.pdb,data/refined_set\1pbq\1pbq_pocket.pdb,data/refined_set\1pbq\1pbq_ligand.mol2,mol2,True,,refined
1pdz,data/refined_set\1pdz\1pdz_protein.pdb,data/refined_set\1pdz\1pdz_pocket.pdb,data/refined_set\1pdz\1pdz_ligand.mol2,mol2,True,,refined
1pfu,data/refined_set\1pfu\1pfu_protein.pdb,data/refined_set\1pfu\1pfu_pocket.pdb,data/refined_set\1pfu\1pfu_ligand.mol2,mol2,True,,refined
1pgp,data/refined_set\1pgp\1pgp_protein.pdb,data/refined_set\1pgp\1pgp_pocket.pdb,data/refined_set\1pgp\1pgp_ligand.mol2,mol2,True,,refined
1phw,data/refined_set\1phw\1phw_protein.pdb,data/refined_set\1phw\1phw_pocket.pdb,data/refined_set\1phw\1phw_ligand.mol2,mol2,True,,refined
1pkx,data/refined_set\1pkx\1pkx_protein.pdb,data/refined_set\1pkx\1pkx_pocket.pdb,data/refined_set\1pkx\1pkx_ligand.mol2,mol2,True,,refined
1pme,data/refined_set\1pme\1pme_protein.pdb,data/refined_set\1pme\1pme_pocket.pdb,data/refined_set\1pme\1pme_ligand.mol2,mol2,True,,refined
1pot,data/refined_set\1pot\1pot_protein.pdb,data/refined_set\1pot\1pot_pocket.pdb,data/refined_set\1pot\1pot_ligand.mol2,mol2,True,,refined
1ppc,data/refined_set\1ppc\1ppc_protein.pdb,data/refined_set\1ppc\1ppc_pocket.pdb,data/refined_set\1ppc\1ppc_ligand.mol2,mol2,True,,refined
1pph,data/refined_set\1pph\1pph_protein.pdb,data/refined_set\1pph\1pph_pocket.pdb,data/refined_set\1pph\1pph_ligand.mol2,mol2,True,,refined
1ppi,data/refined_set\1ppi\1ppi_protein.pdb,data/refined_set\1ppi\1ppi_pocket.pdb,data/refined_set\1ppi\1ppi_ligand.mol2,mol2,True,,refined
1ppk,data/refined_set\1ppk\1ppk_protein.pdb,data/refined_set\1ppk\1ppk_pocket.pdb,data/refined_set\1ppk\1ppk_ligand.mol2,mol2,True,,refined
1ppl,data/refined_set\1ppl\1ppl_protein.pdb,data/refined_set\1ppl\1ppl_pocket.pdb,data/refined_set\1ppl\1ppl_ligand.mol2,mol2,True,,refined
1ppm,data/refined_set\1ppm\1ppm_protein.pdb,data/refined_set\1ppm\1ppm_pocket.pdb,data/refined_set\1ppm\1ppm_ligand.mol2,mol2,True,,refined
1pr5,data/refined_set\1pr5\1pr5_protein.pdb,data/refined_set\1pr5\1pr5_pocket.pdb,data/refined_set\1pr5\1pr5_ligand.mol2,mol2,True,,refined
1pro,data/refined_set\1pro\1pro_protein.pdb,data/refined_set\1pro\1pro_pocket.pdb,data/refined_set\1pro\1pro_ligand.mol2,mol2,True,,refined
1ps3,data/refined_set\1ps3\1ps3_protein.pdb,data/refined_set\1ps3\1ps3_pocket.pdb,data/refined_set\1ps3\1ps3_ligand.mol2,mol2,True,,refined
1pvn,data/refined_set\1pvn\1pvn_protein.pdb,data/refined_set\1pvn\1pvn_pocket.pdb,data/refined_set\1pvn\1pvn_ligand.mol2,mol2,True,,refined
1px4,data/refined_set\1px4\1px4_protein.pdb,data/refined_set\1px4\1px4_pocket.pdb,data/refined_set\1px4\1px4_ligand.mol2,mol2,True,,refined
1pxn,data/refined_set\1pxn\1pxn_protein.pdb,data/refined_set\1pxn\1pxn_pocket.pdb,data/refined_set\1pxn\1pxn_ligand.mol2,mol2,True,,refined
1pxo,data/refined_set\1pxo\1pxo_protein.pdb,data/refined_set\1pxo\1pxo_pocket.pdb,data/refined_set\1pxo\1pxo_ligand.mol2,mol2,True,,refined
1pxp,data/refined_set\1pxp\1pxp_protein.pdb,data/refined_set\1pxp\1pxp_pocket.pdb,data/refined_set\1pxp\1pxp_ligand.mol2,mol2,True,,refined
1pyn,data/refined_set\1pyn\1pyn_protein.pdb,data/refined_set\1pyn\1pyn_pocket.pdb,data/refined_set\1pyn\1pyn_ligand.mol2,mol2,True,,refined
1pz5,data/refined_set\1pz5\1pz5_protein.pdb,data/refined_set\1pz5\1pz5_pocket.pdb,data/refined_set\1pz5\1pz5_ligand.mol2,mol2,True,,refined
1pzi,data/refined_set\1pzi\1pzi_protein.pdb,data/refined_set\1pzi\1pzi_pocket.pdb,data/refined_set\1pzi\1pzi_ligand.mol2,mol2,True,,refined
1pzp,data/refined_set\1pzp\1pzp_protein.pdb,data/refined_set\1pzp\1pzp_pocket.pdb,data/refined_set\1pzp\1pzp_ligand.mol2,mol2,True,,refined
1q1g,data/refined_set\1q1g\1q1g_protein.pdb,data/refined_set\1q1g\1q1g_pocket.pdb,data/refined_set\1q1g\1q1g_ligand.mol2,mol2,True,,refined
1q54,data/refined_set\1q54\1q54_protein.pdb,data/refined_set\1q54\1q54_pocket.pdb,data/refined_set\1q54\1q54_ligand.mol2,mol2,True,,refined
1q5k,data/refined_set\1q5k\1q5k_protein.pdb,data/refined_set\1q5k\1q5k_pocket.pdb,data/refined_set\1q5k\1q5k_ligand.mol2,mol2,True,,refined
1q65,data/refined_set\1q65\1q65_protein.pdb,data/refined_set\1q65\1q65_pocket.pdb,data/refined_set\1q65\1q65_ligand.mol2,mol2,True,,refined
1q72,data/refined_set\1q72\1q72_protein.pdb,data/refined_set\1q72\1q72_pocket.pdb,data/refined_set\1q72\1q72_ligand.mol2,mol2,True,,refined
1q7a,data/refined_set\1q7a\1q7a_protein.pdb,data/refined_set\1q7a\1q7a_pocket.pdb,data/refined_set\1q7a\1q7a_ligand.mol2,mol2,True,,refined
1q84,data/refined_set\1q84\1q84_protein.pdb,data/refined_set\1q84\1q84_pocket.pdb,data/refined_set\1q84\1q84_ligand.mol2,mol2,True,,refined
1q8t,data/refined_set\1q8t\1q8t_protein.pdb,data/refined_set\1q8t\1q8t_pocket.pdb,data/refined_set\1q8t\1q8t_ligand.mol2,mol2,True,,refined
1q8u,data/refined_set\1q8u\1q8u_protein.pdb,data/refined_set\1q8u\1q8u_pocket.pdb,data/refined_set\1q8u\1q8u_ligand.mol2,mol2,True,,refined
1q8w,data/refined_set\1q8w\1q8w_protein.pdb,data/refined_set\1q8w\1q8w_pocket.pdb,data/refined_set\1q8w\1q8w_ligand.mol2,mol2,True,,refined
1q91,data/refined_set\1q91\1q91_protein.pdb,data/refined_set\1q91\1q91_pocket.pdb,data/refined_set\1q91\1q91_ligand.mol2,mol2,True,,refined
1qan,data/refined_set\1qan\1qan_protein.pdb,data/refined_set\1qan\1qan_pocket.pdb,data/refined_set\1qan\1qan_ligand.mol2,mol2,True,,refined
1qaw,data/refined_set\1qaw\1qaw_protein.pdb,data/refined_set\1qaw\1qaw_pocket.pdb,data/refined_set\1qaw\1qaw_ligand.mol2,mol2,True,,refined
1qb1,data/refined_set\1qb1\1qb1_protein.pdb,data/refined_set\1qb1\1qb1_pocket.pdb,data/refined_set\1qb1\1qb1_ligand.mol2,mol2,True,,refined
1qb6,data/refined_set\1qb6\1qb6_protein.pdb,data/refined_set\1qb6\1qb6_pocket.pdb,data/refined_set\1qb6\1qb6_ligand.mol2,mol2,True,,refined
1qb9,data/refined_set\1qb9\1qb9_protein.pdb,data/refined_set\1qb9\1qb9_pocket.pdb,data/refined_set\1qb9\1qb9_ligand.mol2,mol2,True,,refined
1qbn,data/refined_set\1qbn\1qbn_protein.pdb,data/refined_set\1qbn\1qbn_pocket.pdb,data/refined_set\1qbn\1qbn_ligand.mol2,mol2,True,,refined
1qbo,data/refined_set\1qbo\1qbo_protein.pdb,data/refined_set\1qbo\1qbo_pocket.pdb,data/refined_set\1qbo\1qbo_ligand.mol2,mol2,True,,refined
1qbq,data/refined_set\1qbq\1qbq_protein.pdb,data/refined_set\1qbq\1qbq_pocket.pdb,data/refined_set\1qbq\1qbq_ligand.mol2,mol2,True,,refined
1qbr,data/refined_set\1qbr\1qbr_protein.pdb,data/refined_set\1qbr\1qbr_pocket.pdb,data/refined_set\1qbr\1qbr_ligand.mol2,mol2,True,,refined
1qbs,data/refined_set\1qbs\1qbs_protein.pdb,data/refined_set\1qbs\1qbs_pocket.pdb,data/refined_set\1qbs\1qbs_ligand.mol2,mol2,True,,refined
1qbt,data/refined_set\1qbt\1qbt_protein.pdb,data/refined_set\1qbt\1qbt_pocket.pdb,data/refined_set\1qbt\1qbt_ligand.mol2,mol2,True,,refined
1qbu,data/refined_set\1qbu\1qbu_protein.pdb,data/refined_set\1qbu\1qbu_pocket.pdb,data/refined_set\1qbu\1qbu_ligand.mol2,mol2,True,,refined
1qbv,data/refined_set\1qbv\1qbv_protein.pdb,data/refined_set\1qbv\1qbv_pocket.pdb,data/refined_set\1qbv\1qbv_ligand.mol2,mol2,True,,refined
1qf0,data/refined_set\1qf0\1qf0_protein.pdb,data/refined_set\1qf0\1qf0_pocket.pdb,data/refined_set\1qf0\1qf0_ligand.mol2,mol2,True,,refined
1qf1,data/refined_set\1qf1\1qf1_protein.pdb,data/refined_set\1qf1\1qf1_pocket.pdb,data/refined_set\1qf1\1qf1_ligand.mol2,mol2,True,,refined
1qf2,data/refined_set\1qf2\1qf2_protein.pdb,data/refined_set\1qf2\1qf2_pocket.pdb,data/refined_set\1qf2\1qf2_ligand.mol2,mol2,True,,refined
1qft,data/refined_set\1qft\1qft_protein.pdb,data/refined_set\1qft\1qft_pocket.pdb,data/refined_set\1qft\1qft_ligand.mol2,mol2,True,,refined
1qhc,data/refined_set\1qhc\1qhc_protein.pdb,data/refined_set\1qhc\1qhc_pocket.pdb,data/refined_set\1qhc\1qhc_ligand.mol2,mol2,True,,refined
1qin,data/refined_set\1qin\1qin_protein.pdb,data/refined_set\1qin\1qin_pocket.pdb,data/refined_set\1qin\1qin_ligand.mol2,mol2,True,,refined
1qji,data/refined_set\1qji\1qji_protein.pdb,data/refined_set\1qji\1qji_pocket.pdb,data/refined_set\1qji\1qji_ligand.mol2,mol2,True,,refined
1qk3,data/refined_set\1qk3\1qk3_protein.pdb,data/refined_set\1qk3\1qk3_pocket.pdb,data/refined_set\1qk3\1qk3_ligand.mol2,mol2,True,,refined
1qk4,data/refined_set\1qk4\1qk4_protein.pdb,data/refined_set\1qk4\1qk4_pocket.pdb,data/refined_set\1qk4\1qk4_ligand.mol2,mol2,True,,refined
1qka,data/refined_set\1qka\1qka_protein.pdb,data/refined_set\1qka\1qka_pocket.pdb,data/refined_set\1qka\1qka_ligand.mol2,mol2,True,,refined
1qkb,data/refined_set\1qkb\1qkb_protein.pdb,data/refined_set\1qkb\1qkb_pocket.pdb,data/refined_set\1qkb\1qkb_ligand.mol2,mol2,True,,refined
1qkt,data/refined_set\1qkt\1qkt_protein.pdb,data/refined_set\1qkt\1qkt_pocket.pdb,data/refined_set\1qkt\1qkt_ligand.mol2,mol2,True,,refined
1ql7,data/refined_set\1ql7\1ql7_protein.pdb,data/refined_set\1ql7\1ql7_pocket.pdb,data/refined_set\1ql7\1ql7_ligand.mol2,mol2,True,,refined
1ql9,data/refined_set\1ql9\1ql9_protein.pdb,data/refined_set\1ql9\1ql9_pocket.pdb,data/refined_set\1ql9\1ql9_ligand.mol2,mol2,True,,refined
1qxk,data/refined_set\1qxk\1qxk_protein.pdb,data/refined_set\1qxk\1qxk_pocket.pdb,data/refined_set\1qxk\1qxk_ligand.mol2,mol2,True,,refined
1qxl,data/refined_set\1qxl\1qxl_protein.pdb,data/refined_set\1qxl\1qxl_pocket.pdb,data/refined_set\1qxl\1qxl_ligand.mol2,mol2,True,,refined
1qy1,data/refined_set\1qy1\1qy1_protein.pdb,data/refined_set\1qy1\1qy1_pocket.pdb,data/refined_set\1qy1\1qy1_ligand.mol2,mol2,True,,refined
1qy2,data/refined_set\1qy2\1qy2_protein.pdb,data/refined_set\1qy2\1qy2_pocket.pdb,data/refined_set\1qy2\1qy2_ligand.mol2,mol2,True,,refined
1qyg,data/refined_set\1qyg\1qyg_protein.pdb,data/refined_set\1qyg\1qyg_pocket.pdb,data/refined_set\1qyg\1qyg_ligand.mol2,mol2,True,,refined
1r0p,data/refined_set\1r0p\1r0p_protein.pdb,data/refined_set\1r0p\1r0p_pocket.pdb,data/refined_set\1r0p\1r0p_ligand.mol2,mol2,True,,refined
1r1h,data/refined_set\1r1h\1r1h_protein.pdb,data/refined_set\1r1h\1r1h_pocket.pdb,data/refined_set\1r1h\1r1h_ligand.mol2,mol2,True,,refined
1r1j,data/refined_set\1r1j\1r1j_protein.pdb,data/refined_set\1r1j\1r1j_pocket.pdb,data/refined_set\1r1j\1r1j_ligand.mol2,mol2,True,,refined
1r5y,data/refined_set\1r5y\1r5y_protein.pdb,data/refined_set\1r5y\1r5y_pocket.pdb,data/refined_set\1r5y\1r5y_ligand.mol2,mol2,True,,refined
1r9l,data/refined_set\1r9l\1r9l_protein.pdb,data/refined_set\1r9l\1r9l_pocket.pdb,data/refined_set\1r9l\1r9l_ligand.mol2,mol2,True,,refined
1rbp,data/refined_set\1rbp\1rbp_protein.pdb,data/refined_set\1rbp\1rbp_pocket.pdb,data/refined_set\1rbp\1rbp_ligand.mol2,mol2,True,,refined
1rd4,data/refined_set\1rd4\1rd4_protein.pdb,data/refined_set\1rd4\1rd4_pocket.pdb,data/refined_set\1rd4\1rd4_ligand.mol2,mol2,True,,refined
1rjk,data/refined_set\1rjk\1rjk_protein.pdb,data/refined_set\1rjk\1rjk_pocket.pdb,data/refined_set\1rjk\1rjk_ligand.mol2,mol2,True,,refined
1rmz,data/refined_set\1rmz\1rmz_protein.pdb,data/refined_set\1rmz\1rmz_pocket.pdb,data/refined_set\1rmz\1rmz_ligand.mol2,mol2,True,,refined
1rnm,data/refined_set\1rnm\1rnm_protein.pdb,data/refined_set\1rnm\1rnm_pocket.pdb,data/refined_set\1rnm\1rnm_ligand.mol2,mol2,True,,refined
1rnt,data/refined_set\1rnt\1rnt_protein.pdb,data/refined_set\1rnt\1rnt_pocket.pdb,data/refined_set\1rnt\1rnt_ligand.mol2,mol2,True,,refined
1ro6,data/refined_set\1ro6\1ro6_protein.pdb,data/refined_set\1ro6\1ro6_pocket.pdb,data/refined_set\1ro6\1ro6_ligand.mol2,mol2,True,,refined
1rp7,data/refined_set\1rp7\1rp7_protein.pdb,data/refined_set\1rp7\1rp7_pocket.pdb,data/refined_set\1rp7\1rp7_ligand.mol2,mol2,True,,refined
1rpf,data/refined_set\1rpf\1rpf_protein.pdb,data/refined_set\1rpf\1rpf_pocket.pdb,data/refined_set\1rpf\1rpf_ligand.mol2,mol2,True,,refined
1rpj,data/refined_set\1rpj\1rpj_protein.pdb,data/refined_set\1rpj\1rpj_pocket.pdb,data/refined_set\1rpj\1rpj_ligand.mol2,mol2,True,,refined
1rql,data/refined_set\1rql\1rql_protein.pdb,data/refined_set\1rql\1rql_pocket.pdb,data/refined_set\1rql\1rql_ligand.mol2,mol2,True,,refined
1rr6,data/refined_set\1rr6\1rr6_protein.pdb,data/refined_set\1rr6\1rr6_pocket.pdb,data/refined_set\1rr6\1rr6_ligand.mol2,mol2,True,,refined
1rtf,data/refined_set\1rtf\1rtf_protein.pdb,data/refined_set\1rtf\1rtf_pocket.pdb,data/refined_set\1rtf\1rtf_ligand.mol2,mol2,True,,refined
1s19,data/refined_set\1s19\1s19_protein.pdb,data/refined_set\1s19\1s19_pocket.pdb,data/refined_set\1s19\1s19_ligand.mol2,mol2,True,,refined
1s38,data/refined_set\1s38\1s38_protein.pdb,data/refined_set\1s38\1s38_pocket.pdb,data/refined_set\1s38\1s38_ligand.mol2,mol2,True,,refined
1s39,data/refined_set\1s39\1s39_protein.pdb,data/refined_set\1s39\1s39_pocket.pdb,data/refined_set\1s39\1s39_ligand.mol2,mol2,True,,refined
1s5z,data/refined_set\1s5z\1s5z_protein.pdb,data/refined_set\1s5z\1s5z_pocket.pdb,data/refined_set\1s5z\1s5z_ligand.mol2,mol2,True,,refined
1s89,data/refined_set\1s89\1s89_protein.pdb,data/refined_set\1s89\1s89_pocket.pdb,data/refined_set\1s89\1s89_ligand.mol2,mol2,True,,refined
1sb1,data/refined_set\1sb1\1sb1_protein.pdb,data/refined_set\1sb1\1sb1_pocket.pdb,data/refined_set\1sb1\1sb1_ligand.mol2,mol2,True,,refined
1sbg,data/refined_set\1sbg\1sbg_protein.pdb,data/refined_set\1sbg\1sbg_pocket.pdb,data/refined_set\1sbg\1sbg_ligand.mol2,mol2,True,,refined
1sdt,data/refined_set\1sdt\1sdt_protein.pdb,data/refined_set\1sdt\1sdt_pocket.pdb,data/refined_set\1sdt\1sdt_ligand.mol2,mol2,True,,refined
1sdu,data/refined_set\1sdu\1sdu_protein.pdb,data/refined_set\1sdu\1sdu_pocket.pdb,data/refined_set\1sdu\1sdu_ligand.mol2,mol2,True,,refined
1sdv,data/refined_set\1sdv\1sdv_protein.pdb,data/refined_set\1sdv\1sdv_pocket.pdb,data/refined_set\1sdv\1sdv_ligand.mol2,mol2,True,,refined
1sgu,data/refined_set\1sgu\1sgu_protein.pdb,data/refined_set\1sgu\1sgu_pocket.pdb,data/refined_set\1sgu\1sgu_ligand.mol2,mol2,True,,refined
1sh9,data/refined_set\1sh9\1sh9_protein.pdb,data/refined_set\1sh9\1sh9_pocket.pdb,data/refined_set\1sh9\1sh9_ligand.mol2,mol2,True,,refined
1siv,data/refined_set\1siv\1siv_protein.pdb,data/refined_set\1siv\1siv_pocket.pdb,data/refined_set\1siv\1siv_ligand.mol2,mol2,True,,refined
1sl3,data/refined_set\1sl3\1sl3_protein.pdb,data/refined_set\1sl3\1sl3_pocket.pdb,data/refined_set\1sl3\1sl3_ligand.sdf,sdf,True,,refined
1sld,data/refined_set\1sld\1sld_protein.pdb,data/refined_set\1sld\1sld_pocket.pdb,data/refined_set\1sld\1sld_ligand.mol2,mol2,True,,refined
1sln,data/refined_set\1sln\1sln_protein.pdb,data/refined_set\1sln\1sln_pocket.pdb,data/refined_set\1sln\1sln_ligand.mol2,mol2,True,,refined
1sqa,data/refined_set\1sqa\1sqa_protein.pdb,data/refined_set\1sqa\1sqa_pocket.pdb,data/refined_set\1sqa\1sqa_ligand.mol2,mol2,True,,refined
1sqo,data/refined_set\1sqo\1sqo_protein.pdb,data/refined_set\1sqo\1sqo_pocket.pdb,data/refined_set\1sqo\1sqo_ligand.mol2,mol2,True,,refined
1sqt,data/refined_set\1sqt\1sqt_protein.pdb,data/refined_set\1sqt\1sqt_pocket.pdb,data/refined_set\1sqt\1sqt_ligand.mol2,mol2,True,,refined
1sr7,data/refined_set\1sr7\1sr7_protein.pdb,data/refined_set\1sr7\1sr7_pocket.pdb,data/refined_set\1sr7\1sr7_ligand.mol2,mol2,True,,refined
1srg,data/refined_set\1srg\1srg_protein.pdb,data/refined_set\1srg\1srg_pocket.pdb,data/refined_set\1srg\1srg_ligand.mol2,mol2,True,,refined
1ssq,data/refined_set\1ssq\1ssq_protein.pdb,data/refined_set\1ssq\1ssq_pocket.pdb,data/refined_set\1ssq\1ssq_ligand.mol2,mol2,True,,refined
1stc,data/refined_set\1stc\1stc_protein.pdb,data/refined_set\1stc\1stc_pocket.pdb,data/refined_set\1stc\1stc_ligand.mol2,mol2,True,,refined
1str,data/refined_set\1str\1str_protein.pdb,data/refined_set\1str\1str_pocket.pdb,data/refined_set\1str\1str_ligand.mol2,mol2,True,,refined
1sv3,data/refined_set\1sv3\1sv3_protein.pdb,data/refined_set\1sv3\1sv3_pocket.pdb,data/refined_set\1sv3\1sv3_ligand.mol2,mol2,True,,refined
1sw2,data/refined_set\1sw2\1sw2_protein.pdb,data/refined_set\1sw2\1sw2_pocket.pdb,data/refined_set\1sw2\1sw2_ligand.mol2,mol2,True,,refined
1swg,data/refined_set\1swg\1swg_protein.pdb,data/refined_set\1swg\1swg_pocket.pdb,data/refined_set\1swg\1swg_ligand.mol2,mol2,True,,refined
1swr,data/refined_set\1swr\1swr_protein.pdb,data/refined_set\1swr\1swr_pocket.pdb,data/refined_set\1swr\1swr_ligand.mol2,mol2,True,,refined
1syh,data/refined_set\1syh\1syh_protein.pdb,data/refined_set\1syh\1syh_pocket.pdb,data/refined_set\1syh\1syh_ligand.mol2,mol2,True,,refined
1syi,data/refined_set\1syi\1syi_protein.pdb,data/refined_set\1syi\1syi_pocket.pdb,data/refined_set\1syi\1syi_ligand.mol2,mol2,True,,refined
1szd,data/refined_set\1szd\1szd_protein.pdb,data/refined_set\1szd\1szd_pocket.pdb,data/refined_set\1szd\1szd_ligand.mol2,mol2,True,,refined
1t31,data/refined_set\1t31\1t31_protein.pdb,data/refined_set\1t31\1t31_pocket.pdb,data/refined_set\1t31\1t31_ligand.mol2,mol2,True,,refined
1t32,data/refined_set\1t32\1t32_protein.pdb,data/refined_set\1t32\1t32_pocket.pdb,data/refined_set\1t32\1t32_ligand.mol2,mol2,True,,refined
1t4v,data/refined_set\1t4v\1t4v_protein.pdb,data/refined_set\1t4v\1t4v_pocket.pdb,data/refined_set\1t4v\1t4v_ligand.mol2,mol2,True,,refined
1t5f,data/refined_set\1t5f\1t5f_protein.pdb,data/refined_set\1t5f\1t5f_pocket.pdb,data/refined_set\1t5f\1t5f_ligand.mol2,mol2,True,,refined
1t7d,data/refined_set\1t7d\1t7d_protein.pdb,data/refined_set\1t7d\1t7d_pocket.pdb,data/refined_set\1t7d\1t7d_ligand.mol2,mol2,True,,refined
1t7j,data/refined_set\1t7j\1t7j_protein.pdb,data/refined_set\1t7j\1t7j_pocket.pdb,data/refined_set\1t7j\1t7j_ligand.mol2,mol2,True,,refined
1ta6,data/refined_set\1ta6\1ta6_protein.pdb,data/refined_set\1ta6\1ta6_pocket.pdb,data/refined_set\1ta6\1ta6_ligand.mol2,mol2,True,,refined
1tcx,data/refined_set\1tcx\1tcx_protein.pdb,data/refined_set\1tcx\1tcx_pocket.pdb,data/refined_set\1tcx\1tcx_ligand.mol2,mol2,True,,refined
1td7,data/refined_set\1td7\1td7_protein.pdb,data/refined_set\1td7\1td7_pocket.pdb,data/refined_set\1td7\1td7_ligand.mol2,mol2,True,,refined
1thz,data/refined_set\1thz\1thz_protein.pdb,data/refined_set\1thz\1thz_pocket.pdb,data/refined_set\1thz\1thz_ligand.mol2,mol2,True,,refined
1tjp,data/refined_set\1tjp\1tjp_protein.pdb,data/refined_set\1tjp\1tjp_pocket.pdb,data/refined_set\1tjp\1tjp_ligand.mol2,mol2,True,,refined
1tkb,data/refined_set\1tkb\1tkb_protein.pdb,data/refined_set\1tkb\1tkb_pocket.pdb,data/refined_set\1tkb\1tkb_ligand.mol2,mol2,True,,refined
1tlp,data/refined_set\1tlp\1tlp_protein.pdb,data/refined_set\1tlp\1tlp_pocket.pdb,data/refined_set\1tlp\1tlp_ligand.mol2,mol2,True,,refined
1tmn,data/refined_set\1tmn\1tmn_protein.pdb,data/refined_set\1tmn\1tmn_pocket.pdb,data/refined_set\1tmn\1tmn_ligand.mol2,mol2,True,,refined
1tng,data/refined_set\1tng\1tng_protein.pdb,data/refined_set\1tng\1tng_pocket.pdb,data/refined_set\1tng\1tng_ligand.mol2,mol2,True,,refined
1tnh,data/refined_set\1tnh\1tnh_protein.pdb,data/refined_set\1tnh\1tnh_pocket.pdb,data/refined_set\1tnh\1tnh_ligand.mol2,mol2,True,,refined
1tni,data/refined_set\1tni\1tni_protein.pdb,data/refined_set\1tni\1tni_pocket.pdb,data/refined_set\1tni\1tni_ligand.mol2,mol2,True,,refined
1tom,data/refined_set\1tom\1tom_protein.pdb,data/refined_set\1tom\1tom_pocket.pdb,data/refined_set\1tom\1tom_ligand.mol2,mol2,True,,refined
1tpw,data/refined_set\1tpw\1tpw_protein.pdb,data/refined_set\1tpw\1tpw_pocket.pdb,data/refined_set\1tpw\1tpw_ligand.mol2,mol2,True,,refined
1tq4,data/refined_set\1tq4\1tq4_protein.pdb,data/refined_set\1tq4\1tq4_pocket.pdb,data/refined_set\1tq4\1tq4_ligand.mol2,mol2,True,,refined
1trd,data/refined_set\1trd\1trd_protein.pdb,data/refined_set\1trd\1trd_pocket.pdb,data/refined_set\1trd\1trd_ligand.mol2,mol2,True,,refined
1tsy,data/refined_set\1tsy\1tsy_protein.pdb,data/refined_set\1tsy\1tsy_pocket.pdb,data/refined_set\1tsy\1tsy_ligand.mol2,mol2,True,,refined
1ttm,data/refined_set\1ttm\1ttm_protein.pdb,data/refined_set\1ttm\1ttm_pocket.pdb,data/refined_set\1ttm\1ttm_ligand.mol2,mol2,True,,refined
1tx7,data/refined_set\1tx7\1tx7_protein.pdb,data/refined_set\1tx7\1tx7_pocket.pdb,data/refined_set\1tx7\1tx7_ligand.mol2,mol2,True,,refined
1txr,data/refined_set\1txr\1txr_protein.pdb,data/refined_set\1txr\1txr_pocket.pdb,data/refined_set\1txr\1txr_ligand.mol2,mol2,True,,refined
1u0g,data/refined_set\1u0g\1u0g_protein.pdb,data/refined_set\1u0g\1u0g_pocket.pdb,data/refined_set\1u0g\1u0g_ligand.mol2,mol2,True,,refined
1u1b,data/refined_set\1u1b\1u1b_protein.pdb,data/refined_set\1u1b\1u1b_pocket.pdb,data/refined_set\1u1b\1u1b_ligand.mol2,mol2,True,,refined
1u1w,data/refined_set\1u1w\1u1w_protein.pdb,data/refined_set\1u1w\1u1w_pocket.pdb,data/refined_set\1u1w\1u1w_ligand.mol2,mol2,True,,refined
1u33,data/refined_set\1u33\1u33_protein.pdb,data/refined_set\1u33\1u33_pocket.pdb,data/refined_set\1u33\1u33_ligand.mol2,mol2,True,,refined
1u71,data/refined_set\1u71\1u71_protein.pdb,data/refined_set\1u71\1u71_pocket.pdb,data/refined_set\1u71\1u71_ligand.mol2,mol2,True,,refined
1ua4,data/refined_set\1ua4\1ua4_protein.pdb,data/refined_set\1ua4\1ua4_pocket.pdb,data/refined_set\1ua4\1ua4_ligand.mol2,mol2,True,,refined
1ucn,data/refined_set\1ucn\1ucn_protein.pdb,data/refined_set\1ucn\1ucn_pocket.pdb,data/refined_set\1ucn\1ucn_ligand.mol2,mol2,True,,refined
1ugx,data/refined_set\1ugx\1ugx_protein.pdb,data/refined_set\1ugx\1ugx_pocket.pdb,data/refined_set\1ugx\1ugx_ligand.mol2,mol2,True,,refined
1uho,data/refined_set\1uho\1uho_protein.pdb,data/refined_set\1uho\1uho_pocket.pdb,data/refined_set\1uho\1uho_ligand.mol2,mol2,True,,refined
1ui0,data/refined_set\1ui0\1ui0_protein.pdb,data/refined_set\1ui0\1ui0_pocket.pdb,data/refined_set\1ui0\1ui0_ligand.mol2,mol2,True,,refined
1uj5,data/refined_set\1uj5\1uj5_protein.pdb,data/refined_set\1uj5\1uj5_pocket.pdb,data/refined_set\1uj5\1uj5_ligand.mol2,mol2,True,,refined
1uml,data/refined_set\1uml\1uml_protein.pdb,data/refined_set\1uml\1uml_pocket.pdb,data/refined_set\1uml\1uml_ligand.mol2,mol2,True,,refined
1uou,data/refined_set\1uou\1uou_protein.pdb,data/refined_set\1uou\1uou_pocket.pdb,data/refined_set\1uou\1uou_ligand.mol2,mol2,True,,refined
1upf,data/refined_set\1upf\1upf_protein.pdb,data/refined_set\1upf\1upf_pocket.pdb,data/refined_set\1upf\1upf_ligand.mol2,mol2,True,,refined
1ur9,data/refined_set\1ur9\1ur9_protein.pdb,data/refined_set\1ur9\1ur9_pocket.pdb,data/refined_set\1ur9\1ur9_ligand.mol2,mol2,True,,refined
1usi,data/refined_set\1usi\1usi_protein.pdb,data/refined_set\1usi\1usi_pocket.pdb,data/refined_set\1usi\1usi_ligand.mol2,mol2,True,,refined
1usk,data/refined_set\1usk\1usk_protein.pdb,data/refined_set\1usk\1usk_pocket.pdb,data/refined_set\1usk\1usk_ligand.mol2,mol2,True,,refined
1usn,data/refined_set\1usn\1usn_protein.pdb,data/refined_set\1usn\1usn_pocket.pdb,data/refined_set\1usn\1usn_ligand.mol2,mol2,True,,refined
1utj,data/refined_set\1utj\1utj_protein.pdb,data/refined_set\1utj\1utj_pocket.pdb,data/refined_set\1utj\1utj_ligand.mol2,mol2,True,,refined
1utl,data/refined_set\1utl\1utl_protein.pdb,data/refined_set\1utl\1utl_pocket.pdb,data/refined_set\1utl\1utl_ligand.mol2,mol2,True,,refined
1utm,data/refined_set\1utm\1utm_protein.pdb,data/refined_set\1utm\1utm_pocket.pdb,data/refined_set\1utm\1utm_ligand.mol2,mol2,True,,refined
1utn,data/refined_set\1utn\1utn_protein.pdb,data/refined_set\1utn\1utn_pocket.pdb,data/refined_set\1utn\1utn_ligand.mol2,mol2,True,,refined
1uto,data/refined_set\1uto\1uto_protein.pdb,data/refined_set\1uto\1uto_pocket.pdb,data/refined_set\1uto\1uto_ligand.mol2,mol2,True,,refined
1uv6,data/refined_set\1uv6\1uv6_protein.pdb,data/refined_set\1uv6\1uv6_pocket.pdb,data/refined_set\1uv6\1uv6_ligand.mol2,mol2,True,,refined
1uvt,data/refined_set\1uvt\1uvt_protein.pdb,data/refined_set\1uvt\1uvt_pocket.pdb,data/refined_set\1uvt\1uvt_ligand.mol2,mol2,True,,refined
1uw6,data/refined_set\1uw6\1uw6_protein.pdb,data/refined_set\1uw6\1uw6_pocket.pdb,data/refined_set\1uw6\1uw6_ligand.mol2,mol2,True,,refined
1uwf,data/refined_set\1uwf\1uwf_protein.pdb,data/refined_set\1uwf\1uwf_pocket.pdb,data/refined_set\1uwf\1uwf_ligand.mol2,mol2,True,,refined
1uwt,data/refined_set\1uwt\1uwt_protein.pdb,data/refined_set\1uwt\1uwt_pocket.pdb,data/refined_set\1uwt\1uwt_ligand.mol2,mol2,True,,refined
1uwu,data/refined_set\1uwu\1uwu_protein.pdb,data/refined_set\1uwu\1uwu_pocket.pdb,data/refined_set\1uwu\1uwu_ligand.mol2,mol2,True,,refined
1uz1,data/refined_set\1uz1\1uz1_protein.pdb,data/refined_set\1uz1\1uz1_pocket.pdb,data/refined_set\1uz1\1uz1_ligand.mol2,mol2,True,,refined
1uz4,data/refined_set\1uz4\1uz4_protein.pdb,data/refined_set\1uz4\1uz4_pocket.pdb,data/refined_set\1uz4\1uz4_ligand.mol2,mol2,True,,refined
1uz8,data/refined_set\1uz8\1uz8_protein.pdb,data/refined_set\1uz8\1uz8_pocket.pdb,data/refined_set\1uz8\1uz8_ligand.mol2,mol2,True,,refined
1v0k,data/refined_set\1v0k\1v0k_protein.pdb,data/refined_set\1v0k\1v0k_pocket.pdb,data/refined_set\1v0k\1v0k_ligand.mol2,mol2,True,,refined
1v0l,data/refined_set\1v0l\1v0l_protein.pdb,data/refined_set\1v0l\1v0l_pocket.pdb,data/refined_set\1v0l\1v0l_ligand.mol2,mol2,True,,refined
1v11,data/refined_set\1v11\1v11_protein.pdb,data/refined_set\1v11\1v11_pocket.pdb,data/refined_set\1v11\1v11_ligand.mol2,mol2,True,,refined
1v16,data/refined_set\1v16\1v16_protein.pdb,data/refined_set\1v16\1v16_pocket.pdb,data/refined_set\1v16\1v16_ligand.mol2,mol2,True,,refined
1v1j,data/refined_set\1v1j\1v1j_protein.pdb,data/refined_set\1v1j\1v1j_pocket.pdb,data/refined_set\1v1j\1v1j_ligand.mol2,mol2,True,,refined
1v1m,data/refined_set\1v1m\1v1m_protein.pdb,data/refined_set\1v1m\1v1m_pocket.pdb,data/refined_set\1v1m\1v1m_ligand.mol2,mol2,True,,refined
1v2j,data/refined_set\1v2j\1v2j_protein.pdb,data/refined_set\1v2j\1v2j_pocket.pdb,data/refined_set\1v2j\1v2j_ligand.mol2,mol2,True,,refined
1v2k,data/refined_set\1v2k\1v2k_protein.pdb,data/refined_set\1v2k\1v2k_pocket.pdb,data/refined_set\1v2k\1v2k_ligand.mol2,mol2,True,,refined
1v2l,data/refined_set\1v2l\1v2l_protein.pdb,data/refined_set\1v2l\1v2l_pocket.pdb,data/refined_set\1v2l\1v2l_ligand.mol2,mol2,True,,refined
1v2n,data/refined_set\1v2n\1v2n_protein.pdb,data/refined_set\1v2n\1v2n_pocket.pdb,data/refined_set\1v2n\1v2n_ligand.mol2,mol2,True,,refined
1v2o,data/refined_set\1v2o\1v2o_protein.pdb,data/refined_set\1v2o\1v2o_pocket.pdb,data/refined_set\1v2o\1v2o_ligand.mol2,mol2,True,,refined
1v2r,data/refined_set\1v2r\1v2r_protein.pdb,data/refined_set\1v2r\1v2r_pocket.pdb,data/refined_set\1v2r\1v2r_ligand.mol2,mol2,True,,refined
1v2s,data/refined_set\1v2s\1v2s_protein.pdb,data/refined_set\1v2s\1v2s_pocket.pdb,data/refined_set\1v2s\1v2s_ligand.mol2,mol2,True,,refined
1v2t,data/refined_set\1v2t\1v2t_protein.pdb,data/refined_set\1v2t\1v2t_pocket.pdb,data/refined_set\1v2t\1v2t_ligand.mol2,mol2,True,,refined
1v2u,data/refined_set\1v2u\1v2u_protein.pdb,data/refined_set\1v2u\1v2u_pocket.pdb,data/refined_set\1v2u\1v2u_ligand.mol2,mol2,True,,refined
1v2w,data/refined_set\1v2w\1v2w_protein.pdb,data/refined_set\1v2w\1v2w_pocket.pdb,data/refined_set\1v2w\1v2w_ligand.mol2,mol2,True,,refined
1v48,data/refined_set\1v48\1v48_protein.pdb,data/refined_set\1v48\1v48_pocket.pdb,data/refined_set\1v48\1v48_ligand.mol2,mol2,True,,refined
1v7a,data/refined_set\1v7a\1v7a_protein.pdb,data/refined_set\1v7a\1v7a_pocket.pdb,data/refined_set\1v7a\1v7a_ligand.mol2,mol2,True,,refined
1vfn,data/refined_set\1vfn\1vfn_protein.pdb,data/refined_set\1vfn\1vfn_pocket.pdb,data/refined_set\1vfn\1vfn_ligand.mol2,mol2,True,,refined
1vso,data/refined_set\1vso\1vso_protein.pdb,data/refined_set\1vso\1vso_pocket.pdb,data/refined_set\1vso\1vso_ligand.mol2,mol2,True,,refined
1vyf,data/refined_set\1vyf\1vyf_protein.pdb,data/refined_set\1vyf\1vyf_pocket.pdb,data/refined_set\1vyf\1vyf_ligand.mol2,mol2,True,,refined
1vyg,data/refined_set\1vyg\1vyg_protein.pdb,data/refined_set\1vyg\1vyg_pocket.pdb,data/refined_set\1vyg\1vyg_ligand.mol2,mol2,True,,refined
1vzq,data/refined_set\1vzq\1vzq_protein.pdb,data/refined_set\1vzq\1vzq_pocket.pdb,data/refined_set\1vzq\1vzq_ligand.mol2,mol2,True,,refined
1w0z,data/refined_set\1w0z\1w0z_protein.pdb,data/refined_set\1w0z\1w0z_pocket.pdb,data/refined_set\1w0z\1w0z_ligand.mol2,mol2,True,,refined
1w11,data/refined_set\1w11\1w11_protein.pdb,data/refined_set\1w11\1w11_pocket.pdb,data/refined_set\1w11\1w11_ligand.mol2,mol2,True,,refined
1w13,data/refined_set\1w13\1w13_protein.pdb,data/refined_set\1w13\1w13_pocket.pdb,data/refined_set\1w13\1w13_ligand.mol2,mol2,True,,refined
1w3j,data/refined_set\1w3j\1w3j_protein.pdb,data/refined_set\1w3j\1w3j_pocket.pdb,data/refined_set\1w3j\1w3j_ligand.mol2,mol2,True,,refined
1w3k,data/refined_set\1w3k\1w3k_protein.pdb,data/refined_set\1w3k\1w3k_pocket.pdb,data/refined_set\1w3k\1w3k_ligand.mol2,mol2,True,,refined
1w3l,data/refined_set\1w3l\1w3l_protein.pdb,data/refined_set\1w3l\1w3l_pocket.pdb,data/refined_set\1w3l\1w3l_ligand.mol2,mol2,True,,refined
1w4o,data/refined_set\1w4o\1w4o_protein.pdb,data/refined_set\1w4o\1w4o_pocket.pdb,data/refined_set\1w4o\1w4o_ligand.mol2,mol2,True,,refined
1w4p,data/refined_set\1w4p\1w4p_protein.pdb,data/refined_set\1w4p\1w4p_pocket.pdb,data/refined_set\1w4p\1w4p_ligand.mol2,mol2,True,,refined
1w4q,data/refined_set\1w4q\1w4q_protein.pdb,data/refined_set\1w4q\1w4q_pocket.pdb,data/refined_set\1w4q\1w4q_ligand.mol2,mol2,True,,refined
1w5v,data/refined_set\1w5v\1w5v_protein.pdb,data/refined_set\1w5v\1w5v_pocket.pdb,data/refined_set\1w5v\1w5v_ligand.mol2,mol2,True,,refined
1w5w,data/refined_set\1w5w\1w5w_protein.pdb,data/refined_set\1w5w\1w5w_pocket.pdb,data/refined_set\1w5w\1w5w_ligand.mol2,mol2,True,,refined
1w5x,data/refined_set\1w5x\1w5x_protein.pdb,data/refined_set\1w5x\1w5x_pocket.pdb,data/refined_set\1w5x\1w5x_ligand.mol2,mol2,True,,refined
1w5y,data/refined_set\1w5y\1w5y_protein.pdb,data/refined_set\1w5y\1w5y_pocket.pdb,data/refined_set\1w5y\1w5y_ligand.mol2,mol2,True,,refined
1w7g,data/refined_set\1w7g\1w7g_protein.pdb,data/refined_set\1w7g\1w7g_pocket.pdb,data/refined_set\1w7g\1w7g_ligand.mol2,mol2,True,,refined
1w96,data/refined_set\1w96\1w96_protein.pdb,data/refined_set\1w96\1w96_pocket.pdb,data/refined_set\1w96\1w96_ligand.mol2,mol2,True,,refined
1w9u,data/refined_set\1w9u\1w9u_protein.pdb,data/refined_set\1w9u\1w9u_pocket.pdb,data/refined_set\1w9u\1w9u_ligand.mol2,mol2,True,,refined
1w9v,data/refined_set\1w9v\1w9v_protein.pdb,data/refined_set\1w9v\1w9v_pocket.pdb,data/refined_set\1w9v\1w9v_ligand.mol2,mol2,True,,refined
1wc1,data/refined_set\1wc1\1wc1_protein.pdb,data/refined_set\1wc1\1wc1_pocket.pdb,,,False,1wc1_ligand.mol2/.sdf missing or failed to parse,refined
1wcq,data/refined_set\1wcq\1wcq_protein.pdb,data/refined_set\1wcq\1wcq_pocket.pdb,data/refined_set\1wcq\1wcq_ligand.mol2,mol2,True,,refined
1wdn,data/refined_set\1wdn\1wdn_protein.pdb,data/refined_set\1wdn\1wdn_pocket.pdb,data/refined_set\1wdn\1wdn_ligand.mol2,mol2,True,,refined
1wht,data/refined_set\1wht\1wht_protein.pdb,data/refined_set\1wht\1wht_pocket.pdb,data/refined_set\1wht\1wht_ligand.mol2,mol2,True,,refined
1wm1,data/refined_set\1wm1\1wm1_protein.pdb,data/refined_set\1wm1\1wm1_pocket.pdb,data/refined_set\1wm1\1wm1_ligand.mol2,mol2,True,,refined
1wn6,data/refined_set\1wn6\1wn6_protein.pdb,data/refined_set\1wn6\1wn6_pocket.pdb,data/refined_set\1wn6\1wn6_ligand.mol2,mol2,True,,refined
1ws1,data/refined_set\1ws1\1ws1_protein.pdb,data/refined_set\1ws1\1ws1_pocket.pdb,data/refined_set\1ws1\1ws1_ligand.mol2,mol2,True,,refined
1ws4,data/refined_set\1ws4\1ws4_protein.pdb,data/refined_set\1ws4\1ws4_pocket.pdb,data/refined_set\1ws4\1ws4_ligand.mol2,mol2,True,,refined
1wuq,data/refined_set\1wuq\1wuq_protein.pdb,data/refined_set\1wuq\1wuq_pocket.pdb,data/refined_set\1wuq\1wuq_ligand.mol2,mol2,True,,refined
1wur,data/refined_set\1wur\1wur_protein.pdb,data/refined_set\1wur\1wur_pocket.pdb,data/refined_set\1wur\1wur_ligand.mol2,mol2,True,,refined
1wvj,data/refined_set\1wvj\1wvj_protein.pdb,data/refined_set\1wvj\1wvj_pocket.pdb,data/refined_set\1wvj\1wvj_ligand.mol2,mol2,True,,refined
1x1z,data/refined_set\1x1z\1x1z_protein.pdb,data/refined_set\1x1z\1x1z_pocket.pdb,data/refined_set\1x1z\1x1z_ligand.mol2,mol2,True,,refined
1x38,data/refined_set\1x38\1x38_protein.pdb,data/refined_set\1x38\1x38_pocket.pdb,data/refined_set\1x38\1x38_ligand.mol2,mol2,True,,refined
1x39,data/refined_set\1x39\1x39_protein.pdb,data/refined_set\1x39\1x39_pocket.pdb,data/refined_set\1x39\1x39_ligand.mol2,mol2,True,,refined
1x8d,data/refined_set\1x8d\1x8d_protein.pdb,data/refined_set\1x8d\1x8d_pocket.pdb,data/refined_set\1x8d\1x8d_ligand.mol2,mol2,True,,refined
1x8j,data/refined_set\1x8j\1x8j_protein.pdb,data/refined_set\1x8j\1x8j_pocket.pdb,data/refined_set\1x8j\1x8j_ligand.mol2,mol2,True,,refined
1x8r,data/refined_set\1x8r\1x8r_protein.pdb,data/refined_set\1x8r\1x8r_pocket.pdb,data/refined_set\1x8r\1x8r_ligand.mol2,mol2,True,,refined
1x8t,data/refined_set\1x8t\1x8t_protein.pdb,data/refined_set\1x8t\1x8t_pocket.pdb,data/refined_set\1x8t\1x8t_ligand.mol2,mol2,True,,refined
1xap,data/refined_set\1xap\1xap_protein.pdb,data/refined_set\1xap\1xap_pocket.pdb,data/refined_set\1xap\1xap_ligand.mol2,mol2,True,,refined
1xbo,data/refined_set\1xbo\1xbo_protein.pdb,data/refined_set\1xbo\1xbo_pocket.pdb,data/refined_set\1xbo\1xbo_ligand.mol2,mol2,True,,refined
1xd0,data/refined_set\1xd0\1xd0_protein.pdb,data/refined_set\1xd0\1xd0_pocket.pdb,data/refined_set\1xd0\1xd0_ligand.mol2,mol2,True,,refined
1xff,data/refined_set\1xff\1xff_protein.pdb,data/refined_set\1xff\1xff_pocket.pdb,data/refined_set\1xff\1xff_ligand.mol2,mol2,True,,refined
1xgi,data/refined_set\1xgi\1xgi_protein.pdb,data/refined_set\1xgi\1xgi_pocket.pdb,data/refined_set\1xgi\1xgi_ligand.mol2,mol2,True,,refined
1xh4,data/refined_set\1xh4\1xh4_protein.pdb,data/refined_set\1xh4\1xh4_pocket.pdb,data/refined_set\1xh4\1xh4_ligand.mol2,mol2,True,,refined
1xh5,data/refined_set\1xh5\1xh5_protein.pdb,data/refined_set\1xh5\1xh5_pocket.pdb,data/refined_set\1xh5\1xh5_ligand.mol2,mol2,True,,refined
1xh9,data/refined_set\1xh9\1xh9_protein.pdb,data/refined_set\1xh9\1xh9_pocket.pdb,data/refined_set\1xh9\1xh9_ligand.mol2,mol2,True,,refined
1xhy,data/refined_set\1xhy\1xhy_protein.pdb,data/refined_set\1xhy\1xhy_pocket.pdb,data/refined_set\1xhy\1xhy_ligand.mol2,mol2,True,,refined
1xjd,data/refined_set\1xjd\1xjd_protein.pdb,data/refined_set\1xjd\1xjd_pocket.pdb,data/refined_set\1xjd\1xjd_ligand.mol2,mol2,True,,refined
1xk5,data/refined_set\1xk5\1xk5_protein.pdb,data/refined_set\1xk5\1xk5_pocket.pdb,data/refined_set\1xk5\1xk5_ligand.mol2,mol2,True,,refined
1xk9,data/refined_set\1xk9\1xk9_protein.pdb,data/refined_set\1xk9\1xk9_pocket.pdb,data/refined_set\1xk9\1xk9_ligand.mol2,mol2,True,,refined
1xka,data/refined_set\1xka\1xka_protein.pdb,data/refined_set\1xka\1xka_pocket.pdb,data/refined_set\1xka\1xka_ligand.mol2,mol2,True,,refined
1xkk,data/refined_set\1xkk\1xkk_protein.pdb,data/refined_set\1xkk\1xkk_pocket.pdb,data/refined_set\1xkk\1xkk_ligand.mol2,mol2,True,,refined
1xow,data/refined_set\1xow\1xow_protein.pdb,data/refined_set\1xow\1xow_pocket.pdb,data/refined_set\1xow\1xow_ligand.mol2,mol2,True,,refined
1xpz,data/refined_set\1xpz\1xpz_protein.pdb,data/refined_set\1xpz\1xpz_pocket.pdb,data/refined_set\1xpz\1xpz_ligand.mol2,mol2,True,,refined
1xq0,data/refined_set\1xq0\1xq0_protein.pdb,data/refined_set\1xq0\1xq0_pocket.pdb,data/refined_set\1xq0\1xq0_ligand.mol2,mol2,True,,refined
1xr9,data/refined_set\1xr9\1xr9_protein.pdb,data/refined_set\1xr9\1xr9_pocket.pdb,data/refined_set\1xr9\1xr9_ligand.mol2,mol2,True,,refined
1xt8,data/refined_set\1xt8\1xt8_protein.pdb,data/refined_set\1xt8\1xt8_pocket.pdb,data/refined_set\1xt8\1xt8_ligand.mol2,mol2,True,,refined
1xug,data/refined_set\1xug\1xug_protein.pdb,data/refined_set\1xug\1xug_pocket.pdb,data/refined_set\1xug\1xug_ligand.mol2,mol2,True,,refined
1xws,data/refined_set\1xws\1xws_protein.pdb,data/refined_set\1xws\1xws_pocket.pdb,data/refined_set\1xws\1xws_ligand.mol2,mol2,True,,refined
1y0l,data/refined_set\1y0l\1y0l_protein.pdb,data/refined_set\1y0l\1y0l_pocket.pdb,data/refined_set\1y0l\1y0l_ligand.mol2,mol2,True,,refined
1y1z,data/refined_set\1y1z\1y1z_protein.pdb,data/refined_set\1y1z\1y1z_pocket.pdb,data/refined_set\1y1z\1y1z_ligand.mol2,mol2,True,,refined
1y20,data/refined_set\1y20\1y20_protein.pdb,data/refined_set\1y20\1y20_pocket.pdb,data/refined_set\1y20\1y20_ligand.mol2,mol2,True,,refined
1y3n,data/refined_set\1y3n\1y3n_protein.pdb,data/refined_set\1y3n\1y3n_pocket.pdb,data/refined_set\1y3n\1y3n_ligand.mol2,mol2,True,,refined
1y3p,data/refined_set\1y3p\1y3p_protein.pdb,data/refined_set\1y3p\1y3p_pocket.pdb,data/refined_set\1y3p\1y3p_ligand.mol2,mol2,True,,refined
1y3v,data/refined_set\1y3v\1y3v_protein.pdb,data/refined_set\1y3v\1y3v_pocket.pdb,data/refined_set\1y3v\1y3v_ligand.mol2,mol2,True,,refined
1y3x,data/refined_set\1y3x\1y3x_protein.pdb,data/refined_set\1y3x\1y3x_pocket.pdb,data/refined_set\1y3x\1y3x_ligand.mol2,mol2,True,,refined
1y6q,data/refined_set\1y6q\1y6q_protein.pdb,data/refined_set\1y6q\1y6q_pocket.pdb,data/refined_set\1y6q\1y6q_ligand.mol2,mol2,True,,refined
1y6r,data/refined_set\1y6r\1y6r_protein.pdb,data/refined_set\1y6r\1y6r_pocket.pdb,data/refined_set\1y6r\1y6r_ligand.mol2,mol2,True,,refined
1yc1,data/refined_set\1yc1\1yc1_protein.pdb,data/refined_set\1yc1\1yc1_pocket.pdb,data/refined_set\1yc1\1yc1_ligand.mol2,mol2,True,,refined
1yc4,data/refined_set\1yc4\1yc4_protein.pdb,data/refined_set\1yc4\1yc4_pocket.pdb,data/refined_set\1yc4\1yc4_ligand.mol2,mol2,True,,refined
1yda,data/refined_set\1yda\1yda_protein.pdb,data/refined_set\1yda\1yda_pocket.pdb,data/refined_set\1yda\1yda_ligand.mol2,mol2,True,,refined
1ydb,data/refined_set\1ydb\1ydb_protein.pdb,data/refined_set\1ydb\1ydb_pocket.pdb,data/refined_set\1ydb\1ydb_ligand.mol2,mol2,True,,refined
1ydd,data/refined_set\1ydd\1ydd_protein.pdb,data/refined_set\1ydd\1ydd_pocket.pdb,data/refined_set\1ydd\1ydd_ligand.mol2,mol2,True,,refined
1ydk,data/refined_set\1ydk\1ydk_protein.pdb,data/refined_set\1ydk\1ydk_pocket.pdb,data/refined_set\1ydk\1ydk_ligand.mol2,mol2,True,,refined
1ydr,data/refined_set\1ydr\1ydr_protein.pdb,data/refined_set\1ydr\1ydr_pocket.pdb,data/refined_set\1ydr\1ydr_ligand.mol2,mol2,True,,refined
1yds,data/refined_set\1yds\1yds_protein.pdb,data/refined_set\1yds\1yds_pocket.pdb,data/refined_set\1yds\1yds_ligand.mol2,mol2,True,,refined
1ydt,data/refined_set\1ydt\1ydt_protein.pdb,data/refined_set\1ydt\1ydt_pocket.pdb,data/refined_set\1ydt\1ydt_ligand.mol2,mol2,True,,refined
1yei,data/refined_set\1yei\1yei_protein.pdb,data/refined_set\1yei\1yei_pocket.pdb,data/refined_set\1yei\1yei_ligand.mol2,mol2,True,,refined
1yej,data/refined_set\1yej\1yej_protein.pdb,data/refined_set\1yej\1yej_pocket.pdb,data/refined_set\1yej\1yej_ligand.mol2,mol2,True,,refined
1yet,data/refined_set\1yet\1yet_protein.pdb,data/refined_set\1yet\1yet_pocket.pdb,data/refined_set\1yet\1yet_ligand.mol2,mol2,True,,refined
1yfz,data/refined_set\1yfz\1yfz_protein.pdb,data/refined_set\1yfz\1yfz_pocket.pdb,data/refined_set\1yfz\1yfz_ligand.mol2,mol2,True,,refined
1yp9,data/refined_set\1yp9\1yp9_protein.pdb,data/refined_set\1yp9\1yp9_pocket.pdb,data/refined_set\1yp9\1yp9_ligand.mol2,mol2,True,,refined
1ype,data/refined_set\1ype\1ype_protein.pdb,data/refined_set\1ype\1ype_pocket.pdb,data/refined_set\1ype\1ype_ligand.mol2,mol2,True,,refined
1ypg,data/refined_set\1ypg\1ypg_protein.pdb,data/refined_set\1ypg\1ypg_pocket.pdb,data/refined_set\1ypg\1ypg_ligand.mol2,mol2,True,,refined
1ypj,data/refined_set\1ypj\1ypj_protein.pdb,data/refined_set\1ypj\1ypj_pocket.pdb,data/refined_set\1ypj\1ypj_ligand.mol2,mol2,True,,refined
1yq7,data/refined_set\1yq7\1yq7_protein.pdb,data/refined_set\1yq7\1yq7_pocket.pdb,data/refined_set\1yq7\1yq7_ligand.mol2,mol2,True,,refined
1yqj,data/refined_set\1yqj\1yqj_protein.pdb,data/refined_set\1yqj\1yqj_pocket.pdb,data/refined_set\1yqj\1yqj_ligand.mol2,mol2,True,,refined
1yqy,data/refined_set\1yqy\1yqy_protein.pdb,data/refined_set\1yqy\1yqy_pocket.pdb,data/refined_set\1yqy\1yqy_ligand.mol2,mol2,True,,refined
1yvm,data/refined_set\1yvm\1yvm_protein.pdb,data/refined_set\1yvm\1yvm_pocket.pdb,data/refined_set\1yvm\1yvm_ligand.mol2,mol2,True,,refined
1z1h,data/refined_set\1z1h\1z1h_protein.pdb,data/refined_set\1z1h\1z1h_pocket.pdb,data/refined_set\1z1h\1z1h_ligand.mol2,mol2,True,,refined
1z4o,data/refined_set\1z4o\1z4o_protein.pdb,data/refined_set\1z4o\1z4o_pocket.pdb,data/refined_set\1z4o\1z4o_ligand.mol2,mol2,True,,refined
1z6e,data/refined_set\1z6e\1z6e_protein.pdb,data/refined_set\1z6e\1z6e_pocket.pdb,data/refined_set\1z6e\1z6e_ligand.mol2,mol2,True,,refined
1z6s,data/refined_set\1z6s\1z6s_protein.pdb,data/refined_set\1z6s\1z6s_pocket.pdb,data/refined_set\1z6s\1z6s_ligand.mol2,mol2,True,,refined
1z71,data/refined_set\1z71\1z71_protein.pdb,data/refined_set\1z71\1z71_pocket.pdb,data/refined_set\1z71\1z71_ligand.mol2,mol2,True,,refined
1z95,data/refined_set\1z95\1z95_protein.pdb,data/refined_set\1z95\1z95_pocket.pdb,data/refined_set\1z95\1z95_ligand.mol2,mol2,True,,refined
1z9g,data/refined_set\1z9g\1z9g_protein.pdb,data/refined_set\1z9g\1z9g_pocket.pdb,data/refined_set\1z9g\1z9g_ligand.mol2,mol2,True,,refined
1z9y,data/refined_set\1z9y\1z9y_protein.pdb,data/refined_set\1z9y\1z9y_pocket.pdb,data/refined_set\1z9y\1z9y_ligand.mol2,mol2,True,,refined
1zc9,data/refined_set\1zc9\1zc9_protein.pdb,data/refined_set\1zc9\1zc9_pocket.pdb,data/refined_set\1zc9\1zc9_ligand.mol2,mol2,True,,refined
1zdp,data/refined_set\1zdp\1zdp_protein.pdb,data/refined_set\1zdp\1zdp_pocket.pdb,data/refined_set\1zdp\1zdp_ligand.mol2,mol2,True,,refined
1zea,data/refined_set\1zea\1zea_protein.pdb,data/refined_set\1zea\1zea_pocket.pdb,data/refined_set\1zea\1zea_ligand.mol2,mol2,True,,refined
1zfq,data/refined_set\1zfq\1zfq_protein.pdb,data/refined_set\1zfq\1zfq_pocket.pdb,data/refined_set\1zfq\1zfq_ligand.mol2,mol2,True,,refined
1zge,data/refined_set\1zge\1zge_protein.pdb,data/refined_set\1zge\1zge_pocket.pdb,data/refined_set\1zge\1zge_ligand.mol2,mol2,True,,refined
1zgi,data/refined_set\1zgi\1zgi_protein.pdb,data/refined_set\1zgi\1zgi_pocket.pdb,data/refined_set\1zgi\1zgi_ligand.mol2,mol2,True,,refined
1zhy,data/refined_set\1zhy\1zhy_protein.pdb,data/refined_set\1zhy\1zhy_pocket.pdb,data/refined_set\1zhy\1zhy_ligand.mol2,mol2,True,,refined
1zoe,data/refined_set\1zoe\1zoe_protein.pdb,data/refined_set\1zoe\1zoe_pocket.pdb,data/refined_set\1zoe\1zoe_ligand.mol2,mol2,True,,refined
1zog,data/refined_set\1zog\1zog_protein.pdb,data/refined_set\1zog\1zog_pocket.pdb,data/refined_set\1zog\1zog_ligand.mol2,mol2,True,,refined
1zoh,data/refined_set\1zoh\1zoh_protein.pdb,data/refined_set\1zoh\1zoh_pocket.pdb,data/refined_set\1zoh\1zoh_ligand.mol2,mol2,True,,refined
1zp8,data/refined_set\1zp8\1zp8_protein.pdb,data/refined_set\1zp8\1zp8_pocket.pdb,data/refined_set\1zp8\1zp8_ligand.mol2,mol2,True,,refined
1zpa,data/refined_set\1zpa\1zpa_protein.pdb,data/refined_set\1zpa\1zpa_pocket.pdb,data/refined_set\1zpa\1zpa_ligand.mol2,mol2,True,,refined
1zs0,data/refined_set\1zs0\1zs0_protein.pdb,data/refined_set\1zs0\1zs0_pocket.pdb,data/refined_set\1zs0\1zs0_ligand.mol2,mol2,True,,refined
1zsf,data/refined_set\1zsf\1zsf_protein.pdb,data/refined_set\1zsf\1zsf_pocket.pdb,data/refined_set\1zsf\1zsf_ligand.mol2,mol2,True,,refined
1zvx,data/refined_set\1zvx\1zvx_protein.pdb,data/refined_set\1zvx\1zvx_pocket.pdb,data/refined_set\1zvx\1zvx_ligand.mol2,mol2,True,,refined
2a14,data/refined_set\2a14\2a14_protein.pdb,data/refined_set\2a14\2a14_pocket.pdb,data/refined_set\2a14\2a14_ligand.mol2,mol2,True,,refined
2a4m,data/refined_set\2a4m\2a4m_protein.pdb,data/refined_set\2a4m\2a4m_pocket.pdb,data/refined_set\2a4m\2a4m_ligand.mol2,mol2,True,,refined
2a5b,data/refined_set\2a5b\2a5b_protein.pdb,data/refined_set\2a5b\2a5b_pocket.pdb,data/refined_set\2a5b\2a5b_ligand.mol2,mol2,True,,refined
2a5c,data/refined_set\2a5c\2a5c_protein.pdb,data/refined_set\2a5c\2a5c_pocket.pdb,data/refined_set\2a5c\2a5c_ligand.mol2,mol2,True,,refined
2a5s,data/refined_set\2a5s\2a5s_protein.pdb,data/refined_set\2a5s\2a5s_pocket.pdb,data/refined_set\2a5s\2a5s_ligand.mol2,mol2,True,,refined
2a8g,data/refined_set\2a8g\2a8g_protein.pdb,data/refined_set\2a8g\2a8g_pocket.pdb,data/refined_set\2a8g\2a8g_ligand.mol2,mol2,True,,refined
2aac,data/refined_set\2aac\2aac_protein.pdb,data/refined_set\2aac\2aac_pocket.pdb,data/refined_set\2aac\2aac_ligand.mol2,mol2,True,,refined
2afw,data/refined_set\2afw\2afw_protein.pdb,data/refined_set\2afw\2afw_pocket.pdb,data/refined_set\2afw\2afw_ligand.mol2,mol2,True,,refined
2afx,data/refined_set\2afx\2afx_protein.pdb,data/refined_set\2afx\2afx_pocket.pdb,data/refined_set\2afx\2afx_ligand.mol2,mol2,True,,refined
2aj8,data/refined_set\2aj8\2aj8_protein.pdb,data/refined_set\2aj8\2aj8_pocket.pdb,data/refined_set\2aj8\2aj8_ligand.mol2,mol2,True,,refined
2al5,data/refined_set\2al5\2al5_protein.pdb,data/refined_set\2al5\2al5_pocket.pdb,data/refined_set\2al5\2al5_ligand.mol2,mol2,True,,refined
2am4,data/refined_set\2am4\2am4_protein.pdb,data/refined_set\2am4\2am4_pocket.pdb,data/refined_set\2am4\2am4_ligand.mol2,mol2,True,,refined
2amt,data/refined_set\2amt\2amt_protein.pdb,data/refined_set\2amt\2amt_pocket.pdb,data/refined_set\2amt\2amt_ligand.mol2,mol2,True,,refined
2ans,data/refined_set\2ans\2ans_protein.pdb,data/refined_set\2ans\2ans_pocket.pdb,data/refined_set\2ans\2ans_ligand.mol2,mol2,True,,refined
2aoc,data/refined_set\2aoc\2aoc_protein.pdb,data/refined_set\2aoc\2aoc_pocket.pdb,data/refined_set\2aoc\2aoc_ligand.mol2,mol2,True,,refined
2aod,data/refined_set\2aod\2aod_protein.pdb,data/refined_set\2aod\2aod_pocket.pdb,data/refined_set\2aod\2aod_ligand.mol2,mol2,True,,refined
2aoe,data/refined_set\2aoe\2aoe_protein.pdb,data/refined_set\2aoe\2aoe_pocket.pdb,data/refined_set\2aoe\2aoe_ligand.mol2,mol2,True,,refined
2aog,data/refined_set\2aog\2aog_protein.pdb,data/refined_set\2aog\2aog_pocket.pdb,data/refined_set\2aog\2aog_ligand.mol2,mol2,True,,refined
2aqu,data/refined_set\2aqu\2aqu_protein.pdb,data/refined_set\2aqu\2aqu_pocket.pdb,data/refined_set\2aqu\2aqu_ligand.mol2,mol2,True,,refined
2arm,data/refined_set\2arm\2arm_protein.pdb,data/refined_set\2arm\2arm_pocket.pdb,data/refined_set\2arm\2arm_ligand.mol2,mol2,True,,refined
2avm,data/refined_set\2avm\2avm_protein.pdb,data/refined_set\2avm\2avm_pocket.pdb,data/refined_set\2avm\2avm_ligand.mol2,mol2,True,,refined
2avo,data/refined_set\2avo\2avo_protein.pdb,data/refined_set\2avo\2avo_pocket.pdb,data/refined_set\2avo\2avo_ligand.mol2,mol2,True,,refined
2avq,data/refined_set\2avq\2avq_protein.pdb,data/refined_set\2avq\2avq_pocket.pdb,data/refined_set\2avq\2avq_ligand.mol2,mol2,True,,refined
2avs,data/refined_set\2avs\2avs_protein.pdb,data/refined_set\2avs\2avs_pocket.pdb,data/refined_set\2avs\2avs_ligand.mol2,mol2,True,,refined
2ax9,data/refined_set\2ax9\2ax9_protein.pdb,data/refined_set\2ax9\2ax9_pocket.pdb,data/refined_set\2ax9\2ax9_ligand.mol2,mol2,True,,refined
2ayr,data/refined_set\2ayr\2ayr_protein.pdb,data/refined_set\2ayr\2ayr_pocket.pdb,data/refined_set\2ayr\2ayr_ligand.mol2,mol2,True,,refined
2azr,data/refined_set\2azr\2azr_protein.pdb,data/refined_set\2azr\2azr_pocket.pdb,data/refined_set\2azr\2azr_ligand.mol2,mol2,True,,refined
2b07,data/refined_set\2b07\2b07_protein.pdb,data/refined_set\2b07\2b07_pocket.pdb,data/refined_set\2b07\2b07_ligand.mol2,mol2,True,,refined
2b1g,data/refined_set\2b1g\2b1g_protein.pdb,data/refined_set\2b1g\2b1g_pocket.pdb,data/refined_set\2b1g\2b1g_ligand.mol2,mol2,True,,refined
2b1i,data/refined_set\2b1i\2b1i_protein.pdb,data/refined_set\2b1i\2b1i_pocket.pdb,data/refined_set\2b1i\2b1i_ligand.mol2,mol2,True,,refined
2b4l,data/refined_set\2b4l\2b4l_protein.pdb,data/refined_set\2b4l\2b4l_pocket.pdb,data/refined_set\2b4l\2b4l_ligand.mol2,mol2,True,,refined
2b7d,data/refined_set\2b7d\2b7d_protein.pdb,data/refined_set\2b7d\2b7d_pocket.pdb,data/refined_set\2b7d\2b7d_ligand.mol2,mol2,True,,refined
2b9a,data/refined_set\2b9a\2b9a_protein.pdb,data/refined_set\2b9a\2b9a_pocket.pdb,data/refined_set\2b9a\2b9a_ligand.mol2,mol2,True,,refined
2baj,data/refined_set\2baj\2baj_protein.pdb,data/refined_set\2baj\2baj_pocket.pdb,data/refined_set\2baj\2baj_ligand.mol2,mol2,True,,refined
2bak,data/refined_set\2bak\2bak_protein.pdb,data/refined_set\2bak\2bak_pocket.pdb,data/refined_set\2bak\2bak_ligand.mol2,mol2,True,,refined
2bal,data/refined_set\2bal\2bal_protein.pdb,data/refined_set\2bal\2bal_pocket.pdb,data/refined_set\2bal\2bal_ligand.mol2,mol2,True,,refined
2bes,data/refined_set\2bes\2bes_protein.pdb,data/refined_set\2bes\2bes_pocket.pdb,data/refined_set\2bes\2bes_ligand.mol2,mol2,True,,refined
2bet,data/refined_set\2bet\2bet_protein.pdb,data/refined_set\2bet\2bet_pocket.pdb,data/refined_set\2bet\2bet_ligand.mol2,mol2,True,,refined
2bfq,data/refined_set\2bfq\2bfq_protein.pdb,data/refined_set\2bfq\2bfq_pocket.pdb,data/refined_set\2bfq\2bfq_ligand.mol2,mol2,True,,refined
2bfr,data/refined_set\2bfr\2bfr_protein.pdb,data/refined_set\2bfr\2bfr_pocket.pdb,data/refined_set\2bfr\2bfr_ligand.mol2,mol2,True,,refined
2bmk,data/refined_set\2bmk\2bmk_protein.pdb,data/refined_set\2bmk\2bmk_pocket.pdb,data/refined_set\2bmk\2bmk_ligand.mol2,mol2,True,,refined
2bo4,data/refined_set\2bo4\2bo4_protein.pdb,data/refined_set\2bo4\2bo4_pocket.pdb,data/refined_set\2bo4\2bo4_ligand.mol2,mol2,True,,refined
2boh,data/refined_set\2boh\2boh_protein.pdb,data/refined_set\2boh\2boh_pocket.pdb,data/refined_set\2boh\2boh_ligand.mol2,mol2,True,,refined
2boj,data/refined_set\2boj\2boj_protein.pdb,data/refined_set\2boj\2boj_pocket.pdb,data/refined_set\2boj\2boj_ligand.mol2,mol2,True,,refined
2bok,data/refined_set\2bok\2bok_protein.pdb,data/refined_set\2bok\2bok_pocket.pdb,data/refined_set\2bok\2bok_ligand.mol2,mol2,True,,refined
2bpv,data/refined_set\2bpv\2bpv_protein.pdb,data/refined_set\2bpv\2bpv_pocket.pdb,data/refined_set\2bpv\2bpv_ligand.mol2,mol2,True,,refined
2bpy,data/refined_set\2bpy\2bpy_protein.pdb,data/refined_set\2bpy\2bpy_pocket.pdb,data/refined_set\2bpy\2bpy_ligand.mol2,mol2,True,,refined
2bq7,data/refined_set\2bq7\2bq7_protein.pdb,data/refined_set\2bq7\2bq7_pocket.pdb,data/refined_set\2bq7\2bq7_ligand.mol2,mol2,True,,refined
2bqv,data/refined_set\2bqv\2bqv_protein.pdb,data/refined_set\2bqv\2bqv_pocket.pdb,data/refined_set\2bqv\2bqv_ligand.mol2,mol2,True,,refined
2br1,data/refined_set\2br1\2br1_protein.pdb,data/refined_set\2br1\2br1_pocket.pdb,data/refined_set\2br1\2br1_ligand.mol2,mol2,True,,refined
2brb,data/refined_set\2brb\2brb_protein.pdb,data/refined_set\2brb\2brb_pocket.pdb,data/refined_set\2brb\2brb_ligand.mol2,mol2,True,,refined
2brm,data/refined_set\2brm\2brm_protein.pdb,data/refined_set\2brm\2brm_pocket.pdb,data/refined_set\2brm\2brm_ligand.mol2,mol2,True,,refined
2bt9,data/refined_set\2bt9\2bt9_protein.pdb,data/refined_set\2bt9\2bt9_pocket.pdb,data/refined_set\2bt9\2bt9_ligand.mol2,mol2,True,,refined
2buv,data/refined_set\2buv\2buv_protein.pdb,data/refined_set\2buv\2buv_pocket.pdb,data/refined_set\2buv\2buv_ligand.mol2,mol2,True,,refined
2bvd,data/refined_set\2bvd\2bvd_protein.pdb,data/refined_set\2bvd\2bvd_pocket.pdb,data/refined_set\2bvd\2bvd_ligand.mol2,mol2,True,,refined
2bvr,data/refined_set\2bvr\2bvr_protein.pdb,data/refined_set\2bvr\2bvr_pocket.pdb,data/refined_set\2bvr\2bvr_ligand.mol2,mol2,True,,refined
2bvs,data/refined_set\2bvs\2bvs_protein.pdb,data/refined_set\2bvs\2bvs_pocket.pdb,data/refined_set\2bvs\2bvs_ligand.mol2,mol2,True,,refined
2byr,data/refined_set\2byr\2byr_protein.pdb,data/refined_set\2byr\2byr_pocket.pdb,data/refined_set\2byr\2byr_ligand.mol2,mol2,True,,refined
2bys,data/refined_set\2bys\2bys_protein.pdb,data/refined_set\2bys\2bys_pocket.pdb,data/refined_set\2bys\2bys_ligand.mol2,mol2,True,,refined
2bz6,data/refined_set\2bz6\2bz6_protein.pdb,data/refined_set\2bz6\2bz6_pocket.pdb,data/refined_set\2bz6\2bz6_ligand.mol2,mol2,True,,refined
2bza,data/refined_set\2bza\2bza_protein.pdb,data/refined_set\2bza\2bza_pocket.pdb,data/refined_set\2bza\2bza_ligand.mol2,mol2,True,,refined
2c1p,data/refined_set\2c1p\2c1p_protein.pdb,data/refined_set\2c1p\2c1p_pocket.pdb,data/refined_set\2c1p\2c1p_ligand.mol2,mol2,True,,refined
2c3i,data/refined_set\2c3i\2c3i_protein.pdb,data/refined_set\2c3i\2c3i_pocket.pdb,data/refined_set\2c3i\2c3i_ligand.mol2,mol2,True,,refined
2c3l,data/refined_set\2c3l\2c3l_protein.pdb,data/refined_set\2c3l\2c3l_pocket.pdb,data/refined_set\2c3l\2c3l_ligand.mol2,mol2,True,,refined
2c80,data/refined_set\2c80\2c80_protein.pdb,data/refined_set\2c80\2c80_pocket.pdb,data/refined_set\2c80\2c80_ligand.mol2,mol2,True,,refined
2c92,data/refined_set\2c92\2c92_protein.pdb,data/refined_set\2c92\2c92_pocket.pdb,data/refined_set\2c92\2c92_ligand.mol2,mol2,True,,refined
2c94,data/refined_set\2c94\2c94_protein.pdb,data/refined_set\2c94\2c94_pocket.pdb,data/refined_set\2c94\2c94_ligand.mol2,mol2,True,,refined
2c97,data/refined_set\2c97\2c97_protein.pdb,data/refined_set\2c97\2c97_pocket.pdb,data/refined_set\2c97\2c97_ligand.mol2,mol2,True,,refined
2ca8,data/refined_set\2ca8\2ca8_protein.pdb,data/refined_set\2ca8\2ca8_pocket.pdb,data/refined_set\2ca8\2ca8_ligand.mol2,mol2,True,,refined
2cbj,data/refined_set\2cbj\2cbj_protein.pdb,data/refined_set\2cbj\2cbj_pocket.pdb,data/refined_set\2cbj\2cbj_ligand.mol2,mol2,True,,refined
2cbu,data/refined_set\2cbu\2cbu_protein.pdb,data/refined_set\2cbu\2cbu_pocket.pdb,data/refined_set\2cbu\2cbu_ligand.mol2,mol2,True,,refined
2cbv,data/refined_set\2cbv\2cbv_protein.pdb,data/refined_set\2cbv\2cbv_pocket.pdb,data/refined_set\2cbv\2cbv_ligand.mol2,mol2,True,,refined
2cbz,data/refined_set\2cbz\2cbz_protein.pdb,data/refined_set\2cbz\2cbz_pocket.pdb,data/refined_set\2cbz\2cbz_ligand.mol2,mol2,True,,refined
2cc7,data/refined_set\2cc7\2cc7_protein.pdb,data/refined_set\2cc7\2cc7_pocket.pdb,data/refined_set\2cc7\2cc7_ligand.mol2,mol2,True,,refined
2ccb,data/refined_set\2ccb\2ccb_protein.pdb,data/refined_set\2ccb\2ccb_pocket.pdb,data/refined_set\2ccb\2ccb_ligand.mol2,mol2,True,,refined
2ccc,data/refined_set\2ccc\2ccc_protein.pdb,data/refined_set\2ccc\2ccc_pocket.pdb,data/refined_set\2ccc\2ccc_ligand.mol2,mol2,True,,refined
2ce9,data/refined_set\2ce9\2ce9_protein.pdb,data/refined_set\2ce9\2ce9_pocket.pdb,data/refined_set\2ce9\2ce9_ligand.mol2,mol2,True,,refined
2cej,data/refined_set\2cej\2cej_protein.pdb,data/refined_set\2cej\2cej_pocket.pdb,data/refined_set\2cej\2cej_ligand.mol2,mol2,True,,refined
2cen,data/refined_set\2cen\2cen_protein.pdb,data/refined_set\2cen\2cen_pocket.pdb,data/refined_set\2cen\2cen_ligand.mol2,mol2,True,,refined
2ceq,data/refined_set\2ceq\2ceq_protein.pdb,data/refined_set\2ceq\2ceq_pocket.pdb,data/refined_set\2ceq\2ceq_ligand.mol2,mol2,True,,refined
2cer,data/refined_set\2cer\2cer_protein.pdb,data/refined_set\2cer\2cer_pocket.pdb,data/refined_set\2cer\2cer_ligand.mol2,mol2,True,,refined
2ces,data/refined_set\2ces\2ces_protein.pdb,data/refined_set\2ces\2ces_pocket.pdb,data/refined_set\2ces\2ces_ligand.mol2,mol2,True,,refined
2cet,data/refined_set\2cet\2cet_protein.pdb,data/refined_set\2cet\2cet_pocket.pdb,data/refined_set\2cet\2cet_ligand.mol2,mol2,True,,refined
2cex,data/refined_set\2cex\2cex_protein.pdb,data/refined_set\2cex\2cex_pocket.pdb,data/refined_set\2cex\2cex_ligand.mol2,mol2,True,,refined
2cf8,data/refined_set\2cf8\2cf8_protein.pdb,data/refined_set\2cf8\2cf8_pocket.pdb,data/refined_set\2cf8\2cf8_ligand.mol2,mol2,True,,refined
2cf9,data/refined_set\2cf9\2cf9_protein.pdb,data/refined_set\2cf9\2cf9_pocket.pdb,data/refined_set\2cf9\2cf9_ligand.mol2,mol2,True,,refined
2cgf,data/refined_set\2cgf\2cgf_protein.pdb,data/refined_set\2cgf\2cgf_pocket.pdb,data/refined_set\2cgf\2cgf_ligand.mol2,mol2,True,,refined
2cgr,data/refined_set\2cgr\2cgr_protein.pdb,data/refined_set\2cgr\2cgr_pocket.pdb,data/refined_set\2cgr\2cgr_ligand.mol2,mol2,True,,refined
2cht,data/refined_set\2cht\2cht_protein.pdb,data/refined_set\2cht\2cht_pocket.pdb,data/refined_set\2cht\2cht_ligand.mol2,mol2,True,,refined
2cle,data/refined_set\2cle\2cle_protein.pdb,data/refined_set\2cle\2cle_pocket.pdb,data/refined_set\2cle\2cle_ligand.mol2,mol2,True,,refined
2clh,data/refined_set\2clh\2clh_protein.pdb,data/refined_set\2clh\2clh_pocket.pdb,data/refined_set\2clh\2clh_ligand.mol2,mol2,True,,refined
2cli,data/refined_set\2cli\2cli_protein.pdb,data/refined_set\2cli\2cli_pocket.pdb,data/refined_set\2cli\2cli_ligand.mol2,mol2,True,,refined
2clk,data/refined_set\2clk\2clk_protein.pdb,data/refined_set\2clk\2clk_pocket.pdb,data/refined_set\2clk\2clk_ligand.mol2,mol2,True,,refined
2cn0,data/refined_set\2cn0\2cn0_protein.pdb,data/refined_set\2cn0\2cn0_pocket.pdb,data/refined_set\2cn0\2cn0_ligand.mol2,mol2,True,,refined
2csn,data/refined_set\2csn\2csn_protein.pdb,data/refined_set\2csn\2csn_pocket.pdb,data/refined_set\2csn\2csn_ligand.mol2,mol2,True,,refined
2ctc,data/refined_set\2ctc\2ctc_protein.pdb,data/refined_set\2ctc\2ctc_pocket.pdb,data/refined_set\2ctc\2ctc_ligand.mol2,mol2,True,,refined
2d0k,data/refined_set\2d0k\2d0k_protein.pdb,data/refined_set\2d0k\2d0k_pocket.pdb,data/refined_set\2d0k\2d0k_ligand.mol2,mol2,True,,refined
2d1n,data/refined_set\2d1n\2d1n_protein.pdb,data/refined_set\2d1n\2d1n_pocket.pdb,data/refined_set\2d1n\2d1n_ligand.mol2,mol2,True,,refined
2d1o,data/refined_set\2d1o\2d1o_protein.pdb,data/refined_set\2d1o\2d1o_pocket.pdb,data/refined_set\2d1o\2d1o_ligand.mol2,mol2,True,,refined
2d3u,data/refined_set\2d3u\2d3u_protein.pdb,data/refined_set\2d3u\2d3u_pocket.pdb,data/refined_set\2d3u\2d3u_ligand.mol2,mol2,True,,refined
2d3z,data/refined_set\2d3z\2d3z_protein.pdb,data/refined_set\2d3z\2d3z_pocket.pdb,data/refined_set\2d3z\2d3z_ligand.mol2,mol2,True,,refined
2doo,data/refined_set\2doo\2doo_protein.pdb,data/refined_set\2doo\2doo_pocket.pdb,data/refined_set\2doo\2doo_ligand.mol2,mol2,True,,refined
2drc,data/refined_set\2drc\2drc_protein.pdb,data/refined_set\2drc\2drc_pocket.pdb,data/refined_set\2drc\2drc_ligand.mol2,mol2,True,,refined
2dri,data/refined_set\2dri\2dri_protein.pdb,data/refined_set\2dri\2dri_pocket.pdb,data/refined_set\2dri\2dri_ligand.mol2,mol2,True,,refined
2dw7,data/refined_set\2dw7\2dw7_protein.pdb,data/refined_set\2dw7\2dw7_pocket.pdb,data/refined_set\2dw7\2dw7_ligand.mol2,mol2,True,,refined
2e1w,data/refined_set\2e1w\2e1w_protein.pdb,data/refined_set\2e1w\2e1w_pocket.pdb,data/refined_set\2e1w\2e1w_ligand.mol2,mol2,True,,refined
2e27,data/refined_set\2e27\2e27_protein.pdb,data/refined_set\2e27\2e27_pocket.pdb,data/refined_set\2e27\2e27_ligand.mol2,mol2,True,,refined
2e2p,data/refined_set\2e2p\2e2p_protein.pdb,data/refined_set\2e2p\2e2p_pocket.pdb,data/refined_set\2e2p\2e2p_ligand.mol2,mol2,True,,refined
2e2r,data/refined_set\2e2r\2e2r_protein.pdb,data/refined_set\2e2r\2e2r_pocket.pdb,data/refined_set\2e2r\2e2r_ligand.mol2,mol2,True,,refined
2e7f,data/refined_set\2e7f\2e7f_protein.pdb,data/refined_set\2e7f\2e7f_pocket.pdb,data/refined_set\2e7f\2e7f_ligand.mol2,mol2,True,,refined
2e91,data/refined_set\2e91\2e91_protein.pdb,data/refined_set\2e91\2e91_pocket.pdb,data/refined_set\2e91\2e91_ligand.mol2,mol2,True,,refined
2e92,data/refined_set\2e92\2e92_protein.pdb,data/refined_set\2e92\2e92_pocket.pdb,data/refined_set\2e92\2e92_ligand.mol2,mol2,True,,refined
2e94,data/refined_set\2e94\2e94_protein.pdb,data/refined_set\2e94\2e94_pocket.pdb,data/refined_set\2e94\2e94_ligand.mol2,mol2,True,,refined
2e9u,data/refined_set\2e9u\2e9u_protein.pdb,data/refined_set\2e9u\2e9u_pocket.pdb,data/refined_set\2e9u\2e9u_ligand.mol2,mol2,True,,refined
2epn,data/refined_set\2epn\2epn_protein.pdb,data/refined_set\2epn\2epn_pocket.pdb,data/refined_set\2epn\2epn_ligand.mol2,mol2,True,,refined
2erz,data/refined_set\2erz\2erz_protein.pdb,data/refined_set\2erz\2erz_pocket.pdb,data/refined_set\2erz\2erz_ligand.mol2,mol2,True,,refined
2euk,data/refined_set\2euk\2euk_protein.pdb,data/refined_set\2euk\2euk_pocket.pdb,data/refined_set\2euk\2euk_ligand.mol2,mol2,True,,refined
2evl,data/refined_set\2evl\2evl_protein.pdb,data/refined_set\2evl\2evl_pocket.pdb,data/refined_set\2evl\2evl_ligand.mol2,mol2,True,,refined
2ewa,data/refined_set\2ewa\2ewa_protein.pdb,data/refined_set\2ewa\2ewa_pocket.pdb,data/refined_set\2ewa\2ewa_ligand.mol2,mol2,True,,refined
2ewb,data/refined_set\2ewb\2ewb_protein.pdb,data/refined_set\2ewb\2ewb_pocket.pdb,data/refined_set\2ewb\2ewb_ligand.mol2,mol2,True,,refined
2ews,data/refined_set\2ews\2ews_protein.pdb,data/refined_set\2ews\2ews_pocket.pdb,data/refined_set\2ews\2ews_ligand.mol2,mol2,True,,refined
2exm,data/refined_set\2exm\2exm_protein.pdb,data/refined_set\2exm\2exm_pocket.pdb,data/refined_set\2exm\2exm_ligand.mol2,mol2,True,,refined
2ez7,data/refined_set\2ez7\2ez7_protein.pdb,data/refined_set\2ez7\2ez7_pocket.pdb,data/refined_set\2ez7\2ez7_ligand.mol2,mol2,True,,refined
2f1g,data/refined_set\2f1g\2f1g_protein.pdb,data/refined_set\2f1g\2f1g_pocket.pdb,data/refined_set\2f1g\2f1g_ligand.mol2,mol2,True,,refined
2f2h,data/refined_set\2f2h\2f2h_protein.pdb,data/refined_set\2f2h\2f2h_pocket.pdb,data/refined_set\2f2h\2f2h_ligand.mol2,mol2,True,,refined
2f34,data/refined_set\2f34\2f34_protein.pdb,data/refined_set\2f34\2f34_pocket.pdb,data/refined_set\2f34\2f34_ligand.mol2,mol2,True,,refined
2f35,data/refined_set\2f35\2f35_protein.pdb,data/refined_set\2f35\2f35_pocket.pdb,data/refined_set\2f35\2f35_ligand.mol2,mol2,True,,refined
2f6t,data/refined_set\2f6t\2f6t_protein.pdb,data/refined_set\2f6t\2f6t_pocket.pdb,data/refined_set\2f6t\2f6t_ligand.mol2,mol2,True,,refined
2f7i,data/refined_set\2f7i\2f7i_protein.pdb,data/refined_set\2f7i\2f7i_pocket.pdb,data/refined_set\2f7i\2f7i_ligand.mol2,mol2,True,,refined
2f7o,data/refined_set\2f7o\2f7o_protein.pdb,data/refined_set\2f7o\2f7o_pocket.pdb,data/refined_set\2f7o\2f7o_ligand.mol2,mol2,True,,refined
2f7p,data/refined_set\2f7p\2f7p_protein.pdb,data/refined_set\2f7p\2f7p_pocket.pdb,data/refined_set\2f7p\2f7p_ligand.mol2,mol2,True,,refined
2f80,data/refined_set\2f80\2f80_protein.pdb,data/refined_set\2f80\2f80_pocket.pdb,data/refined_set\2f80\2f80_ligand.mol2,mol2,True,,refined
2f81,data/refined_set\2f81\2f81_protein.pdb,data/refined_set\2f81\2f81_pocket.pdb,data/refined_set\2f81\2f81_ligand.mol2,mol2,True,,refined
2f8g,data/refined_set\2f8g\2f8g_protein.pdb,data/refined_set\2f8g\2f8g_pocket.pdb,data/refined_set\2f8g\2f8g_ligand.mol2,mol2,True,,refined
2f94,data/refined_set\2f94\2f94_protein.pdb,data/refined_set\2f94\2f94_pocket.pdb,data/refined_set\2f94\2f94_ligand.mol2,mol2,True,,refined
2f9k,data/refined_set\2f9k\2f9k_protein.pdb,data/refined_set\2f9k\2f9k_pocket.pdb,data/refined_set\2f9k\2f9k_ligand.mol2,mol2,True,,refined
2fdp,data/refined_set\2fdp\2fdp_protein.pdb,data/refined_set\2fdp\2fdp_pocket.pdb,data/refined_set\2fdp\2fdp_ligand.mol2,mol2,True,,refined
2fgu,data/refined_set\2fgu\2fgu_protein.pdb,data/refined_set\2fgu\2fgu_pocket.pdb,data/refined_set\2fgu\2fgu_ligand.mol2,mol2,True,,refined
2fgv,data/refined_set\2fgv\2fgv_protein.pdb,data/refined_set\2fgv\2fgv_pocket.pdb,data/refined_set\2fgv\2fgv_ligand.mol2,mol2,True,,refined
2fle,data/refined_set\2fle\2fle_protein.pdb,data/refined_set\2fle\2fle_pocket.pdb,data/refined_set\2fle\2fle_ligand.mol2,mol2,True,,refined
2flr,data/refined_set\2flr\2flr_protein.pdb,data/refined_set\2flr\2flr_pocket.pdb,data/refined_set\2flr\2flr_ligand.mol2,mol2,True,,refined
2fmb,data/refined_set\2fmb\2fmb_protein.pdb,data/refined_set\2fmb\2fmb_pocket.pdb,data/refined_set\2fmb\2fmb_ligand.mol2,mol2,True,,refined
2fpz,data/refined_set\2fpz\2fpz_protein.pdb,data/refined_set\2fpz\2fpz_pocket.pdb,data/refined_set\2fpz\2fpz_ligand.mol2,mol2,True,,refined
2fqo,data/refined_set\2fqo\2fqo_protein.pdb,data/refined_set\2fqo\2fqo_pocket.pdb,data/refined_set\2fqo\2fqo_ligand.mol2,mol2,True,,refined
2fqt,data/refined_set\2fqt\2fqt_protein.pdb,data/refined_set\2fqt\2fqt_pocket.pdb,data/refined_set\2fqt\2fqt_ligand.mol2,mol2,True,,refined
2fqw,data/refined_set\2fqw\2fqw_protein.pdb,data/refined_set\2fqw\2fqw_pocket.pdb,data/refined_set\2fqw\2fqw_ligand.mol2,mol2,True,,refined
2fqx,data/refined_set\2fqx\2fqx_protein.pdb,data/refined_set\2fqx\2fqx_pocket.pdb,data/refined_set\2fqx\2fqx_ligand.mol2,mol2,True,,refined
2fqy,data/refined_set\2fqy\2fqy_protein.pdb,data/refined_set\2fqy\2fqy_pocket.pdb,data/refined_set\2fqy\2fqy_ligand.mol2,mol2,True,,refined
2fu8,data/refined_set\2fu8\2fu8_protein.pdb,data/refined_set\2fu8\2fu8_pocket.pdb,data/refined_set\2fu8\2fu8_ligand.mol2,mol2,True,,refined
2fvd,data/refined_set\2fvd\2fvd_protein.pdb,data/refined_set\2fvd\2fvd_pocket.pdb,data/refined_set\2fvd\2fvd_ligand.mol2,mol2,True,,refined
2fw6,data/refined_set\2fw6\2fw6_protein.pdb,data/refined_set\2fw6\2fw6_pocket.pdb,data/refined_set\2fw6\2fw6_ligand.mol2,mol2,True,,refined
2fx6,data/refined_set\2fx6\2fx6_protein.pdb,data/refined_set\2fx6\2fx6_pocket.pdb,data/refined_set\2fx6\2fx6_ligand.mol2,mol2,True,,refined
2fxs,data/refined_set\2fxs\2fxs_protein.pdb,data/refined_set\2fxs\2fxs_pocket.pdb,data/refined_set\2fxs\2fxs_ligand.mol2,mol2,True,,refined
2fxu,data/refined_set\2fxu\2fxu_protein.pdb,data/refined_set\2fxu\2fxu_pocket.pdb,data/refined_set\2fxu\2fxu_ligand.mol2,mol2,True,,refined
2fxv,data/refined_set\2fxv\2fxv_protein.pdb,data/refined_set\2fxv\2fxv_pocket.pdb,data/refined_set\2fxv\2fxv_ligand.mol2,mol2,True,,refined
2fzc,data/refined_set\2fzc\2fzc_protein.pdb,data/refined_set\2fzc\2fzc_pocket.pdb,data/refined_set\2fzc\2fzc_ligand.mol2,mol2,True,,refined
2fzg,data/refined_set\2fzg\2fzg_protein.pdb,data/refined_set\2fzg\2fzg_pocket.pdb,data/refined_set\2fzg\2fzg_ligand.mol2,mol2,True,,refined
2fzk,data/refined_set\2fzk\2fzk_protein.pdb,data/refined_set\2fzk\2fzk_pocket.pdb,data/refined_set\2fzk\2fzk_ligand.mol2,mol2,True,,refined
2g5u,data/refined_set\2g5u\2g5u_protein.pdb,data/refined_set\2g5u\2g5u_pocket.pdb,data/refined_set\2g5u\2g5u_ligand.mol2,mol2,True,,refined
2g94,data/refined_set\2g94\2g94_protein.pdb,data/refined_set\2g94\2g94_pocket.pdb,data/refined_set\2g94\2g94_ligand.mol2,mol2,True,,refined
2gh9,data/refined_set\2gh9\2gh9_protein.pdb,data/refined_set\2gh9\2gh9_pocket.pdb,data/refined_set\2gh9\2gh9_ligand.mol2,mol2,True,,refined
2gj5,data/refined_set\2gj5\2gj5_protein.pdb,data/refined_set\2gj5\2gj5_pocket.pdb,data/refined_set\2gj5\2gj5_ligand.mol2,mol2,True,,refined
2gkl,data/refined_set\2gkl\2gkl_protein.pdb,data/refined_set\2gkl\2gkl_pocket.pdb,data/refined_set\2gkl\2gkl_ligand.mol2,mol2,True,,refined
2gl0,data/refined_set\2gl0\2gl0_protein.pdb,data/refined_set\2gl0\2gl0_pocket.pdb,data/refined_set\2gl0\2gl0_ligand.mol2,mol2,True,,refined
2glp,data/refined_set\2glp\2glp_protein.pdb,data/refined_set\2glp\2glp_pocket.pdb,data/refined_set\2glp\2glp_ligand.mol2,mol2,True,,refined
2gss,data/refined_set\2gss\2gss_protein.pdb,data/refined_set\2gss\2gss_pocket.pdb,data/refined_set\2gss\2gss_ligand.mol2,mol2,True,,refined
2gst,data/refined_set\2gst\2gst_protein.pdb,data/refined_set\2gst\2gst_pocket.pdb,data/refined_set\2gst\2gst_ligand.mol2,mol2,True,,refined
2gsu,data/refined_set\2gsu\2gsu_protein.pdb,data/refined_set\2gsu\2gsu_pocket.pdb,data/refined_set\2gsu\2gsu_ligand.mol2,mol2,True,,refined
2gv6,data/refined_set\2gv6\2gv6_protein.pdb,data/refined_set\2gv6\2gv6_pocket.pdb,data/refined_set\2gv6\2gv6_ligand.mol2,mol2,True,,refined
2gv7,data/refined_set\2gv7\2gv7_protein.pdb,data/refined_set\2gv7\2gv7_pocket.pdb,data/refined_set\2gv7\2gv7_ligand.mol2,mol2,True,,refined
2gvj,data/refined_set\2gvj\2gvj_protein.pdb,data/refined_set\2gvj\2gvj_pocket.pdb,data/refined_set\2gvj\2gvj_ligand.mol2,mol2,True,,refined
2gvv,data/refined_set\2gvv\2gvv_protein.pdb,data/refined_set\2gvv\2gvv_pocket.pdb,data/refined_set\2gvv\2gvv_ligand.mol2,mol2,True,,refined
2gyi,data/refined_set\2gyi\2gyi_protein.pdb,data/refined_set\2gyi\2gyi_pocket.pdb,data/refined_set\2gyi\2gyi_ligand.mol2,mol2,True,,refined
2gz2,data/refined_set\2gz2\2gz2_protein.pdb,data/refined_set\2gz2\2gz2_pocket.pdb,data/refined_set\2gz2\2gz2_ligand.mol2,mol2,True,,refined
2gzl,data/refined_set\2gzl\2gzl_protein.pdb,data/refined_set\2gzl\2gzl_pocket.pdb,data/refined_set\2gzl\2gzl_ligand.mol2,mol2,True,,refined
2h15,data/refined_set\2h15\2h15_protein.pdb,data/refined_set\2h15\2h15_pocket.pdb,data/refined_set\2h15\2h15_ligand.mol2,mol2,True,,refined
2h21,data/refined_set\2h21\2h21_protein.pdb,data/refined_set\2h21\2h21_pocket.pdb,data/refined_set\2h21\2h21_ligand.mol2,mol2,True,,refined
2h3e,data/refined_set\2h3e\2h3e_protein.pdb,data/refined_set\2h3e\2h3e_pocket.pdb,data/refined_set\2h3e\2h3e_ligand.mol2,mol2,True,,refined
2h4g,data/refined_set\2h4g\2h4g_protein.pdb,data/refined_set\2h4g\2h4g_pocket.pdb,data/refined_set\2h4g\2h4g_ligand.mol2,mol2,True,,refined
2h4k,data/refined_set\2h4k\2h4k_protein.pdb,data/refined_set\2h4k\2h4k_pocket.pdb,data/refined_set\2h4k\2h4k_ligand.mol2,mol2,True,,refined
2h4n,data/refined_set\2h4n\2h4n_protein.pdb,data/refined_set\2h4n\2h4n_pocket.pdb,data/refined_set\2h4n\2h4n_ligand.mol2,mol2,True,,refined
2h6b,data/refined_set\2h6b\2h6b_protein.pdb,data/refined_set\2h6b\2h6b_pocket.pdb,data/refined_set\2h6b\2h6b_ligand.mol2,mol2,True,,refined
2h6t,data/refined_set\2h6t\2h6t_protein.pdb,data/refined_set\2h6t\2h6t_pocket.pdb,data/refined_set\2h6t\2h6t_ligand.mol2,mol2,True,,refined
2ha2,data/refined_set\2ha2\2ha2_protein.pdb,data/refined_set\2ha2\2ha2_pocket.pdb,data/refined_set\2ha2\2ha2_ligand.mol2,mol2,True,,refined
2ha3,data/refined_set\2ha3\2ha3_protein.pdb,data/refined_set\2ha3\2ha3_pocket.pdb,data/refined_set\2ha3\2ha3_ligand.mol2,mol2,True,,refined
2ha6,data/refined_set\2ha6\2ha6_protein.pdb,data/refined_set\2ha6\2ha6_pocket.pdb,data/refined_set\2ha6\2ha6_ligand.mol2,mol2,True,,refined
2hah,data/refined_set\2hah\2hah_protein.pdb,data/refined_set\2hah\2hah_pocket.pdb,data/refined_set\2hah\2hah_ligand.mol2,mol2,True,,refined
2haw,data/refined_set\2haw\2haw_protein.pdb,data/refined_set\2haw\2haw_pocket.pdb,data/refined_set\2haw\2haw_ligand.mol2,mol2,True,,refined
2hb1,data/refined_set\2hb1\2hb1_protein.pdb,data/refined_set\2hb1\2hb1_pocket.pdb,data/refined_set\2hb1\2hb1_ligand.mol2,mol2,True,,refined
2hb3,data/refined_set\2hb3\2hb3_protein.pdb,data/refined_set\2hb3\2hb3_pocket.pdb,data/refined_set\2hb3\2hb3_ligand.mol2,mol2,True,,refined
2hhn,data/refined_set\2hhn\2hhn_protein.pdb,data/refined_set\2hhn\2hhn_pocket.pdb,data/refined_set\2hhn\2hhn_ligand.mol2,mol2,True,,refined
2hjb,data/refined_set\2hjb\2hjb_protein.pdb,data/refined_set\2hjb\2hjb_pocket.pdb,data/refined_set\2hjb\2hjb_ligand.mol2,mol2,True,,refined
2hkf,data/refined_set\2hkf\2hkf_protein.pdb,data/refined_set\2hkf\2hkf_pocket.pdb,data/refined_set\2hkf\2hkf_ligand.mol2,mol2,True,,refined
2hl4,data/refined_set\2hl4\2hl4_protein.pdb,data/refined_set\2hl4\2hl4_pocket.pdb,data/refined_set\2hl4\2hl4_ligand.mol2,mol2,True,,refined
2hmu,data/refined_set\2hmu\2hmu_protein.pdb,data/refined_set\2hmu\2hmu_pocket.pdb,data/refined_set\2hmu\2hmu_ligand.mol2,mol2,True,,refined
2hmv,data/refined_set\2hmv\2hmv_protein.pdb,data/refined_set\2hmv\2hmv_pocket.pdb,data/refined_set\2hmv\2hmv_ligand.mol2,mol2,True,,refined
2hnc,data/refined_set\2hnc\2hnc_protein.pdb,data/refined_set\2hnc\2hnc_pocket.pdb,data/refined_set\2hnc\2hnc_ligand.mol2,mol2,True,,refined
2hnx,data/refined_set\2hnx\2hnx_protein.pdb,data/refined_set\2hnx\2hnx_pocket.pdb,data/refined_set\2hnx\2hnx_ligand.mol2,mol2,True,,refined
2hoc,data/refined_set\2hoc\2hoc_protein.pdb,data/refined_set\2hoc\2hoc_pocket.pdb,data/refined_set\2hoc\2hoc_ligand.mol2,mol2,True,,refined
2hs1,data/refined_set\2hs1\2hs1_protein.pdb,data/refined_set\2hs1\2hs1_pocket.pdb,data/refined_set\2hs1\2hs1_ligand.mol2,mol2,True,,refined
2hu6,data/refined_set\2hu6\2hu6_protein.pdb,data/refined_set\2hu6\2hu6_pocket.pdb,data/refined_set\2hu6\2hu6_ligand.mol2,mol2,True,,refined
2hxm,data/refined_set\2hxm\2hxm_protein.pdb,data/refined_set\2hxm\2hxm_pocket.pdb,data/refined_set\2hxm\2hxm_ligand.mol2,mol2,True,,refined
2hzl,data/refined_set\2hzl\2hzl_protein.pdb,data/refined_set\2hzl\2hzl_pocket.pdb,data/refined_set\2hzl\2hzl_ligand.mol2,mol2,True,,refined
2hzy,data/refined_set\2hzy\2hzy_protein.pdb,data/refined_set\2hzy\2hzy_pocket.pdb,data/refined_set\2hzy\2hzy_ligand.mol2,mol2,True,,refined
2i0a,data/refined_set\2i0a\2i0a_protein.pdb,data/refined_set\2i0a\2i0a_pocket.pdb,data/refined_set\2i0a\2i0a_ligand.mol2,mol2,True,,refined
2i19,data/refined_set\2i19\2i19_protein.pdb,data/refined_set\2i19\2i19_pocket.pdb,data/refined_set\2i19\2i19_ligand.mol2,mol2,True,,refined
2i2c,data/refined_set\2i2c\2i2c_protein.pdb,data/refined_set\2i2c\2i2c_pocket.pdb,data/refined_set\2i2c\2i2c_ligand.mol2,mol2,True,,refined
2i3h,data/refined_set\2i3h\2i3h_protein.pdb,data/refined_set\2i3h\2i3h_pocket.pdb,data/refined_set\2i3h\2i3h_ligand.mol2,mol2,True,,refined
2i3i,data/refined_set\2i3i\2i3i_protein.pdb,data/refined_set\2i3i\2i3i_pocket.pdb,data/refined_set\2i3i\2i3i_ligand.mol2,mol2,True,,refined
2i4d,data/refined_set\2i4d\2i4d_protein.pdb,data/refined_set\2i4d\2i4d_pocket.pdb,data/refined_set\2i4d\2i4d_ligand.mol2,mol2,True,,refined
2i4j,data/refined_set\2i4j\2i4j_protein.pdb,data/refined_set\2i4j\2i4j_pocket.pdb,data/refined_set\2i4j\2i4j_ligand.mol2,mol2,True,,refined
2i4u,data/refined_set\2i4u\2i4u_protein.pdb,data/refined_set\2i4u\2i4u_pocket.pdb,data/refined_set\2i4u\2i4u_ligand.mol2,mol2,True,,refined
2i4v,data/refined_set\2i4v\2i4v_protein.pdb,data/refined_set\2i4v\2i4v_pocket.pdb,data/refined_set\2i4v\2i4v_ligand.mol2,mol2,True,,refined
2i4w,data/refined_set\2i4w\2i4w_protein.pdb,data/refined_set\2i4w\2i4w_pocket.pdb,data/refined_set\2i4w\2i4w_ligand.mol2,mol2,True,,refined
2i4x,data/refined_set\2i4x\2i4x_protein.pdb,data/refined_set\2i4x\2i4x_pocket.pdb,data/refined_set\2i4x\2i4x_ligand.mol2,mol2,True,,refined
2i4z,data/refined_set\2i4z\2i4z_protein.pdb,data/refined_set\2i4z\2i4z_pocket.pdb,data/refined_set\2i4z\2i4z_ligand.mol2,mol2,True,,refined
2i6b,data/refined_set\2i6b\2i6b_protein.pdb,data/refined_set\2i6b\2i6b_pocket.pdb,data/refined_set\2i6b\2i6b_ligand.mol2,mol2,True,,refined
2i80,data/refined_set\2i80\2i80_protein.pdb,data/refined_set\2i80\2i80_pocket.pdb,data/refined_set\2i80\2i80_ligand.mol2,mol2,True,,refined
2idw,data/refined_set\2idw\2idw_protein.pdb,data/refined_set\2idw\2idw_pocket.pdb,data/refined_set\2idw\2idw_ligand.mol2,mol2,True,,refined
2ihj,data/refined_set\2ihj\2ihj_protein.pdb,data/refined_set\2ihj\2ihj_pocket.pdb,data/refined_set\2ihj\2ihj_ligand.mol2,mol2,True,,refined
2ihq,data/refined_set\2ihq\2ihq_protein.pdb,data/refined_set\2ihq\2ihq_pocket.pdb,data/refined_set\2ihq\2ihq_ligand.mol2,mol2,True,,refined
2iko,data/refined_set\2iko\2iko_protein.pdb,data/refined_set\2iko\2iko_pocket.pdb,data/refined_set\2iko\2iko_ligand.mol2,mol2,True,,refined
2isw,data/refined_set\2isw\2isw_protein.pdb,data/refined_set\2isw\2isw_pocket.pdb,data/refined_set\2isw\2isw_ligand.mol2,mol2,True,,refined
2iuz,data/refined_set\2iuz\2iuz_protein.pdb,data/refined_set\2iuz\2iuz_pocket.pdb,data/refined_set\2iuz\2iuz_ligand.mol2,mol2,True,,refined
2iwx,data/refined_set\2iwx\2iwx_protein.pdb,data/refined_set\2iwx\2iwx_pocket.pdb,data/refined_set\2iwx\2iwx_ligand.mol2,mol2,True,,refined
2izl,data/refined_set\2izl\2izl_protein.pdb,data/refined_set\2izl\2izl_pocket.pdb,data/refined_set\2izl\2izl_ligand.mol2,mol2,True,,refined
2j27,data/refined_set\2j27\2j27_protein.pdb,data/refined_set\2j27\2j27_pocket.pdb,data/refined_set\2j27\2j27_ligand.mol2,mol2,True,,refined
2j2u,data/refined_set\2j2u\2j2u_protein.pdb,data/refined_set\2j2u\2j2u_pocket.pdb,data/refined_set\2j2u\2j2u_ligand.mol2,mol2,True,,refined
2j34,data/refined_set\2j34\2j34_protein.pdb,data/refined_set\2j34\2j34_pocket.pdb,data/refined_set\2j34\2j34_ligand.mol2,mol2,True,,refined
2j47,data/refined_set\2j47\2j47_protein.pdb,data/refined_set\2j47\2j47_pocket.pdb,data/refined_set\2j47\2j47_ligand.mol2,mol2,True,,refined
2j4g,data/refined_set\2j4g\2j4g_protein.pdb,data/refined_set\2j4g\2j4g_pocket.pdb,data/refined_set\2j4g\2j4g_ligand.mol2,mol2,True,,refined
2j4i,data/refined_set\2j4i\2j4i_protein.pdb,data/refined_set\2j4i\2j4i_pocket.pdb,data/refined_set\2j4i\2j4i_ligand.mol2,mol2,True,,refined
2j62,data/refined_set\2j62\2j62_protein.pdb,data/refined_set\2j62\2j62_pocket.pdb,data/refined_set\2j62\2j62_ligand.mol2,mol2,True,,refined
2j75,data/refined_set\2j75\2j75_protein.pdb,data/refined_set\2j75\2j75_pocket.pdb,data/refined_set\2j75\2j75_ligand.mol2,mol2,True,,refined
2j77,data/refined_set\2j77\2j77_protein.pdb,data/refined_set\2j77\2j77_pocket.pdb,data/refined_set\2j77\2j77_ligand.mol2,mol2,True,,refined
2j78,data/refined_set\2j78\2j78_protein.pdb,data/refined_set\2j78\2j78_pocket.pdb,data/refined_set\2j78\2j78_ligand.mol2,mol2,True,,refined
2j79,data/refined_set\2j79\2j79_protein.pdb,data/refined_set\2j79\2j79_pocket.pdb,data/refined_set\2j79\2j79_ligand.mol2,mol2,True,,refined
2j7b,data/refined_set\2j7b\2j7b_protein.pdb,data/refined_set\2j7b\2j7b_pocket.pdb,data/refined_set\2j7b\2j7b_ligand.mol2,mol2,True,,refined
2j7d,data/refined_set\2j7d\2j7d_protein.pdb,data/refined_set\2j7d\2j7d_pocket.pdb,data/refined_set\2j7d\2j7d_ligand.mol2,mol2,True,,refined
2j7e,data/refined_set\2j7e\2j7e_protein.pdb,data/refined_set\2j7e\2j7e_pocket.pdb,data/refined_set\2j7e\2j7e_ligand.mol2,mol2,True,,refined
2j7f,data/refined_set\2j7f\2j7f_protein.pdb,data/refined_set\2j7f\2j7f_pocket.pdb,data/refined_set\2j7f\2j7f_ligand.mol2,mol2,True,,refined
2j7g,data/refined_set\2j7g\2j7g_protein.pdb,data/refined_set\2j7g\2j7g_pocket.pdb,data/refined_set\2j7g\2j7g_ligand.mol2,mol2,True,,refined
2j7h,data/refined_set\2j7h\2j7h_protein.pdb,data/refined_set\2j7h\2j7h_pocket.pdb,data/refined_set\2j7h\2j7h_ligand.mol2,mol2,True,,refined
2j94,data/refined_set\2j94\2j94_protein.pdb,data/refined_set\2j94\2j94_pocket.pdb,data/refined_set\2j94\2j94_ligand.mol2,mol2,True,,refined
2j95,data/refined_set\2j95\2j95_protein.pdb,data/refined_set\2j95\2j95_pocket.pdb,data/refined_set\2j95\2j95_ligand.mol2,mol2,True,,refined
2jdm,data/refined_set\2jdm\2jdm_protein.pdb,data/refined_set\2jdm\2jdm_pocket.pdb,data/refined_set\2jdm\2jdm_ligand.mol2,mol2,True,,refined
2jdp,data/refined_set\2jdp\2jdp_protein.pdb,data/refined_set\2jdp\2jdp_pocket.pdb,data/refined_set\2jdp\2jdp_ligand.mol2,mol2,True,,refined
2jds,data/refined_set\2jds\2jds_protein.pdb,data/refined_set\2jds\2jds_pocket.pdb,data/refined_set\2jds\2jds_ligand.mol2,mol2,True,,refined
2jdu,data/refined_set\2jdu\2jdu_protein.pdb,data/refined_set\2jdu\2jdu_pocket.pdb,data/refined_set\2jdu\2jdu_ligand.mol2,mol2,True,,refined
2jew,data/refined_set\2jew\2jew_protein.pdb,data/refined_set\2jew\2jew_pocket.pdb,data/refined_set\2jew\2jew_ligand.mol2,mol2,True,,refined
2jf4,data/refined_set\2jf4\2jf4_protein.pdb,data/refined_set\2jf4\2jf4_pocket.pdb,data/refined_set\2jf4\2jf4_ligand.mol2,mol2,True,,refined
2jfz,data/refined_set\2jfz\2jfz_protein.pdb,data/refined_set\2jfz\2jfz_pocket.pdb,data/refined_set\2jfz\2jfz_ligand.mol2,mol2,True,,refined
2jg0,data/refined_set\2jg0\2jg0_protein.pdb,data/refined_set\2jg0\2jg0_pocket.pdb,data/refined_set\2jg0\2jg0_ligand.mol2,mol2,True,,refined
2jgs,data/refined_set\2jgs\2jgs_protein.pdb,data/refined_set\2jgs\2jgs_pocket.pdb,data/refined_set\2jgs\2jgs_ligand.mol2,mol2,True,,refined
2jh0,data/refined_set\2jh0\2jh0_protein.pdb,data/refined_set\2jh0\2jh0_pocket.pdb,data/refined_set\2jh0\2jh0_ligand.mol2,mol2,True,,refined
2jh5,data/refined_set\2jh5\2jh5_protein.pdb,data/refined_set\2jh5\2jh5_pocket.pdb,data/refined_set\2jh5\2jh5_ligand.mol2,mol2,True,,refined
2jh6,data/refined_set\2jh6\2jh6_protein.pdb,data/refined_set\2jh6\2jh6_pocket.pdb,data/refined_set\2jh6\2jh6_ligand.mol2,mol2,True,,refined
2jiw,data/refined_set\2jiw\2jiw_protein.pdb,data/refined_set\2jiw\2jiw_pocket.pdb,data/refined_set\2jiw\2jiw_ligand.mol2,mol2,True,,refined
2jjb,data/refined_set\2jjb\2jjb_protein.pdb,data/refined_set\2jjb\2jjb_pocket.pdb,data/refined_set\2jjb\2jjb_ligand.mol2,mol2,True,,refined
2jke,data/refined_set\2jke\2jke_protein.pdb,data/refined_set\2jke\2jke_pocket.pdb,data/refined_set\2jke\2jke_ligand.mol2,mol2,True,,refined
2jkh,data/refined_set\2jkh\2jkh_protein.pdb,data/refined_set\2jkh\2jkh_pocket.pdb,data/refined_set\2jkh\2jkh_ligand.mol2,mol2,True,,refined
2jkp,data/refined_set\2jkp\2jkp_protein.pdb,data/refined_set\2jkp\2jkp_pocket.pdb,data/refined_set\2jkp\2jkp_ligand.mol2,mol2,True,,refined
2jxr,data/refined_set\2jxr\2jxr_protein.pdb,data/refined_set\2jxr\2jxr_pocket.pdb,data/refined_set\2jxr\2jxr_ligand.mol2,mol2,True,,refined
2mas,data/refined_set\2mas\2mas_protein.pdb,data/refined_set\2mas\2mas_pocket.pdb,data/refined_set\2mas\2mas_ligand.mol2,mol2,True,,refined
2nmx,data/refined_set\2nmx\2nmx_protein.pdb,data/refined_set\2nmx\2nmx_pocket.pdb,data/refined_set\2nmx\2nmx_ligand.mol2,mol2,True,,refined
2nmz,data/refined_set\2nmz\2nmz_protein.pdb,data/refined_set\2nmz\2nmz_pocket.pdb,data/refined_set\2nmz\2nmz_ligand.mol2,mol2,True,,refined
2nn1,data/refined_set\2nn1\2nn1_protein.pdb,data/refined_set\2nn1\2nn1_pocket.pdb,data/refined_set\2nn1\2nn1_ligand.mol2,mol2,True,,refined
2nn7,data/refined_set\2nn7\2nn7_protein.pdb,data/refined_set\2nn7\2nn7_pocket.pdb,data/refined_set\2nn7\2nn7_ligand.mol2,mol2,True,,refined
2nnd,data/refined_set\2nnd\2nnd_protein.pdb,data/refined_set\2nnd\2nnd_pocket.pdb,data/refined_set\2nnd\2nnd_ligand.mol2,mol2,True,,refined
2nsj,data/refined_set\2nsj\2nsj_protein.pdb,data/refined_set\2nsj\2nsj_pocket.pdb,data/refined_set\2nsj\2nsj_ligand.mol2,mol2,True,,refined
2nsl,data/refined_set\2nsl\2nsl_protein.pdb,data/refined_set\2nsl\2nsl_pocket.pdb,data/refined_set\2nsl\2nsl_ligand.mol2,mol2,True,,refined
2nt7,data/refined_set\2nt7\2nt7_protein.pdb,data/refined_set\2nt7\2nt7_pocket.pdb,data/refined_set\2nt7\2nt7_ligand.mol2,mol2,True,,refined
2nta,data/refined_set\2nta\2nta_protein.pdb,data/refined_set\2nta\2nta_pocket.pdb,data/refined_set\2nta\2nta_ligand.mol2,mol2,True,,refined
2o0u,data/refined_set\2o0u\2o0u_protein.pdb,data/refined_set\2o0u\2o0u_pocket.pdb,data/refined_set\2o0u\2o0u_ligand.mol2,mol2,True,,refined
2o4j,data/refined_set\2o4j\2o4j_protein.pdb,data/refined_set\2o4j\2o4j_pocket.pdb,data/refined_set\2o4j\2o4j_ligand.mol2,mol2,True,,refined
2o4k,data/refined_set\2o4k\2o4k_protein.pdb,data/refined_set\2o4k\2o4k_pocket.pdb,data/refined_set\2o4k\2o4k_ligand.mol2,mol2,True,,refined
2o4l,data/refined_set\2o4l\2o4l_protein.pdb,data/refined_set\2o4l\2o4l_pocket.pdb,data/refined_set\2o4l\2o4l_ligand.mol2,mol2,True,,refined
2o4n,data/refined_set\2o4n\2o4n_protein.pdb,data/refined_set\2o4n\2o4n_pocket.pdb,data/refined_set\2o4n\2o4n_ligand.mol2,mol2,True,,refined
2o4r,data/refined_set\2o4r\2o4r_protein.pdb,data/refined_set\2o4r\2o4r_pocket.pdb,data/refined_set\2o4r\2o4r_ligand.mol2,mol2,True,,refined
2o4z,data/refined_set\2o4z\2o4z_protein.pdb,data/refined_set\2o4z\2o4z_pocket.pdb,data/refined_set\2o4z\2o4z_ligand.mol2,mol2,True,,refined
2o8h,data/refined_set\2o8h\2o8h_protein.pdb,data/refined_set\2o8h\2o8h_pocket.pdb,data/refined_set\2o8h\2o8h_ligand.mol2,mol2,True,,refined
2oag,data/refined_set\2oag\2oag_protein.pdb,data/refined_set\2oag\2oag_pocket.pdb,data/refined_set\2oag\2oag_ligand.mol2,mol2,True,,refined
2oax,data/refined_set\2oax\2oax_protein.pdb,data/refined_set\2oax\2oax_pocket.pdb,data/refined_set\2oax\2oax_ligand.mol2,mol2,True,,refined
2oc2,data/refined_set\2oc2\2oc2_protein.pdb,data/refined_set\2oc2\2oc2_pocket.pdb,data/refined_set\2oc2\2oc2_ligand.mol2,mol2,True,,refined
2ogy,data/refined_set\2ogy\2ogy_protein.pdb,data/refined_set\2ogy\2ogy_pocket.pdb,data/refined_set\2ogy\2ogy_ligand.mol2,mol2,True,,refined
2oi0,data/refined_set\2oi0\2oi0_protein.pdb,data/refined_set\2oi0\2oi0_pocket.pdb,data/refined_set\2oi0\2oi0_ligand.mol2,mol2,True,,refined
2oi2,data/refined_set\2oi2\2oi2_protein.pdb,data/refined_set\2oi2\2oi2_pocket.pdb,data/refined_set\2oi2\2oi2_ligand.mol2,mol2,True,,refined
2oiq,data/refined_set\2oiq\2oiq_protein.pdb,data/refined_set\2oiq\2oiq_pocket.pdb,data/refined_set\2oiq\2oiq_ligand.mol2,mol2,True,,refined
2ojg,data/refined_set\2ojg\2ojg_protein.pdb,data/refined_set\2ojg\2ojg_pocket.pdb,data/refined_set\2ojg\2ojg_ligand.mol2,mol2,True,,refined
2ojj,data/refined_set\2ojj\2ojj_protein.pdb,data/refined_set\2ojj\2ojj_pocket.pdb,data/refined_set\2ojj\2ojj_ligand.mol2,mol2,True,,refined
2olb,data/refined_set\2olb\2olb_protein.pdb,data/refined_set\2olb\2olb_pocket.pdb,data/refined_set\2olb\2olb_ligand.mol2,mol2,True,,refined
2ole,data/refined_set\2ole\2ole_protein.pdb,data/refined_set\2ole\2ole_pocket.pdb,data/refined_set\2ole\2ole_ligand.mol2,mol2,True,,refined
2on6,data/refined_set\2on6\2on6_protein.pdb,data/refined_set\2on6\2on6_pocket.pdb,data/refined_set\2on6\2on6_ligand.mol2,mol2,True,,refined
2ot1,data/refined_set\2ot1\2ot1_protein.pdb,data/refined_set\2ot1\2ot1_pocket.pdb,data/refined_set\2ot1\2ot1_ligand.mol2,mol2,True,,refined
2ovv,data/refined_set\2ovv\2ovv_protein.pdb,data/refined_set\2ovv\2ovv_pocket.pdb,data/refined_set\2ovv\2ovv_ligand.mol2,mol2,True,,refined
2ovy,data/refined_set\2ovy\2ovy_protein.pdb,data/refined_set\2ovy\2ovy_pocket.pdb,data/refined_set\2ovy\2ovy_ligand.mol2,mol2,True,,refined
2oxd,data/refined_set\2oxd\2oxd_protein.pdb,data/refined_set\2oxd\2oxd_pocket.pdb,data/refined_set\2oxd\2oxd_ligand.mol2,mol2,True,,refined
2oxn,data/refined_set\2oxn\2oxn_protein.pdb,data/refined_set\2oxn\2oxn_pocket.pdb,data/refined_set\2oxn\2oxn_ligand.mol2,mol2,True,,refined
2oxx,data/refined_set\2oxx\2oxx_protein.pdb,data/refined_set\2oxx\2oxx_pocket.pdb,data/refined_set\2oxx\2oxx_ligand.mol2,mol2,True,,refined
2oxy,data/refined_set\2oxy\2oxy_protein.pdb,data/refined_set\2oxy\2oxy_pocket.pdb,data/refined_set\2oxy\2oxy_ligand.mol2,mol2,True,,refined
2oym,data/refined_set\2oym\2oym_protein.pdb,data/refined_set\2oym\2oym_pocket.pdb,data/refined_set\2oym\2oym_ligand.mol2,mol2,True,,refined
2p09,data/refined_set\2p09\2p09_protein.pdb,data/refined_set\2p09\2p09_pocket.pdb,data/refined_set\2p09\2p09_ligand.mol2,mol2,True,,refined
2p15,data/refined_set\2p15\2p15_protein.pdb,data/refined_set\2p15\2p15_pocket.pdb,data/refined_set\2p15\2p15_ligand.mol2,mol2,True,,refined
2p16,data/refined_set\2p16\2p16_protein.pdb,data/refined_set\2p16\2p16_pocket.pdb,data/refined_set\2p16\2p16_ligand.mol2,mol2,True,,refined
2p2a,data/refined_set\2p2a\2p2a_protein.pdb,data/refined_set\2p2a\2p2a_pocket.pdb,data/refined_set\2p2a\2p2a_ligand.mol2,mol2,True,,refined
2p3a,data/refined_set\2p3a\2p3a_protein.pdb,data/refined_set\2p3a\2p3a_pocket.pdb,data/refined_set\2p3a\2p3a_ligand.mol2,mol2,True,,refined
2p3b,data/refined_set\2p3b\2p3b_protein.pdb,data/refined_set\2p3b\2p3b_pocket.pdb,data/refined_set\2p3b\2p3b_ligand.mol2,mol2,True,,refined
2p3c,data/refined_set\2p3c\2p3c_protein.pdb,data/refined_set\2p3c\2p3c_pocket.pdb,data/refined_set\2p3c\2p3c_ligand.mol2,mol2,True,,refined
2p3i,data/refined_set\2p3i\2p3i_protein.pdb,data/refined_set\2p3i\2p3i_pocket.pdb,data/refined_set\2p3i\2p3i_ligand.mol2,mol2,True,,refined
2p4j,data/refined_set\2p4j\2p4j_protein.pdb,data/refined_set\2p4j\2p4j_pocket.pdb,data/refined_set\2p4j\2p4j_ligand.mol2,mol2,True,,refined
2p4s,data/refined_set\2p4s\2p4s_protein.pdb,data/refined_set\2p4s\2p4s_pocket.pdb,data/refined_set\2p4s\2p4s_ligand.mol2,mol2,True,,refined
2p4y,data/refined_set\2p4y\2p4y_protein.pdb,data/refined_set\2p4y\2p4y_pocket.pdb,data/refined_set\2p4y\2p4y_ligand.mol2,mol2,True,,refined
2p53,data/refined_set\2p53\2p53_protein.pdb,data/refined_set\2p53\2p53_pocket.pdb,data/refined_set\2p53\2p53_ligand.mol2,mol2,True,,refined
2p7a,data/refined_set\2p7a\2p7a_protein.pdb,data/refined_set\2p7a\2p7a_pocket.pdb,data/refined_set\2p7a\2p7a_ligand.mol2,mol2,True,,refined
2p7g,data/refined_set\2p7g\2p7g_protein.pdb,data/refined_set\2p7g\2p7g_pocket.pdb,data/refined_set\2p7g\2p7g_ligand.mol2,mol2,True,,refined
2p7z,data/refined_set\2p7z\2p7z_protein.pdb,data/refined_set\2p7z\2p7z_pocket.pdb,data/refined_set\2p7z\2p7z_ligand.mol2,mol2,True,,refined
2p95,data/refined_set\2p95\2p95_protein.pdb,data/refined_set\2p95\2p95_pocket.pdb,data/refined_set\2p95\2p95_ligand.mol2,mol2,True,,refined
2pbw,data/refined_set\2pbw\2pbw_protein.pdb,data/refined_set\2pbw\2pbw_pocket.pdb,data/refined_set\2pbw\2pbw_ligand.mol2,mol2,True,,refined
2pcp,data/refined_set\2pcp\2pcp_protein.pdb,data/refined_set\2pcp\2pcp_pocket.pdb,data/refined_set\2pcp\2pcp_ligand.mol2,mol2,True,,refined
2pgz,data/refined_set\2pgz\2pgz_protein.pdb,data/refined_set\2pgz\2pgz_pocket.pdb,data/refined_set\2pgz\2pgz_ligand.mol2,mol2,True,,refined
2pk5,data/refined_set\2pk5\2pk5_protein.pdb,data/refined_set\2pk5\2pk5_pocket.pdb,data/refined_set\2pk5\2pk5_ligand.mol2,mol2,True,,refined
2pk6,data/refined_set\2pk6\2pk6_protein.pdb,data/refined_set\2pk6\2pk6_pocket.pdb,data/refined_set\2pk6\2pk6_ligand.mol2,mol2,True,,refined
2pog,data/refined_set\2pog\2pog_protein.pdb,data/refined_set\2pog\2pog_pocket.pdb,data/refined_set\2pog\2pog_ligand.mol2,mol2,True,,refined
2pou,data/refined_set\2pou\2pou_protein.pdb,data/refined_set\2pou\2pou_pocket.pdb,data/refined_set\2pou\2pou_ligand.mol2,mol2,True,,refined
2pov,data/refined_set\2pov\2pov_protein.pdb,data/refined_set\2pov\2pov_pocket.pdb,data/refined_set\2pov\2pov_ligand.mol2,mol2,True,,refined
2pow,data/refined_set\2pow\2pow_protein.pdb,data/refined_set\2pow\2pow_pocket.pdb,data/refined_set\2pow\2pow_ligand.mol2,mol2,True,,refined
2pq9,data/refined_set\2pq9\2pq9_protein.pdb,data/refined_set\2pq9\2pq9_pocket.pdb,data/refined_set\2pq9\2pq9_ligand.mol2,mol2,True,,refined
2pqb,data/refined_set\2pqb\2pqb_protein.pdb,data/refined_set\2pqb\2pqb_pocket.pdb,data/refined_set\2pqb\2pqb_ligand.mol2,mol2,True,,refined
2pqc,data/refined_set\2pqc\2pqc_protein.pdb,data/refined_set\2pqc\2pqc_pocket.pdb,data/refined_set\2pqc\2pqc_ligand.mol2,mol2,True,,refined
2pql,data/refined_set\2pql\2pql_protein.pdb,data/refined_set\2pql\2pql_pocket.pdb,data/refined_set\2pql\2pql_ligand.mol2,mol2,True,,refined
2pqz,data/refined_set\2pqz\2pqz_protein.pdb,data/refined_set\2pqz\2pqz_pocket.pdb,data/refined_set\2pqz\2pqz_ligand.mol2,mol2,True,,refined
2psu,data/refined_set\2psu\2psu_protein.pdb,data/refined_set\2psu\2psu_pocket.pdb,data/refined_set\2psu\2psu_ligand.mol2,mol2,True,,refined
2psv,data/refined_set\2psv\2psv_protein.pdb,data/refined_set\2psv\2psv_pocket.pdb,data/refined_set\2psv\2psv_ligand.mol2,mol2,True,,refined
2ptz,data/refined_set\2ptz\2ptz_protein.pdb,data/refined_set\2ptz\2ptz_pocket.pdb,data/refined_set\2ptz\2ptz_ligand.mol2,mol2,True,,refined
2pu1,data/refined_set\2pu1\2pu1_protein.pdb,data/refined_set\2pu1\2pu1_pocket.pdb,data/refined_set\2pu1\2pu1_ligand.mol2,mol2,True,,refined
2pu2,data/refined_set\2pu2\2pu2_protein.pdb,data/refined_set\2pu2\2pu2_pocket.pdb,data/refined_set\2pu2\2pu2_ligand.mol2,mol2,True,,refined
2pv1,data/refined_set\2pv1\2pv1_protein.pdb,data/refined_set\2pv1\2pv1_pocket.pdb,data/refined_set\2pv1\2pv1_ligand.mol2,mol2,True,,refined
2pvh,data/refined_set\2pvh\2pvh_protein.pdb,data/refined_set\2pvh\2pvh_pocket.pdb,data/refined_set\2pvh\2pvh_ligand.mol2,mol2,True,,refined
2pvj,data/refined_set\2pvj\2pvj_protein.pdb,data/refined_set\2pvj\2pvj_pocket.pdb,data/refined_set\2pvj\2pvj_ligand.mol2,mol2,True,,refined
2pvk,data/refined_set\2pvk\2pvk_protein.pdb,data/refined_set\2pvk\2pvk_pocket.pdb,data/refined_set\2pvk\2pvk_ligand.mol2,mol2,True,,refined
2pvl,data/refined_set\2pvl\2pvl_protein.pdb,data/refined_set\2pvl\2pvl_pocket.pdb,data/refined_set\2pvl\2pvl_ligand.mol2,mol2,True,,refined
2pvm,data/refined_set\2pvm\2pvm_protein.pdb,data/refined_set\2pvm\2pvm_pocket.pdb,data/refined_set\2pvm\2pvm_ligand.mol2,mol2,True,,refined
2pvu,data/refined_set\2pvu\2pvu_protein.pdb,data/refined_set\2pvu\2pvu_pocket.pdb,data/refined_set\2pvu\2pvu_ligand.mol2,mol2,True,,refined
2pwc,data/refined_set\2pwc\2pwc_protein.pdb,data/refined_set\2pwc\2pwc_pocket.pdb,data/refined_set\2pwc\2pwc_ligand.mol2,mol2,True,,refined
2pwd,data/refined_set\2pwd\2pwd_protein.pdb,data/refined_set\2pwd\2pwd_pocket.pdb,data/refined_set\2pwd\2pwd_ligand.mol2,mol2,True,,refined
2pwg,data/refined_set\2pwg\2pwg_protein.pdb,data/refined_set\2pwg\2pwg_pocket.pdb,data/refined_set\2pwg\2pwg_ligand.mol2,mol2,True,,refined
2pwr,data/refined_set\2pwr\2pwr_protein.pdb,data/refined_set\2pwr\2pwr_pocket.pdb,data/refined_set\2pwr\2pwr_ligand.mol2,mol2,True,,refined
2py4,data/refined_set\2py4\2py4_protein.pdb,data/refined_set\2py4\2py4_pocket.pdb,data/refined_set\2py4\2py4_ligand.mol2,mol2,True,,refined
2pym,data/refined_set\2pym\2pym_protein.pdb,data/refined_set\2pym\2pym_pocket.pdb,data/refined_set\2pym\2pym_ligand.mol2,mol2,True,,refined
2pyn,data/refined_set\2pyn\2pyn_protein.pdb,data/refined_set\2pyn\2pyn_pocket.pdb,data/refined_set\2pyn\2pyn_ligand.mol2,mol2,True,,refined
2pyy,data/refined_set\2pyy\2pyy_protein.pdb,data/refined_set\2pyy\2pyy_pocket.pdb,data/refined_set\2pyy\2pyy_ligand.mol2,mol2,True,,refined
2q1q,data/refined_set\2q1q\2q1q_protein.pdb,data/refined_set\2q1q\2q1q_pocket.pdb,data/refined_set\2q1q\2q1q_ligand.mol2,mol2,True,,refined
2q2a,data/refined_set\2q2a\2q2a_protein.pdb,data/refined_set\2q2a\2q2a_pocket.pdb,data/refined_set\2q2a\2q2a_ligand.mol2,mol2,True,,refined
2q38,data/refined_set\2q38\2q38_protein.pdb,data/refined_set\2q38\2q38_pocket.pdb,data/refined_set\2q38\2q38_ligand.mol2,mol2,True,,refined
2q54,data/refined_set\2q54\2q54_protein.pdb,data/refined_set\2q54\2q54_pocket.pdb,data/refined_set\2q54\2q54_ligand.mol2,mol2,True,,refined
2q55,data/refined_set\2q55\2q55_protein.pdb,data/refined_set\2q55\2q55_pocket.pdb,data/refined_set\2q55\2q55_ligand.mol2,mol2,True,,refined
2q5k,data/refined_set\2q5k\2q5k_protein.pdb,data/refined_set\2q5k\2q5k_pocket.pdb,data/refined_set\2q5k\2q5k_ligand.mol2,mol2,True,,refined
2q63,data/refined_set\2q63\2q63_protein.pdb,data/refined_set\2q63\2q63_pocket.pdb,data/refined_set\2q63\2q63_ligand.mol2,mol2,True,,refined
2q64,data/refined_set\2q64\2q64_protein.pdb,data/refined_set\2q64\2q64_pocket.pdb,data/refined_set\2q64\2q64_ligand.mol2,mol2,True,,refined
2q6f,data/refined_set\2q6f\2q6f_protein.pdb,data/refined_set\2q6f\2q6f_pocket.pdb,data/refined_set\2q6f\2q6f_ligand.mol2,mol2,True,,refined
2q7q,data/refined_set\2q7q\2q7q_protein.pdb,data/refined_set\2q7q\2q7q_pocket.pdb,data/refined_set\2q7q\2q7q_ligand.mol2,mol2,True,,refined
2q88,data/refined_set\2q88\2q88_protein.pdb,data/refined_set\2q88\2q88_pocket.pdb,data/refined_set\2q88\2q88_ligand.mol2,mol2,True,,refined
2q89,data/refined_set\2q89\2q89_protein.pdb,data/refined_set\2q89\2q89_pocket.pdb,data/refined_set\2q89\2q89_ligand.mol2,mol2,True,,refined
2q8h,data/refined_set\2q8h\2q8h_protein.pdb,data/refined_set\2q8h\2q8h_pocket.pdb,data/refined_set\2q8h\2q8h_ligand.mol2,mol2,True,,refined
2q8m,data/refined_set\2q8m\2q8m_protein.pdb,data/refined_set\2q8m\2q8m_pocket.pdb,data/refined_set\2q8m\2q8m_ligand.mol2,mol2,True,,refined
2q8z,data/refined_set\2q8z\2q8z_protein.pdb,data/refined_set\2q8z\2q8z_pocket.pdb,data/refined_set\2q8z\2q8z_ligand.mol2,mol2,True,,refined
2qbp,data/refined_set\2qbp\2qbp_protein.pdb,data/refined_set\2qbp\2qbp_pocket.pdb,data/refined_set\2qbp\2qbp_ligand.mol2,mol2,True,,refined
2qbq,data/refined_set\2qbq\2qbq_protein.pdb,data/refined_set\2qbq\2qbq_pocket.pdb,data/refined_set\2qbq\2qbq_ligand.mol2,mol2,True,,refined
2qbr,data/refined_set\2qbr\2qbr_protein.pdb,data/refined_set\2qbr\2qbr_pocket.pdb,data/refined_set\2qbr\2qbr_ligand.mol2,mol2,True,,refined
2qbs,data/refined_set\2qbs\2qbs_protein.pdb,data/refined_set\2qbs\2qbs_pocket.pdb,data/refined_set\2qbs\2qbs_ligand.mol2,mol2,True,,refined
2qbu,data/refined_set\2qbu\2qbu_protein.pdb,data/refined_set\2qbu\2qbu_pocket.pdb,data/refined_set\2qbu\2qbu_ligand.mol2,mol2,True,,refined
2qbw,data/refined_set\2qbw\2qbw_protein.pdb,data/refined_set\2qbw\2qbw_pocket.pdb,data/refined_set\2qbw\2qbw_ligand.mol2,mol2,True,,refined
2qci,data/refined_set\2qci\2qci_protein.pdb,data/refined_set\2qci\2qci_pocket.pdb,data/refined_set\2qci\2qci_ligand.mol2,mol2,True,,refined
2qd6,data/refined_set\2qd6\2qd6_protein.pdb,data/refined_set\2qd6\2qd6_pocket.pdb,data/refined_set\2qd6\2qd6_ligand.mol2,mol2,True,,refined
2qd7,data/refined_set\2qd7\2qd7_protein.pdb,data/refined_set\2qd7\2qd7_pocket.pdb,data/refined_set\2qd7\2qd7_ligand.mol2,mol2,True,,refined
2qd8,data/refined_set\2qd8\2qd8_protein.pdb,data/refined_set\2qd8\2qd8_pocket.pdb,data/refined_set\2qd8\2qd8_ligand.mol2,mol2,True,,refined
2qdt,data/refined_set\2qdt\2qdt_protein.pdb,data/refined_set\2qdt\2qdt_pocket.pdb,data/refined_set\2qdt\2qdt_ligand.mol2,mol2,True,,refined
2qe4,data/refined_set\2qe4\2qe4_protein.pdb,data/refined_set\2qe4\2qe4_pocket.pdb,data/refined_set\2qe4\2qe4_ligand.mol2,mol2,True,,refined
2qg0,data/refined_set\2qg0\2qg0_protein.pdb,data/refined_set\2qg0\2qg0_pocket.pdb,data/refined_set\2qg0\2qg0_ligand.mol2,mol2,True,,refined
2qg2,data/refined_set\2qg2\2qg2_protein.pdb,data/refined_set\2qg2\2qg2_pocket.pdb,data/refined_set\2qg2\2qg2_ligand.mol2,mol2,True,,refined
2qhy,data/refined_set\2qhy\2qhy_protein.pdb,data/refined_set\2qhy\2qhy_pocket.pdb,data/refined_set\2qhy\2qhy_ligand.mol2,mol2,True,,refined
2qhz,data/refined_set\2qhz\2qhz_protein.pdb,data/refined_set\2qhz\2qhz_pocket.pdb,data/refined_set\2qhz\2qhz_ligand.mol2,mol2,True,,refined
2qi0,data/refined_set\2qi0\2qi0_protein.pdb,data/refined_set\2qi0\2qi0_pocket.pdb,data/refined_set\2qi0\2qi0_ligand.mol2,mol2,True,,refined
2qi1,data/refined_set\2qi1\2qi1_protein.pdb,data/refined_set\2qi1\2qi1_pocket.pdb,data/refined_set\2qi1\2qi1_ligand.mol2,mol2,True,,refined
2qi3,data/refined_set\2qi3\2qi3_protein.pdb,data/refined_set\2qi3\2qi3_pocket.pdb,data/refined_set\2qi3\2qi3_ligand.mol2,mol2,True,,refined
2qi4,data/refined_set\2qi4\2qi4_protein.pdb,data/refined_set\2qi4\2qi4_pocket.pdb,data/refined_set\2qi4\2qi4_ligand.mol2,mol2,True,,refined
2qi5,data/refined_set\2qi5\2qi5_protein.pdb,data/refined_set\2qi5\2qi5_pocket.pdb,data/refined_set\2qi5\2qi5_ligand.mol2,mol2,True,,refined
2qi6,data/refined_set\2qi6\2qi6_protein.pdb,data/refined_set\2qi6\2qi6_pocket.pdb,data/refined_set\2qi6\2qi6_ligand.mol2,mol2,True,,refined
2qi7,data/refined_set\2qi7\2qi7_protein.pdb,data/refined_set\2qi7\2qi7_pocket.pdb,data/refined_set\2qi7\2qi7_ligand.mol2,mol2,True,,refined
2qm9,data/refined_set\2qm9\2qm9_protein.pdb,data/refined_set\2qm9\2qm9_pocket.pdb,data/refined_set\2qm9\2qm9_ligand.mol2,mol2,True,,refined
2qmg,data/refined_set\2qmg\2qmg_protein.pdb,data/refined_set\2qmg\2qmg_pocket.pdb,data/refined_set\2qmg\2qmg_ligand.mol2,mol2,True,,refined
2qnn,data/refined_set\2qnn\2qnn_protein.pdb,data/refined_set\2qnn\2qnn_pocket.pdb,data/refined_set\2qnn\2qnn_ligand.mol2,mol2,True,,refined
2qnp,data/refined_set\2qnp\2qnp_protein.pdb,data/refined_set\2qnp\2qnp_pocket.pdb,data/refined_set\2qnp\2qnp_ligand.mol2,mol2,True,,refined
2qnq,data/refined_set\2qnq\2qnq_protein.pdb,data/refined_set\2qnq\2qnq_pocket.pdb,data/refined_set\2qnq\2qnq_ligand.mol2,mol2,True,,refined
2qpq,data/refined_set\2qpq\2qpq_protein.pdb,data/refined_set\2qpq\2qpq_pocket.pdb,data/refined_set\2qpq\2qpq_ligand.mol2,mol2,True,,refined
2qpu,data/refined_set\2qpu\2qpu_protein.pdb,data/refined_set\2qpu\2qpu_pocket.pdb,data/refined_set\2qpu\2qpu_ligand.mol2,mol2,True,,refined
2qrk,data/refined_set\2qrk\2qrk_protein.pdb,data/refined_set\2qrk\2qrk_pocket.pdb,data/refined_set\2qrk\2qrk_ligand.mol2,mol2,True,,refined
2qrl,data/refined_set\2qrl\2qrl_protein.pdb,data/refined_set\2qrl\2qrl_pocket.pdb,data/refined_set\2qrl\2qrl_ligand.mol2,mol2,True,,refined
2qta,data/refined_set\2qta\2qta_protein.pdb,data/refined_set\2qta\2qta_pocket.pdb,data/refined_set\2qta\2qta_ligand.mol2,mol2,True,,refined
2qtg,data/refined_set\2qtg\2qtg_protein.pdb,data/refined_set\2qtg\2qtg_pocket.pdb,data/refined_set\2qtg\2qtg_ligand.mol2,mol2,True,,refined
2qtn,data/refined_set\2qtn\2qtn_protein.pdb,data/refined_set\2qtn\2qtn_pocket.pdb,data/refined_set\2qtn\2qtn_ligand.mol2,mol2,True,,refined
2qtt,data/refined_set\2qtt\2qtt_protein.pdb,data/refined_set\2qtt\2qtt_pocket.pdb,data/refined_set\2qtt\2qtt_ligand.mol2,mol2,True,,refined
2qu6,data/refined_set\2qu6\2qu6_protein.pdb,data/refined_set\2qu6\2qu6_pocket.pdb,data/refined_set\2qu6\2qu6_ligand.mol2,mol2,True,,refined
2qw1,data/refined_set\2qw1\2qw1_protein.pdb,data/refined_set\2qw1\2qw1_pocket.pdb,data/refined_set\2qw1\2qw1_ligand.mol2,mol2,True,,refined
2qwb,data/refined_set\2qwb\2qwb_protein.pdb,data/refined_set\2qwb\2qwb_pocket.pdb,data/refined_set\2qwb\2qwb_ligand.mol2,mol2,True,,refined
2qwc,data/refined_set\2qwc\2qwc_protein.pdb,data/refined_set\2qwc\2qwc_pocket.pdb,data/refined_set\2qwc\2qwc_ligand.mol2,mol2,True,,refined
2qwd,data/refined_set\2qwd\2qwd_protein.pdb,data/refined_set\2qwd\2qwd_pocket.pdb,data/refined_set\2qwd\2qwd_ligand.mol2,mol2,True,,refined
2qwe,data/refined_set\2qwe\2qwe_protein.pdb,data/refined_set\2qwe\2qwe_pocket.pdb,data/refined_set\2qwe\2qwe_ligand.mol2,mol2,True,,refined
2qwf,data/refined_set\2qwf\2qwf_protein.pdb,data/refined_set\2qwf\2qwf_pocket.pdb,data/refined_set\2qwf\2qwf_ligand.mol2,mol2,True,,refined
2qzr,data/refined_set\2qzr\2qzr_protein.pdb,data/refined_set\2qzr\2qzr_pocket.pdb,data/refined_set\2qzr\2qzr_ligand.mol2,mol2,True,,refined
2r0h,data/refined_set\2r0h\2r0h_protein.pdb,data/refined_set\2r0h\2r0h_pocket.pdb,data/refined_set\2r0h\2r0h_ligand.mol2,mol2,True,,refined
2r0z,data/refined_set\2r0z\2r0z_protein.pdb,data/refined_set\2r0z\2r0z_pocket.pdb,data/refined_set\2r0z\2r0z_ligand.mol2,mol2,True,,refined
2r1y,data/refined_set\2r1y\2r1y_protein.pdb,data/refined_set\2r1y\2r1y_pocket.pdb,data/refined_set\2r1y\2r1y_ligand.mol2,mol2,True,,refined
2r23,data/refined_set\2r23\2r23_protein.pdb,data/refined_set\2r23\2r23_pocket.pdb,data/refined_set\2r23\2r23_ligand.mol2,mol2,True,,refined
2r2m,data/refined_set\2r2m\2r2m_protein.pdb,data/refined_set\2r2m\2r2m_pocket.pdb,data/refined_set\2r2m\2r2m_ligand.mol2,mol2,True,,refined
2r2w,data/refined_set\2r2w\2r2w_protein.pdb,data/refined_set\2r2w\2r2w_pocket.pdb,data/refined_set\2r2w\2r2w_ligand.mol2,mol2,True,,refined
2r38,data/refined_set\2r38\2r38_protein.pdb,data/refined_set\2r38\2r38_pocket.pdb,data/refined_set\2r38\2r38_ligand.mol2,mol2,True,,refined
2r3t,data/refined_set\2r3t\2r3t_protein.pdb,data/refined_set\2r3t\2r3t_pocket.pdb,data/refined_set\2r3t\2r3t_ligand.mol2,mol2,True,,refined
2r3w,data/refined_set\2r3w\2r3w_protein.pdb,data/refined_set\2r3w\2r3w_pocket.pdb,data/refined_set\2r3w\2r3w_ligand.mol2,mol2,True,,refined
2r43,data/refined_set\2r43\2r43_protein.pdb,data/refined_set\2r43\2r43_pocket.pdb,data/refined_set\2r43\2r43_ligand.mol2,mol2,True,,refined
2r58,data/refined_set\2r58\2r58_protein.pdb,data/refined_set\2r58\2r58_pocket.pdb,data/refined_set\2r58\2r58_ligand.mol2,mol2,True,,refined
2r59,data/refined_set\2r59\2r59_protein.pdb,data/refined_set\2r59\2r59_pocket.pdb,data/refined_set\2r59\2r59_ligand.mol2,mol2,True,,refined
2r5a,data/refined_set\2r5a\2r5a_protein.pdb,data/refined_set\2r5a\2r5a_pocket.pdb,data/refined_set\2r5a\2r5a_ligand.mol2,mol2,True,,refined
2r5p,data/refined_set\2r5p\2r5p_protein.pdb,data/refined_set\2r5p\2r5p_pocket.pdb,data/refined_set\2r5p\2r5p_ligand.mol2,mol2,True,,refined
2r75,data/refined_set\2r75\2r75_protein.pdb,data/refined_set\2r75\2r75_pocket.pdb,data/refined_set\2r75\2r75_ligand.mol2,mol2,True,,refined
2r9w,data/refined_set\2r9w\2r9w_protein.pdb,data/refined_set\2r9w\2r9w_pocket.pdb,data/refined_set\2r9w\2r9w_ligand.mol2,mol2,True,,refined
2r9x,data/refined_set\2r9x\2r9x_protein.pdb,data/refined_set\2r9x\2r9x_pocket.pdb,data/refined_set\2r9x\2r9x_ligand.mol2,mol2,True,,refined
2ra0,data/refined_set\2ra0\2ra0_protein.pdb,data/refined_set\2ra0\2ra0_pocket.pdb,data/refined_set\2ra0\2ra0_ligand.mol2,mol2,True,,refined
2ra6,data/refined_set\2ra6\2ra6_protein.pdb,data/refined_set\2ra6\2ra6_pocket.pdb,data/refined_set\2ra6\2ra6_ligand.mol2,mol2,True,,refined
2rcb,data/refined_set\2rcb\2rcb_protein.pdb,data/refined_set\2rcb\2rcb_pocket.pdb,data/refined_set\2rcb\2rcb_ligand.mol2,mol2,True,,refined
2rcn,data/refined_set\2rcn\2rcn_protein.pdb,data/refined_set\2rcn\2rcn_pocket.pdb,data/refined_set\2rcn\2rcn_ligand.mol2,mol2,True,,refined
2rd6,data/refined_set\2rd6\2rd6_protein.pdb,data/refined_set\2rd6\2rd6_pocket.pdb,data/refined_set\2rd6\2rd6_ligand.mol2,mol2,True,,refined
2reg,data/refined_set\2reg\2reg_protein.pdb,data/refined_set\2reg\2reg_pocket.pdb,data/refined_set\2reg\2reg_ligand.mol2,mol2,True,,refined
2rfh,data/refined_set\2rfh\2rfh_protein.pdb,data/refined_set\2rfh\2rfh_pocket.pdb,data/refined_set\2rfh\2rfh_ligand.mol2,mol2,True,,refined
2ri9,data/refined_set\2ri9\2ri9_protein.pdb,data/refined_set\2ri9\2ri9_pocket.pdb,data/refined_set\2ri9\2ri9_ligand.mol2,mol2,True,,refined
2rin,data/refined_set\2rin\2rin_protein.pdb,data/refined_set\2rin\2rin_pocket.pdb,data/refined_set\2rin\2rin_ligand.mol2,mol2,True,,refined
2rio,data/refined_set\2rio\2rio_protein.pdb,data/refined_set\2rio\2rio_pocket.pdb,data/refined_set\2rio\2rio_ligand.mol2,mol2,True,,refined
2rk8,data/refined_set\2rk8\2rk8_protein.pdb,data/refined_set\2rk8\2rk8_pocket.pdb,data/refined_set\2rk8\2rk8_ligand.mol2,mol2,True,,refined
2rka,data/refined_set\2rka\2rka_protein.pdb,data/refined_set\2rka\2rka_pocket.pdb,data/refined_set\2rka\2rka_ligand.mol2,mol2,True,,refined
2rkd,data/refined_set\2rkd\2rkd_protein.pdb,data/refined_set\2rkd\2rkd_pocket.pdb,data/refined_set\2rkd\2rkd_ligand.mol2,mol2,True,,refined
2rke,data/refined_set\2rke\2rke_protein.pdb,data/refined_set\2rke\2rke_pocket.pdb,data/refined_set\2rke\2rke_ligand.mol2,mol2,True,,refined
2rkf,data/refined_set\2rkf\2rkf_protein.pdb,data/refined_set\2rkf\2rkf_pocket.pdb,data/refined_set\2rkf\2rkf_ligand.mol2,mol2,True,,refined
2rkg,data/refined_set\2rkg\2rkg_protein.pdb,data/refined_set\2rkg\2rkg_pocket.pdb,data/refined_set\2rkg\2rkg_ligand.mol2,mol2,True,,refined
2rkm,data/refined_set\2rkm\2rkm_protein.pdb,data/refined_set\2rkm\2rkm_pocket.pdb,data/refined_set\2rkm\2rkm_ligand.mol2,mol2,True,,refined
2sim,data/refined_set\2sim\2sim_protein.pdb,data/refined_set\2sim\2sim_pocket.pdb,data/refined_set\2sim\2sim_ligand.mol2,mol2,True,,refined
2std,data/refined_set\2std\2std_protein.pdb,data/refined_set\2std\2std_pocket.pdb,data/refined_set\2std\2std_ligand.mol2,mol2,True,,refined
2tmn,data/refined_set\2tmn\2tmn_protein.pdb,data/refined_set\2tmn\2tmn_pocket.pdb,data/refined_set\2tmn\2tmn_ligand.mol2,mol2,True,,refined
2tpi,data/refined_set\2tpi\2tpi_protein.pdb,data/refined_set\2tpi\2tpi_pocket.pdb,data/refined_set\2tpi\2tpi_ligand.mol2,mol2,True,,refined
2usn,data/refined_set\2usn\2usn_protein.pdb,data/refined_set\2usn\2usn_pocket.pdb,data/refined_set\2usn\2usn_ligand.mol2,mol2,True,,refined
2uwd,data/refined_set\2uwd\2uwd_protein.pdb,data/refined_set\2uwd\2uwd_pocket.pdb,data/refined_set\2uwd\2uwd_ligand.mol2,mol2,True,,refined
2uwl,data/refined_set\2uwl\2uwl_protein.pdb,data/refined_set\2uwl\2uwl_pocket.pdb,data/refined_set\2uwl\2uwl_ligand.mol2,mol2,True,,refined
2uwo,data/refined_set\2uwo\2uwo_protein.pdb,data/refined_set\2uwo\2uwo_pocket.pdb,data/refined_set\2uwo\2uwo_ligand.mol2,mol2,True,,refined
2uwp,data/refined_set\2uwp\2uwp_protein.pdb,data/refined_set\2uwp\2uwp_pocket.pdb,data/refined_set\2uwp\2uwp_ligand.mol2,mol2,True,,refined
2uxi,data/refined_set\2uxi\2uxi_protein.pdb,data/refined_set\2uxi\2uxi_pocket.pdb,data/refined_set\2uxi\2uxi_ligand.mol2,mol2,True,,refined
2uxz,data/refined_set\2uxz\2uxz_protein.pdb,data/refined_set\2uxz\2uxz_pocket.pdb,data/refined_set\2uxz\2uxz_ligand.mol2,mol2,True,,refined
2uy0,data/refined_set\2uy0\2uy0_protein.pdb,data/refined_set\2uy0\2uy0_pocket.pdb,data/refined_set\2uy0\2uy0_ligand.mol2,mol2,True,,refined
2uy3,data/refined_set\2uy3\2uy3_protein.pdb,data/refined_set\2uy3\2uy3_pocket.pdb,data/refined_set\2uy3\2uy3_ligand.mol2,mol2,True,,refined
2uy4,data/refined_set\2uy4\2uy4_protein.pdb,data/refined_set\2uy4\2uy4_pocket.pdb,data/refined_set\2uy4\2uy4_ligand.mol2,mol2,True,,refined
2uy5,data/refined_set\2uy5\2uy5_protein.pdb,data/refined_set\2uy5\2uy5_pocket.pdb,data/refined_set\2uy5\2uy5_ligand.mol2,mol2,True,,refined
2uyn,data/refined_set\2uyn\2uyn_protein.pdb,data/refined_set\2uyn\2uyn_pocket.pdb,data/refined_set\2uyn\2uyn_ligand.mol2,mol2,True,,refined
2uyq,data/refined_set\2uyq\2uyq_protein.pdb,data/refined_set\2uyq\2uyq_pocket.pdb,data/refined_set\2uyq\2uyq_ligand.mol2,mol2,True,,refined
2uz9,data/refined_set\2uz9\2uz9_protein.pdb,data/refined_set\2uz9\2uz9_pocket.pdb,data/refined_set\2uz9\2uz9_ligand.mol2,mol2,True,,refined
2v00,data/refined_set\2v00\2v00_protein.pdb,data/refined_set\2v00\2v00_pocket.pdb,data/refined_set\2v00\2v00_ligand.mol2,mol2,True,,refined
2v25,data/refined_set\2v25\2v25_protein.pdb,data/refined_set\2v25\2v25_pocket.pdb,data/refined_set\2v25\2v25_ligand.mol2,mol2,True,,refined
2v2c,data/refined_set\2v2c\2v2c_protein.pdb,data/refined_set\2v2c\2v2c_pocket.pdb,data/refined_set\2v2c\2v2c_ligand.mol2,mol2,True,,refined
2v2h,data/refined_set\2v2h\2v2h_protein.pdb,data/refined_set\2v2h\2v2h_pocket.pdb,data/refined_set\2v2h\2v2h_ligand.mol2,mol2,True,,refined
2v2q,data/refined_set\2v2q\2v2q_protein.pdb,data/refined_set\2v2q\2v2q_pocket.pdb,data/refined_set\2v2q\2v2q_ligand.mol2,mol2,True,,refined
2v2v,data/refined_set\2v2v\2v2v_protein.pdb,data/refined_set\2v2v\2v2v_pocket.pdb,data/refined_set\2v2v\2v2v_ligand.mol2,mol2,True,,refined
2v3d,data/refined_set\2v3d\2v3d_protein.pdb,data/refined_set\2v3d\2v3d_pocket.pdb,data/refined_set\2v3d\2v3d_ligand.mol2,mol2,True,,refined
2v3u,data/refined_set\2v3u\2v3u_protein.pdb,data/refined_set\2v3u\2v3u_pocket.pdb,data/refined_set\2v3u\2v3u_ligand.mol2,mol2,True,,refined
2v54,data/refined_set\2v54\2v54_protein.pdb,data/refined_set\2v54\2v54_pocket.pdb,data/refined_set\2v54\2v54_ligand.mol2,mol2,True,,refined
2v57,data/refined_set\2v57\2v57_protein.pdb,data/refined_set\2v57\2v57_pocket.pdb,data/refined_set\2v57\2v57_ligand.mol2,mol2,True,,refined
2v58,data/refined_set\2v58\2v58_protein.pdb,data/refined_set\2v58\2v58_pocket.pdb,data/refined_set\2v58\2v58_ligand.mol2,mol2,True,,refined
2v59,data/refined_set\2v59\2v59_protein.pdb,data/refined_set\2v59\2v59_pocket.pdb,data/refined_set\2v59\2v59_ligand.mol2,mol2,True,,refined
2v77,data/refined_set\2v77\2v77_protein.pdb,data/refined_set\2v77\2v77_pocket.pdb,data/refined_set\2v77\2v77_ligand.mol2,mol2,True,,refined
2v7a,data/refined_set\2v7a\2v7a_protein.pdb,data/refined_set\2v7a\2v7a_pocket.pdb,data/refined_set\2v7a\2v7a_ligand.mol2,mol2,True,,refined
2v88,data/refined_set\2v88\2v88_protein.pdb,data/refined_set\2v88\2v88_pocket.pdb,data/refined_set\2v88\2v88_ligand.mol2,mol2,True,,refined
2v8w,data/refined_set\2v8w\2v8w_protein.pdb,data/refined_set\2v8w\2v8w_pocket.pdb,data/refined_set\2v8w\2v8w_ligand.mol2,mol2,True,,refined
2v95,data/refined_set\2v95\2v95_protein.pdb,data/refined_set\2v95\2v95_pocket.pdb,data/refined_set\2v95\2v95_ligand.mol2,mol2,True,,refined
2vb8,data/refined_set\2vb8\2vb8_protein.pdb,data/refined_set\2vb8\2vb8_pocket.pdb,data/refined_set\2vb8\2vb8_ligand.mol2,mol2,True,,refined
2vba,data/refined_set\2vba\2vba_protein.pdb,data/refined_set\2vba\2vba_pocket.pdb,data/refined_set\2vba\2vba_ligand.mol2,mol2,True,,refined
2vc9,data/refined_set\2vc9\2vc9_protein.pdb,data/refined_set\2vc9\2vc9_pocket.pdb,data/refined_set\2vc9\2vc9_ligand.mol2,mol2,True,,refined
2ves,data/refined_set\2ves\2ves_protein.pdb,data/refined_set\2ves\2ves_pocket.pdb,data/refined_set\2ves\2ves_ligand.mol2,mol2,True,,refined
2vfk,data/refined_set\2vfk\2vfk_protein.pdb,data/refined_set\2vfk\2vfk_pocket.pdb,data/refined_set\2vfk\2vfk_ligand.mol2,mol2,True,,refined
2vh0,data/refined_set\2vh0\2vh0_protein.pdb,data/refined_set\2vh0\2vh0_pocket.pdb,data/refined_set\2vh0\2vh0_ligand.mol2,mol2,True,,refined
2vh6,data/refined_set\2vh6\2vh6_protein.pdb,data/refined_set\2vh6\2vh6_pocket.pdb,data/refined_set\2vh6\2vh6_ligand.mol2,mol2,True,,refined
2vhj,data/refined_set\2vhj\2vhj_protein.pdb,data/refined_set\2vhj\2vhj_pocket.pdb,data/refined_set\2vhj\2vhj_ligand.mol2,mol2,True,,refined
2vj8,data/refined_set\2vj8\2vj8_protein.pdb,data/refined_set\2vj8\2vj8_pocket.pdb,data/refined_set\2vj8\2vj8_ligand.mol2,mol2,True,,refined
2vjx,data/refined_set\2vjx\2vjx_protein.pdb,data/refined_set\2vjx\2vjx_pocket.pdb,data/refined_set\2vjx\2vjx_ligand.mol2,mol2,True,,refined
2vk2,data/refined_set\2vk2\2vk2_protein.pdb,data/refined_set\2vk2\2vk2_pocket.pdb,data/refined_set\2vk2\2vk2_ligand.mol2,mol2,True,,refined
2vk6,data/refined_set\2vk6\2vk6_protein.pdb,data/refined_set\2vk6\2vk6_pocket.pdb,data/refined_set\2vk6\2vk6_ligand.mol2,mol2,True,,refined
2vkm,data/refined_set\2vkm\2vkm_protein.pdb,data/refined_set\2vkm\2vkm_pocket.pdb,data/refined_set\2vkm\2vkm_ligand.mol2,mol2,True,,refined
2vl4,data/refined_set\2vl4\2vl4_protein.pdb,data/refined_set\2vl4\2vl4_pocket.pdb,data/refined_set\2vl4\2vl4_ligand.mol2,mol2,True,,refined
2vmc,data/refined_set\2vmc\2vmc_protein.pdb,data/refined_set\2vmc\2vmc_pocket.pdb,data/refined_set\2vmc\2vmc_ligand.mol2,mol2,True,,refined
2vmd,data/refined_set\2vmd\2vmd_protein.pdb,data/refined_set\2vmd\2vmd_pocket.pdb,data/refined_set\2vmd\2vmd_ligand.mol2,mol2,True,,refined
2vmf,data/refined_set\2vmf\2vmf_protein.pdb,data/refined_set\2vmf\2vmf_pocket.pdb,data/refined_set\2vmf\2vmf_ligand.mol2,mol2,True,,refined
2vnp,data/refined_set\2vnp\2vnp_protein.pdb,data/refined_set\2vnp\2vnp_pocket.pdb,data/refined_set\2vnp\2vnp_ligand.mol2,mol2,True,,refined
2vnt,data/refined_set\2vnt\2vnt_protein.pdb,data/refined_set\2vnt\2vnt_pocket.pdb,data/refined_set\2vnt\2vnt_ligand.mol2,mol2,True,,refined
2vo4,data/refined_set\2vo4\2vo4_protein.pdb,data/refined_set\2vo4\2vo4_pocket.pdb,data/refined_set\2vo4\2vo4_ligand.mol2,mol2,True,,refined
2vo5,data/refined_set\2vo5\2vo5_protein.pdb,data/refined_set\2vo5\2vo5_pocket.pdb,data/refined_set\2vo5\2vo5_ligand.mol2,mol2,True,,refined
2vot,data/refined_set\2vot\2vot_protein.pdb,data/refined_set\2vot\2vot_pocket.pdb,data/refined_set\2vot\2vot_ligand.mol2,mol2,True,,refined
2vpe,data/refined_set\2vpe\2vpe_protein.pdb,data/refined_set\2vpe\2vpe_pocket.pdb,data/refined_set\2vpe\2vpe_ligand.mol2,mol2,True,,refined
2vpn,data/refined_set\2vpn\2vpn_protein.pdb,data/refined_set\2vpn\2vpn_pocket.pdb,data/refined_set\2vpn\2vpn_ligand.mol2,mol2,True,,refined
2vpo,data/refined_set\2vpo\2vpo_protein.pdb,data/refined_set\2vpo\2vpo_pocket.pdb,data/refined_set\2vpo\2vpo_ligand.mol2,mol2,True,,refined
2vqt,data/refined_set\2vqt\2vqt_protein.pdb,data/refined_set\2vqt\2vqt_pocket.pdb,data/refined_set\2vqt\2vqt_ligand.mol2,mol2,True,,refined
2vrj,data/refined_set\2vrj\2vrj_protein.pdb,data/refined_set\2vrj\2vrj_pocket.pdb,data/refined_set\2vrj\2vrj_ligand.mol2,mol2,True,,refined
2vsl,data/refined_set\2vsl\2vsl_protein.pdb,data/refined_set\2vsl\2vsl_pocket.pdb,data/refined_set\2vsl\2vsl_ligand.mol2,mol2,True,,refined
2vt3,data/refined_set\2vt3\2vt3_protein.pdb,data/refined_set\2vt3\2vt3_pocket.pdb,data/refined_set\2vt3\2vt3_ligand.mol2,mol2,True,,refined
2vuk,data/refined_set\2vuk\2vuk_protein.pdb,data/refined_set\2vuk\2vuk_pocket.pdb,data/refined_set\2vuk\2vuk_ligand.mol2,mol2,True,,refined
2vvc,data/refined_set\2vvc\2vvc_protein.pdb,data/refined_set\2vvc\2vvc_pocket.pdb,data/refined_set\2vvc\2vvc_ligand.mol2,mol2,True,,refined
2vvn,data/refined_set\2vvn\2vvn_protein.pdb,data/refined_set\2vvn\2vvn_pocket.pdb,data/refined_set\2vvn\2vvn_ligand.mol2,mol2,True,,refined
2vvs,data/refined_set\2vvs\2vvs_protein.pdb,data/refined_set\2vvs\2vvs_pocket.pdb,data/refined_set\2vvs\2vvs_ligand.mol2,mol2,True,,refined
2vvu,data/refined_set\2vvu\2vvu_protein.pdb,data/refined_set\2vvu\2vvu_pocket.pdb,data/refined_set\2vvu\2vvu_ligand.mol2,mol2,True,,refined
2vvv,data/refined_set\2vvv\2vvv_protein.pdb,data/refined_set\2vvv\2vvv_pocket.pdb,data/refined_set\2vvv\2vvv_ligand.mol2,mol2,True,,refined
2vw1,data/refined_set\2vw1\2vw1_protein.pdb,data/refined_set\2vw1\2vw1_pocket.pdb,data/refined_set\2vw1\2vw1_ligand.mol2,mol2,True,,refined
2vw2,data/refined_set\2vw2\2vw2_protein.pdb,data/refined_set\2vw2\2vw2_pocket.pdb,data/refined_set\2vw2\2vw2_ligand.mol2,mol2,True,,refined
2vw5,data/refined_set\2vw5\2vw5_protein.pdb,data/refined_set\2vw5\2vw5_pocket.pdb,data/refined_set\2vw5\2vw5_ligand.mol2,mol2,True,,refined
2vwc,data/refined_set\2vwc\2vwc_protein.pdb,data/refined_set\2vwc\2vwc_pocket.pdb,data/refined_set\2vwc\2vwc_ligand.mol2,mol2,True,,refined
2vwl,data/refined_set\2vwl\2vwl_protein.pdb,data/refined_set\2vwl\2vwl_pocket.pdb,data/refined_set\2vwl\2vwl_ligand.mol2,mol2,True,,refined
2vwm,data/refined_set\2vwm\2vwm_protein.pdb,data/refined_set\2vwm\2vwm_pocket.pdb,data/refined_set\2vwm\2vwm_ligand.mol2,mol2,True,,refined
2vwn,data/refined_set\2vwn\2vwn_protein.pdb,data/refined_set\2vwn\2vwn_pocket.pdb,data/refined_set\2vwn\2vwn_ligand.mol2,mol2,True,,refined
2vwo,data/refined_set\2vwo\2vwo_protein.pdb,data/refined_set\2vwo\2vwo_pocket.pdb,data/refined_set\2vwo\2vwo_ligand.mol2,mol2,True,,refined
2vxn,data/refined_set\2vxn\2vxn_protein.pdb,data/refined_set\2vxn\2vxn_pocket.pdb,data/refined_set\2vxn\2vxn_ligand.mol2,mol2,True,,refined
2vyt,data/refined_set\2vyt\2vyt_protein.pdb,data/refined_set\2vyt\2vyt_pocket.pdb,data/refined_set\2vyt\2vyt_ligand.mol2,mol2,True,,refined
2vzr,data/refined_set\2vzr\2vzr_protein.pdb,data/refined_set\2vzr\2vzr_pocket.pdb,data/refined_set\2vzr\2vzr_ligand.mol2,mol2,True,,refined
2w08,data/refined_set\2w08\2w08_protein.pdb,data/refined_set\2w08\2w08_pocket.pdb,data/refined_set\2w08\2w08_ligand.mol2,mol2,True,,refined
2w26,data/refined_set\2w26\2w26_protein.pdb,data/refined_set\2w26\2w26_pocket.pdb,data/refined_set\2w26\2w26_ligand.mol2,mol2,True,,refined
2w47,data/refined_set\2w47\2w47_protein.pdb,data/refined_set\2w47\2w47_pocket.pdb,data/refined_set\2w47\2w47_ligand.mol2,mol2,True,,refined
2w4x,data/refined_set\2w4x\2w4x_protein.pdb,data/refined_set\2w4x\2w4x_pocket.pdb,data/refined_set\2w4x\2w4x_ligand.mol2,mol2,True,,refined
2w5g,data/refined_set\2w5g\2w5g_protein.pdb,data/refined_set\2w5g\2w5g_pocket.pdb,data/refined_set\2w5g\2w5g_ligand.mol2,mol2,True,,refined
2w66,data/refined_set\2w66\2w66_protein.pdb,data/refined_set\2w66\2w66_pocket.pdb,data/refined_set\2w66\2w66_ligand.mol2,mol2,True,,refined
2w67,data/refined_set\2w67\2w67_protein.pdb,data/refined_set\2w67\2w67_pocket.pdb,data/refined_set\2w67\2w67_ligand.mol2,mol2,True,,refined
2w8j,data/refined_set\2w8j\2w8j_protein.pdb,data/refined_set\2w8j\2w8j_pocket.pdb,data/refined_set\2w8j\2w8j_ligand.mol2,mol2,True,,refined
2w8w,data/refined_set\2w8w\2w8w_protein.pdb,data/refined_set\2w8w\2w8w_pocket.pdb,data/refined_set\2w8w\2w8w_ligand.mol2,mol2,True,,refined
2w8y,data/refined_set\2w8y\2w8y_protein.pdb,data/refined_set\2w8y\2w8y_pocket.pdb,data/refined_set\2w8y\2w8y_ligand.mol2,mol2,True,,refined
2w9h,data/refined_set\2w9h\2w9h_protein.pdb,data/refined_set\2w9h\2w9h_pocket.pdb,data/refined_set\2w9h\2w9h_ligand.mol2,mol2,True,,refined
2wb5,data/refined_set\2wb5\2wb5_protein.pdb,data/refined_set\2wb5\2wb5_pocket.pdb,data/refined_set\2wb5\2wb5_ligand.mol2,mol2,True,,refined
2wbg,data/refined_set\2wbg\2wbg_protein.pdb,data/refined_set\2wbg\2wbg_pocket.pdb,data/refined_set\2wbg\2wbg_ligand.mol2,mol2,True,,refined
2wc3,data/refined_set\2wc3\2wc3_protein.pdb,data/refined_set\2wc3\2wc3_pocket.pdb,data/refined_set\2wc3\2wc3_ligand.mol2,mol2,True,,refined
2wc4,data/refined_set\2wc4\2wc4_protein.pdb,data/refined_set\2wc4\2wc4_pocket.pdb,data/refined_set\2wc4\2wc4_ligand.mol2,mol2,True,,refined
2wca,data/refined_set\2wca\2wca_protein.pdb,data/refined_set\2wca\2wca_pocket.pdb,data/refined_set\2wca\2wca_ligand.mol2,mol2,True,,refined
2we3,data/refined_set\2we3\2we3_protein.pdb,data/refined_set\2we3\2we3_pocket.pdb,data/refined_set\2we3\2we3_ligand.mol2,mol2,True,,refined
2web,data/refined_set\2web\2web_protein.pdb,data/refined_set\2web\2web_pocket.pdb,data/refined_set\2web\2web_ligand.mol2,mol2,True,,refined
2wec,data/refined_set\2wec\2wec_protein.pdb,data/refined_set\2wec\2wec_pocket.pdb,data/refined_set\2wec\2wec_ligand.mol2,mol2,True,,refined
2wed,data/refined_set\2wed\2wed_protein.pdb,data/refined_set\2wed\2wed_pocket.pdb,data/refined_set\2wed\2wed_ligand.mol2,mol2,True,,refined
2weg,data/refined_set\2weg\2weg_protein.pdb,data/refined_set\2weg\2weg_pocket.pdb,data/refined_set\2weg\2weg_ligand.mol2,mol2,True,,refined
2weh,data/refined_set\2weh\2weh_protein.pdb,data/refined_set\2weh\2weh_pocket.pdb,data/refined_set\2weh\2weh_ligand.mol2,mol2,True,,refined
2wej,data/refined_set\2wej\2wej_protein.pdb,data/refined_set\2wej\2wej_pocket.pdb,data/refined_set\2wej\2wej_ligand.mol2,mol2,True,,refined
2weo,data/refined_set\2weo\2weo_protein.pdb,data/refined_set\2weo\2weo_pocket.pdb,data/refined_set\2weo\2weo_ligand.mol2,mol2,True,,refined
2weq,data/refined_set\2weq\2weq_protein.pdb,data/refined_set\2weq\2weq_pocket.pdb,data/refined_set\2weq\2weq_ligand.mol2,mol2,True,,refined
2wer,data/refined_set\2wer\2wer_protein.pdb,data/refined_set\2wer\2wer_pocket.pdb,data/refined_set\2wer\2wer_ligand.mol2,mol2,True,,refined
2wf5,data/refined_set\2wf5\2wf5_protein.pdb,data/refined_set\2wf5\2wf5_pocket.pdb,data/refined_set\2wf5\2wf5_ligand.mol2,mol2,True,,refined
2wgj,data/refined_set\2wgj\2wgj_protein.pdb,data/refined_set\2wgj\2wgj_pocket.pdb,data/refined_set\2wgj\2wgj_ligand.mol2,mol2,True,,refined
2whp,data/refined_set\2whp\2whp_protein.pdb,data/refined_set\2whp\2whp_pocket.pdb,data/refined_set\2whp\2whp_ligand.mol2,mol2,True,,refined
2wjg,data/refined_set\2wjg\2wjg_protein.pdb,data/refined_set\2wjg\2wjg_pocket.pdb,data/refined_set\2wjg\2wjg_ligand.mol2,mol2,True,,refined
2wk6,data/refined_set\2wk6\2wk6_protein.pdb,data/refined_set\2wk6\2wk6_pocket.pdb,data/refined_set\2wk6\2wk6_ligand.mol2,mol2,True,,refined
2wky,data/refined_set\2wky\2wky_protein.pdb,data/refined_set\2wky\2wky_pocket.pdb,data/refined_set\2wky\2wky_ligand.mol2,mol2,True,,refined
2wkz,data/refined_set\2wkz\2wkz_protein.pdb,data/refined_set\2wkz\2wkz_pocket.pdb,data/refined_set\2wkz\2wkz_ligand.mol2,mol2,True,,refined
2wl0,data/refined_set\2wl0\2wl0_protein.pdb,data/refined_set\2wl0\2wl0_pocket.pdb,data/refined_set\2wl0\2wl0_ligand.mol2,mol2,True,,refined
2wly,data/refined_set\2wly\2wly_protein.pdb,data/refined_set\2wly\2wly_pocket.pdb,data/refined_set\2wly\2wly_ligand.mol2,mol2,True,,refined
2wlz,data/refined_set\2wlz\2wlz_protein.pdb,data/refined_set\2wlz\2wlz_pocket.pdb,data/refined_set\2wlz\2wlz_ligand.mol2,mol2,True,,refined
2wm0,data/refined_set\2wm0\2wm0_protein.pdb,data/refined_set\2wm0\2wm0_pocket.pdb,data/refined_set\2wm0\2wm0_ligand.mol2,mol2,True,,refined
2wn9,data/refined_set\2wn9\2wn9_protein.pdb,data/refined_set\2wn9\2wn9_pocket.pdb,data/refined_set\2wn9\2wn9_ligand.mol2,mol2,True,,refined
2wnc,data/refined_set\2wnc\2wnc_protein.pdb,data/refined_set\2wnc\2wnc_pocket.pdb,data/refined_set\2wnc\2wnc_ligand.mol2,mol2,True,,refined
2wnj,data/refined_set\2wnj\2wnj_protein.pdb,data/refined_set\2wnj\2wnj_pocket.pdb,data/refined_set\2wnj\2wnj_ligand.mol2,mol2,True,,refined
2wor,data/refined_set\2wor\2wor_protein.pdb,data/refined_set\2wor\2wor_pocket.pdb,data/refined_set\2wor\2wor_ligand.mol2,mol2,True,,refined
2wos,data/refined_set\2wos\2wos_protein.pdb,data/refined_set\2wos\2wos_pocket.pdb,data/refined_set\2wos\2wos_ligand.mol2,mol2,True,,refined
2wq5,data/refined_set\2wq5\2wq5_protein.pdb,data/refined_set\2wq5\2wq5_pocket.pdb,data/refined_set\2wq5\2wq5_ligand.mol2,mol2,True,,refined
2wr8,data/refined_set\2wr8\2wr8_protein.pdb,data/refined_set\2wr8\2wr8_pocket.pdb,data/refined_set\2wr8\2wr8_ligand.mol2,mol2,True,,refined
2wtv,data/refined_set\2wtv\2wtv_protein.pdb,data/refined_set\2wtv\2wtv_pocket.pdb,data/refined_set\2wtv\2wtv_ligand.mol2,mol2,True,,refined
2wuf,data/refined_set\2wuf\2wuf_protein.pdb,data/refined_set\2wuf\2wuf_pocket.pdb,data/refined_set\2wuf\2wuf_ligand.mol2,mol2,True,,refined
2wvt,data/refined_set\2wvt\2wvt_protein.pdb,data/refined_set\2wvt\2wvt_pocket.pdb,data/refined_set\2wvt\2wvt_ligand.mol2,mol2,True,,refined
2wvz,data/refined_set\2wvz\2wvz_protein.pdb,data/refined_set\2wvz\2wvz_pocket.pdb,data/refined_set\2wvz\2wvz_ligand.mol2,mol2,True,,refined
2wyf,data/refined_set\2wyf\2wyf_protein.pdb,data/refined_set\2wyf\2wyf_pocket.pdb,data/refined_set\2wyf\2wyf_ligand.mol2,mol2,True,,refined
2wyg,data/refined_set\2wyg\2wyg_protein.pdb,data/refined_set\2wyg\2wyg_pocket.pdb,data/refined_set\2wyg\2wyg_ligand.mol2,mol2,True,,refined
2wyj,data/refined_set\2wyj\2wyj_protein.pdb,data/refined_set\2wyj\2wyj_pocket.pdb,data/refined_set\2wyj\2wyj_ligand.mol2,mol2,True,,refined
2wzf,data/refined_set\2wzf\2wzf_protein.pdb,data/refined_set\2wzf\2wzf_pocket.pdb,data/refined_set\2wzf\2wzf_ligand.mol2,mol2,True,,refined
2wzm,data/refined_set\2wzm\2wzm_protein.pdb,data/refined_set\2wzm\2wzm_pocket.pdb,data/refined_set\2wzm\2wzm_ligand.mol2,mol2,True,,refined
2wzs,data/refined_set\2wzs\2wzs_protein.pdb,data/refined_set\2wzs\2wzs_pocket.pdb,data/refined_set\2wzs\2wzs_ligand.mol2,mol2,True,,refined
2x00,data/refined_set\2x00\2x00_protein.pdb,data/refined_set\2x00\2x00_pocket.pdb,data/refined_set\2x00\2x00_ligand.mol2,mol2,True,,refined
2x09,data/refined_set\2x09\2x09_protein.pdb,data/refined_set\2x09\2x09_pocket.pdb,data/refined_set\2x09\2x09_ligand.mol2,mol2,True,,refined
2x0y,data/refined_set\2x0y\2x0y_protein.pdb,data/refined_set\2x0y\2x0y_pocket.pdb,data/refined_set\2x0y\2x0y_ligand.mol2,mol2,True,,refined
2x2r,data/refined_set\2x2r\2x2r_protein.pdb,data/refined_set\2x2r\2x2r_pocket.pdb,data/refined_set\2x2r\2x2r_ligand.mol2,mol2,True,,refined
2x4z,data/refined_set\2x4z\2x4z_protein.pdb,data/refined_set\2x4z\2x4z_pocket.pdb,data/refined_set\2x4z\2x4z_ligand.mol2,mol2,True,,refined
2x6x,data/refined_set\2x6x\2x6x_protein.pdb,data/refined_set\2x6x\2x6x_pocket.pdb,data/refined_set\2x6x\2x6x_ligand.mol2,mol2,True,,refined
2x7t,data/refined_set\2x7t\2x7t_protein.pdb,data/refined_set\2x7t\2x7t_pocket.pdb,data/refined_set\2x7t\2x7t_ligand.mol2,mol2,True,,refined
2x7u,data/refined_set\2x7u\2x7u_protein.pdb,data/refined_set\2x7u\2x7u_pocket.pdb,data/refined_set\2x7u\2x7u_ligand.mol2,mol2,True,,refined
2x8z,data/refined_set\2x8z\2x8z_protein.pdb,data/refined_set\2x8z\2x8z_pocket.pdb,data/refined_set\2x8z\2x8z_ligand.mol2,mol2,True,,refined
2x91,data/refined_set\2x91\2x91_protein.pdb,data/refined_set\2x91\2x91_pocket.pdb,data/refined_set\2x91\2x91_ligand.mol2,mol2,True,,refined
2x95,data/refined_set\2x95\2x95_protein.pdb,data/refined_set\2x95\2x95_pocket.pdb,data/refined_set\2x95\2x95_ligand.mol2,mol2,True,,refined
2x96,data/refined_set\2x96\2x96_protein.pdb,data/refined_set\2x96\2x96_pocket.pdb,data/refined_set\2x96\2x96_ligand.mol2,mol2,True,,refined
2x97,data/refined_set\2x97\2x97_protein.pdb,data/refined_set\2x97\2x97_pocket.pdb,data/refined_set\2x97\2x97_ligand.mol2,mol2,True,,refined
2xab,data/refined_set\2xab\2xab_protein.pdb,data/refined_set\2xab\2xab_pocket.pdb,data/refined_set\2xab\2xab_ligand.mol2,mol2,True,,refined
2xb7,data/refined_set\2xb7\2xb7_protein.pdb,data/refined_set\2xb7\2xb7_pocket.pdb,data/refined_set\2xb7\2xb7_ligand.mol2,mol2,True,,refined
2xb8,data/refined_set\2xb8\2xb8_protein.pdb,data/refined_set\2xb8\2xb8_pocket.pdb,data/refined_set\2xb8\2xb8_ligand.mol2,mol2,True,,refined
2xbp,data/refined_set\2xbp\2xbp_protein.pdb,data/refined_set\2xbp\2xbp_pocket.pdb,data/refined_set\2xbp\2xbp_ligand.mol2,mol2,True,,refined
2xbv,data/refined_set\2xbv\2xbv_protein.pdb,data/refined_set\2xbv\2xbv_pocket.pdb,data/refined_set\2xbv\2xbv_ligand.mol2,mol2,True,,refined
2xbw,data/refined_set\2xbw\2xbw_protein.pdb,data/refined_set\2xbw\2xbw_pocket.pdb,data/refined_set\2xbw\2xbw_ligand.mol2,mol2,True,,refined
2xbx,data/refined_set\2xbx\2xbx_protein.pdb,data/refined_set\2xbx\2xbx_pocket.pdb,data/refined_set\2xbx\2xbx_ligand.mol2,mol2,True,,refined
2xc0,data/refined_set\2xc0\2xc0_protein.pdb,data/refined_set\2xc0\2xc0_pocket.pdb,data/refined_set\2xc0\2xc0_ligand.mol2,mol2,True,,refined
2xc4,data/refined_set\2xc4\2xc4_protein.pdb,data/refined_set\2xc4\2xc4_pocket.pdb,data/refined_set\2xc4\2xc4_ligand.mol2,mol2,True,,refined
2xd9,data/refined_set\2xd9\2xd9_protein.pdb,data/refined_set\2xd9\2xd9_pocket.pdb,data/refined_set\2xd9\2xd9_ligand.mol2,mol2,True,,refined
2xda,data/refined_set\2xda\2xda_protein.pdb,data/refined_set\2xda\2xda_pocket.pdb,data/refined_set\2xda\2xda_ligand.mol2,mol2,True,,refined
2xde,data/refined_set\2xde\2xde_protein.pdb,data/refined_set\2xde\2xde_pocket.pdb,data/refined_set\2xde\2xde_ligand.mol2,mol2,True,,refined
2xdk,data/refined_set\2xdk\2xdk_protein.pdb,data/refined_set\2xdk\2xdk_pocket.pdb,data/refined_set\2xdk\2xdk_ligand.mol2,mol2,True,,refined
2xdl,data/refined_set\2xdl\2xdl_protein.pdb,data/refined_set\2xdl\2xdl_pocket.pdb,data/refined_set\2xdl\2xdl_ligand.mol2,mol2,True,,refined
2xdx,data/refined_set\2xdx\2xdx_protein.pdb,data/refined_set\2xdx\2xdx_pocket.pdb,data/refined_set\2xdx\2xdx_ligand.mol2,mol2,True,,refined
2xef,data/refined_set\2xef\2xef_protein.pdb,data/refined_set\2xef\2xef_pocket.pdb,data/refined_set\2xef\2xef_ligand.mol2,mol2,True,,refined
2xeg,data/refined_set\2xeg\2xeg_protein.pdb,data/refined_set\2xeg\2xeg_pocket.pdb,data/refined_set\2xeg\2xeg_ligand.mol2,mol2,True,,refined
2xei,data/refined_set\2xei\2xei_protein.pdb,data/refined_set\2xei\2xei_pocket.pdb,data/refined_set\2xei\2xei_ligand.mol2,mol2,True,,refined
2xej,data/refined_set\2xej\2xej_protein.pdb,data/refined_set\2xej\2xej_pocket.pdb,data/refined_set\2xej\2xej_ligand.mol2,mol2,True,,refined
2xg9,data/refined_set\2xg9\2xg9_protein.pdb,data/refined_set\2xg9\2xg9_pocket.pdb,data/refined_set\2xg9\2xg9_ligand.mol2,mol2,True,,refined
2xhm,data/refined_set\2xhm\2xhm_protein.pdb,data/refined_set\2xhm\2xhm_pocket.pdb,data/refined_set\2xhm\2xhm_ligand.mol2,mol2,True,,refined
2xht,data/refined_set\2xht\2xht_protein.pdb,data/refined_set\2xht\2xht_pocket.pdb,data/refined_set\2xht\2xht_ligand.mol2,mol2,True,,refined
2xib,data/refined_set\2xib\2xib_protein.pdb,data/refined_set\2xib\2xib_pocket.pdb,data/refined_set\2xib\2xib_ligand.mol2,mol2,True,,refined
2xii,data/refined_set\2xii\2xii_protein.pdb,data/refined_set\2xii\2xii_pocket.pdb,data/refined_set\2xii\2xii_ligand.mol2,mol2,True,,refined
2xj1,data/refined_set\2xj1\2xj1_protein.pdb,data/refined_set\2xj1\2xj1_pocket.pdb,data/refined_set\2xj1\2xj1_ligand.mol2,mol2,True,,refined
2xj2,data/refined_set\2xj2\2xj2_protein.pdb,data/refined_set\2xj2\2xj2_pocket.pdb,data/refined_set\2xj2\2xj2_ligand.mol2,mol2,True,,refined
2xj7,data/refined_set\2xj7\2xj7_protein.pdb,data/refined_set\2xj7\2xj7_pocket.pdb,data/refined_set\2xj7\2xj7_ligand.mol2,mol2,True,,refined
2xjg,data/refined_set\2xjg\2xjg_protein.pdb,data/refined_set\2xjg\2xjg_pocket.pdb,data/refined_set\2xjg\2xjg_ligand.mol2,mol2,True,,refined
2xjj,data/refined_set\2xjj\2xjj_protein.pdb,data/refined_set\2xjj\2xjj_pocket.pdb,data/refined_set\2xjj\2xjj_ligand.mol2,mol2,True,,refined
2xjx,data/refined_set\2xjx\2xjx_protein.pdb,data/refined_set\2xjx\2xjx_pocket.pdb,data/refined_set\2xjx\2xjx_ligand.mol2,mol2,True,,refined
2xm1,data/refined_set\2xm1\2xm1_protein.pdb,data/refined_set\2xm1\2xm1_pocket.pdb,data/refined_set\2xm1\2xm1_ligand.mol2,mol2,True,,refined
2xm2,data/refined_set\2xm2\2xm2_protein.pdb,data/refined_set\2xm2\2xm2_pocket.pdb,data/refined_set\2xm2\2xm2_ligand.mol2,mol2,True,,refined
2xmy,data/refined_set\2xmy\2xmy_protein.pdb,data/refined_set\2xmy\2xmy_pocket.pdb,data/refined_set\2xmy\2xmy_ligand.mol2,mol2,True,,refined
2xn3,data/refined_set\2xn3\2xn3_protein.pdb,data/refined_set\2xn3\2xn3_pocket.pdb,data/refined_set\2xn3\2xn3_ligand.mol2,mol2,True,,refined
2xn5,data/refined_set\2xn5\2xn5_protein.pdb,data/refined_set\2xn5\2xn5_pocket.pdb,data/refined_set\2xn5\2xn5_ligand.mol2,mol2,True,,refined
2xnb,data/refined_set\2xnb\2xnb_protein.pdb,data/refined_set\2xnb\2xnb_pocket.pdb,data/refined_set\2xnb\2xnb_ligand.mol2,mol2,True,,refined
2xog,data/refined_set\2xog\2xog_protein.pdb,data/refined_set\2xog\2xog_pocket.pdb,data/refined_set\2xog\2xog_ligand.mol2,mol2,True,,refined
2xp7,data/refined_set\2xp7\2xp7_protein.pdb,data/refined_set\2xp7\2xp7_pocket.pdb,data/refined_set\2xp7\2xp7_ligand.mol2,mol2,True,,refined
2xpk,data/refined_set\2xpk\2xpk_protein.pdb,data/refined_set\2xpk\2xpk_pocket.pdb,data/refined_set\2xpk\2xpk_ligand.mol2,mol2,True,,refined
2xxr,data/refined_set\2xxr\2xxr_protein.pdb,data/refined_set\2xxr\2xxr_pocket.pdb,data/refined_set\2xxr\2xxr_ligand.mol2,mol2,True,,refined
2xxt,data/refined_set\2xxt\2xxt_protein.pdb,data/refined_set\2xxt\2xxt_pocket.pdb,data/refined_set\2xxt\2xxt_ligand.mol2,mol2,True,,refined
2xxx,data/refined_set\2xxx\2xxx_protein.pdb,data/refined_set\2xxx\2xxx_pocket.pdb,data/refined_set\2xxx\2xxx_ligand.mol2,mol2,True,,refined
2xyd,data/refined_set\2xyd\2xyd_protein.pdb,data/refined_set\2xyd\2xyd_pocket.pdb,data/refined_set\2xyd\2xyd_ligand.mol2,mol2,True,,refined
2xye,data/refined_set\2xye\2xye_protein.pdb,data/refined_set\2xye\2xye_pocket.pdb,data/refined_set\2xye\2xye_ligand.mol2,mol2,True,,refined
2xyf,data/refined_set\2xyf\2xyf_protein.pdb,data/refined_set\2xyf\2xyf_pocket.pdb,data/refined_set\2xyf\2xyf_ligand.mol2,mol2,True,,refined
2xys,data/refined_set\2xys\2xys_protein.pdb,data/refined_set\2xys\2xys_pocket.pdb,data/refined_set\2xys\2xys_ligand.mol2,mol2,True,,refined
2xyt,data/refined_set\2xyt\2xyt_protein.pdb,data/refined_set\2xyt\2xyt_pocket.pdb,data/refined_set\2xyt\2xyt_ligand.mol2,mol2,True,,refined
2y5f,data/refined_set\2y5f\2y5f_protein.pdb,data/refined_set\2y5f\2y5f_pocket.pdb,data/refined_set\2y5f\2y5f_ligand.mol2,mol2,True,,refined
2y5g,data/refined_set\2y5g\2y5g_protein.pdb,data/refined_set\2y5g\2y5g_pocket.pdb,data/refined_set\2y5g\2y5g_ligand.mol2,mol2,True,,refined
2y5h,data/refined_set\2y5h\2y5h_protein.pdb,data/refined_set\2y5h\2y5h_pocket.pdb,data/refined_set\2y5h\2y5h_ligand.mol2,mol2,True,,refined
2y7i,data/refined_set\2y7i\2y7i_protein.pdb,data/refined_set\2y7i\2y7i_pocket.pdb,data/refined_set\2y7i\2y7i_ligand.mol2,mol2,True,,refined
2y7x,data/refined_set\2y7x\2y7x_protein.pdb,data/refined_set\2y7x\2y7x_pocket.pdb,data/refined_set\2y7x\2y7x_ligand.mol2,mol2,True,,refined
2y7z,data/refined_set\2y7z\2y7z_protein.pdb,data/refined_set\2y7z\2y7z_pocket.pdb,data/refined_set\2y7z\2y7z_ligand.mol2,mol2,True,,refined
2y80,data/refined_set\2y80\2y80_protein.pdb,data/refined_set\2y80\2y80_pocket.pdb,data/refined_set\2y80\2y80_ligand.mol2,mol2,True,,refined
2y81,data/refined_set\2y81\2y81_protein.pdb,data/refined_set\2y81\2y81_pocket.pdb,data/refined_set\2y81\2y81_ligand.mol2,mol2,True,,refined
2y82,data/refined_set\2y82\2y82_protein.pdb,data/refined_set\2y82\2y82_pocket.pdb,data/refined_set\2y82\2y82_ligand.mol2,mol2,True,,refined
2y8c,data/refined_set\2y8c\2y8c_protein.pdb,data/refined_set\2y8c\2y8c_pocket.pdb,data/refined_set\2y8c\2y8c_ligand.mol2,mol2,True,,refined
2ya6,data/refined_set\2ya6\2ya6_protein.pdb,data/refined_set\2ya6\2ya6_pocket.pdb,data/refined_set\2ya6\2ya6_ligand.mol2,mol2,True,,refined
2ya7,data/refined_set\2ya7\2ya7_protein.pdb,data/refined_set\2ya7\2ya7_pocket.pdb,data/refined_set\2ya7\2ya7_ligand.mol2,mol2,True,,refined
2ya8,data/refined_set\2ya8\2ya8_protein.pdb,data/refined_set\2ya8\2ya8_pocket.pdb,data/refined_set\2ya8\2ya8_ligand.mol2,mol2,True,,refined
2yay,data/refined_set\2yay\2yay_protein.pdb,data/refined_set\2yay\2yay_pocket.pdb,data/refined_set\2yay\2yay_ligand.mol2,mol2,True,,refined
2yaz,data/refined_set\2yaz\2yaz_protein.pdb,data/refined_set\2yaz\2yaz_pocket.pdb,data/refined_set\2yaz\2yaz_ligand.mol2,mol2,True,,refined
2yb0,data/refined_set\2yb0\2yb0_protein.pdb,data/refined_set\2yb0\2yb0_pocket.pdb,data/refined_set\2yb0\2yb0_ligand.mol2,mol2,True,,refined
2ydt,data/refined_set\2ydt\2ydt_protein.pdb,data/refined_set\2ydt\2ydt_pocket.pdb,data/refined_set\2ydt\2ydt_ligand.mol2,mol2,True,,refined
2ydw,data/refined_set\2ydw\2ydw_protein.pdb,data/refined_set\2ydw\2ydw_pocket.pdb,data/refined_set\2ydw\2ydw_ligand.mol2,mol2,True,,refined
2yek,data/refined_set\2yek\2yek_protein.pdb,data/refined_set\2yek\2yek_pocket.pdb,data/refined_set\2yek\2yek_ligand.mol2,mol2,True,,refined
2yel,data/refined_set\2yel\2yel_protein.pdb,data/refined_set\2yel\2yel_pocket.pdb,data/refined_set\2yel\2yel_ligand.mol2,mol2,True,,refined
2yfa,data/refined_set\2yfa\2yfa_protein.pdb,data/refined_set\2yfa\2yfa_pocket.pdb,data/refined_set\2yfa\2yfa_ligand.mol2,mol2,True,,refined
2yfe,data/refined_set\2yfe\2yfe_protein.pdb,data/refined_set\2yfe\2yfe_pocket.pdb,data/refined_set\2yfe\2yfe_ligand.mol2,mol2,True,,refined
2yfx,data/refined_set\2yfx\2yfx_protein.pdb,data/refined_set\2yfx\2yfx_pocket.pdb,data/refined_set\2yfx\2yfx_ligand.mol2,mol2,True,,refined
2yge,data/refined_set\2yge\2yge_protein.pdb,data/refined_set\2yge\2yge_pocket.pdb,data/refined_set\2yge\2yge_ligand.mol2,mol2,True,,refined
2ygf,data/refined_set\2ygf\2ygf_protein.pdb,data/refined_set\2ygf\2ygf_pocket.pdb,data/refined_set\2ygf\2ygf_ligand.mol2,mol2,True,,refined
2yhw,data/refined_set\2yhw\2yhw_protein.pdb,data/refined_set\2yhw\2yhw_pocket.pdb,data/refined_set\2yhw\2yhw_ligand.mol2,mol2,True,,refined
2yi0,data/refined_set\2yi0\2yi0_protein.pdb,data/refined_set\2yi0\2yi0_pocket.pdb,data/refined_set\2yi0\2yi0_ligand.mol2,mol2,True,,refined
2yi7,data/refined_set\2yi7\2yi7_protein.pdb,data/refined_set\2yi7\2yi7_pocket.pdb,data/refined_set\2yi7\2yi7_ligand.mol2,mol2,True,,refined
2yix,data/refined_set\2yix\2yix_protein.pdb,data/refined_set\2yix\2yix_pocket.pdb,data/refined_set\2yix\2yix_ligand.mol2,mol2,True,,refined
2yk1,data/refined_set\2yk1\2yk1_protein.pdb,data/refined_set\2yk1\2yk1_pocket.pdb,data/refined_set\2yk1\2yk1_ligand.mol2,mol2,True,,refined
2yki,data/refined_set\2yki\2yki_protein.pdb,data/refined_set\2yki\2yki_pocket.pdb,data/refined_set\2yki\2yki_ligand.mol2,mol2,True,,refined
2ylc,data/refined_set\2ylc\2ylc_protein.pdb,data/refined_set\2ylc\2ylc_pocket.pdb,data/refined_set\2ylc\2ylc_ligand.mol2,mol2,True,,refined
2ymd,data/refined_set\2ymd\2ymd_protein.pdb,data/refined_set\2ymd\2ymd_pocket.pdb,data/refined_set\2ymd\2ymd_ligand.mol2,mol2,True,,refined
2yme,data/refined_set\2yme\2yme_protein.pdb,data/refined_set\2yme\2yme_pocket.pdb,data/refined_set\2yme\2yme_ligand.mol2,mol2,True,,refined
2ypi,data/refined_set\2ypi\2ypi_protein.pdb,data/refined_set\2ypi\2ypi_pocket.pdb,data/refined_set\2ypi\2ypi_ligand.mol2,mol2,True,,refined
2ypo,data/refined_set\2ypo\2ypo_protein.pdb,data/refined_set\2ypo\2ypo_pocket.pdb,data/refined_set\2ypo\2ypo_ligand.mol2,mol2,True,,refined
2yxj,data/refined_set\2yxj\2yxj_protein.pdb,data/refined_set\2yxj\2yxj_pocket.pdb,data/refined_set\2yxj\2yxj_ligand.mol2,mol2,True,,refined
2yz3,data/refined_set\2yz3\2yz3_protein.pdb,data/refined_set\2yz3\2yz3_pocket.pdb,data/refined_set\2yz3\2yz3_ligand.mol2,mol2,True,,refined
2z1w,data/refined_set\2z1w\2z1w_protein.pdb,data/refined_set\2z1w\2z1w_pocket.pdb,data/refined_set\2z1w\2z1w_ligand.mol2,mol2,True,,refined
2z4o,data/refined_set\2z4o\2z4o_protein.pdb,data/refined_set\2z4o\2z4o_pocket.pdb,data/refined_set\2z4o\2z4o_ligand.mol2,mol2,True,,refined
2z94,data/refined_set\2z94\2z94_protein.pdb,data/refined_set\2z94\2z94_pocket.pdb,data/refined_set\2z94\2z94_ligand.mol2,mol2,True,,refined
2za0,data/refined_set\2za0\2za0_protein.pdb,data/refined_set\2za0\2za0_pocket.pdb,data/refined_set\2za0\2za0_ligand.mol2,mol2,True,,refined
2za5,data/refined_set\2za5\2za5_protein.pdb,data/refined_set\2za5\2za5_pocket.pdb,data/refined_set\2za5\2za5_ligand.mol2,mol2,True,,refined
2zb1,data/refined_set\2zb1\2zb1_protein.pdb,data/refined_set\2zb1\2zb1_pocket.pdb,data/refined_set\2zb1\2zb1_ligand.mol2,mol2,True,,refined
2zc9,data/refined_set\2zc9\2zc9_protein.pdb,data/refined_set\2zc9\2zc9_pocket.pdb,data/refined_set\2zc9\2zc9_ligand.mol2,mol2,True,,refined
2zcq,data/refined_set\2zcq\2zcq_protein.pdb,data/refined_set\2zcq\2zcq_pocket.pdb,data/refined_set\2zcq\2zcq_ligand.mol2,mol2,True,,refined
2zcr,data/refined_set\2zcr\2zcr_protein.pdb,data/refined_set\2zcr\2zcr_pocket.pdb,data/refined_set\2zcr\2zcr_ligand.mol2,mol2,True,,refined
2zcs,data/refined_set\2zcs\2zcs_protein.pdb,data/refined_set\2zcs\2zcs_pocket.pdb,data/refined_set\2zcs\2zcs_ligand.mol2,mol2,True,,refined
2zda,data/refined_set\2zda\2zda_protein.pdb,data/refined_set\2zda\2zda_pocket.pdb,data/refined_set\2zda\2zda_ligand.mol2,mol2,True,,refined
2zdk,data/refined_set\2zdk\2zdk_protein.pdb,data/refined_set\2zdk\2zdk_pocket.pdb,data/refined_set\2zdk\2zdk_ligand.mol2,mol2,True,,refined
2zdl,data/refined_set\2zdl\2zdl_protein.pdb,data/refined_set\2zdl\2zdl_pocket.pdb,data/refined_set\2zdl\2zdl_ligand.mol2,mol2,True,,refined
2zdm,data/refined_set\2zdm\2zdm_protein.pdb,data/refined_set\2zdm\2zdm_pocket.pdb,data/refined_set\2zdm\2zdm_ligand.mol2,mol2,True,,refined
2zdn,data/refined_set\2zdn\2zdn_protein.pdb,data/refined_set\2zdn\2zdn_pocket.pdb,data/refined_set\2zdn\2zdn_ligand.mol2,mol2,True,,refined
2zfp,data/refined_set\2zfp\2zfp_protein.pdb,data/refined_set\2zfp\2zfp_pocket.pdb,data/refined_set\2zfp\2zfp_ligand.mol2,mol2,True,,refined
2zfs,data/refined_set\2zfs\2zfs_protein.pdb,data/refined_set\2zfs\2zfs_pocket.pdb,data/refined_set\2zfs\2zfs_ligand.mol2,mol2,True,,refined
2zft,data/refined_set\2zft\2zft_protein.pdb,data/refined_set\2zft\2zft_pocket.pdb,data/refined_set\2zft\2zft_ligand.mol2,mol2,True,,refined
2zgx,data/refined_set\2zgx\2zgx_protein.pdb,data/refined_set\2zgx\2zgx_pocket.pdb,data/refined_set\2zgx\2zgx_ligand.mol2,mol2,True,,refined
2zjw,data/refined_set\2zjw\2zjw_protein.pdb,data/refined_set\2zjw\2zjw_pocket.pdb,data/refined_set\2zjw\2zjw_ligand.mol2,mol2,True,,refined
2zkj,data/refined_set\2zkj\2zkj_protein.pdb,data/refined_set\2zkj\2zkj_pocket.pdb,data/refined_set\2zkj\2zkj_ligand.mol2,mol2,True,,refined
2zmm,data/refined_set\2zmm\2zmm_protein.pdb,data/refined_set\2zmm\2zmm_pocket.pdb,data/refined_set\2zmm\2zmm_ligand.mol2,mol2,True,,refined
2zn7,data/refined_set\2zn7\2zn7_protein.pdb,data/refined_set\2zn7\2zn7_pocket.pdb,data/refined_set\2zn7\2zn7_ligand.mol2,mol2,True,,refined
2zq0,data/refined_set\2zq0\2zq0_protein.pdb,data/refined_set\2zq0\2zq0_pocket.pdb,data/refined_set\2zq0\2zq0_ligand.mol2,mol2,True,,refined
2zq2,data/refined_set\2zq2\2zq2_protein.pdb,data/refined_set\2zq2\2zq2_pocket.pdb,data/refined_set\2zq2\2zq2_ligand.mol2,mol2,True,,refined
2zwz,data/refined_set\2zwz\2zwz_protein.pdb,data/refined_set\2zwz\2zwz_pocket.pdb,data/refined_set\2zwz\2zwz_ligand.mol2,mol2,True,,refined
2zx6,data/refined_set\2zx6\2zx6_protein.pdb,data/refined_set\2zx6\2zx6_pocket.pdb,data/refined_set\2zx6\2zx6_ligand.mol2,mol2,True,,refined
2zx7,data/refined_set\2zx7\2zx7_protein.pdb,data/refined_set\2zx7\2zx7_pocket.pdb,data/refined_set\2zx7\2zx7_ligand.mol2,mol2,True,,refined
2zx8,data/refined_set\2zx8\2zx8_protein.pdb,data/refined_set\2zx8\2zx8_pocket.pdb,data/refined_set\2zx8\2zx8_ligand.mol2,mol2,True,,refined
2zxd,data/refined_set\2zxd\2zxd_protein.pdb,data/refined_set\2zxd\2zxd_pocket.pdb,data/refined_set\2zxd\2zxd_ligand.mol2,mol2,True,,refined
2zxg,data/refined_set\2zxg\2zxg_protein.pdb,data/refined_set\2zxg\2zxg_pocket.pdb,data/refined_set\2zxg\2zxg_ligand.mol2,mol2,True,,refined
2zy1,data/refined_set\2zy1\2zy1_protein.pdb,data/refined_set\2zy1\2zy1_pocket.pdb,data/refined_set\2zy1\2zy1_ligand.mol2,mol2,True,,refined
2zym,data/refined_set\2zym\2zym_protein.pdb,data/refined_set\2zym\2zym_pocket.pdb,data/refined_set\2zym\2zym_ligand.mol2,mol2,True,,refined
2zz1,data/refined_set\2zz1\2zz1_protein.pdb,data/refined_set\2zz1\2zz1_pocket.pdb,data/refined_set\2zz1\2zz1_ligand.mol2,mol2,True,,refined
2zz2,data/refined_set\2zz2\2zz2_protein.pdb,data/refined_set\2zz2\2zz2_pocket.pdb,data/refined_set\2zz2\2zz2_ligand.mol2,mol2,True,,refined
3a1c,data/refined_set\3a1c\3a1c_protein.pdb,data/refined_set\3a1c\3a1c_pocket.pdb,data/refined_set\3a1c\3a1c_ligand.mol2,mol2,True,,refined
3a1d,data/refined_set\3a1d\3a1d_protein.pdb,data/refined_set\3a1d\3a1d_pocket.pdb,data/refined_set\3a1d\3a1d_ligand.mol2,mol2,True,,refined
3a1e,data/refined_set\3a1e\3a1e_protein.pdb,data/refined_set\3a1e\3a1e_pocket.pdb,data/refined_set\3a1e\3a1e_ligand.mol2,mol2,True,,refined
3a2o,data/refined_set\3a2o\3a2o_protein.pdb,data/refined_set\3a2o\3a2o_pocket.pdb,data/refined_set\3a2o\3a2o_ligand.mol2,mol2,True,,refined
3a5y,data/refined_set\3a5y\3a5y_protein.pdb,data/refined_set\3a5y\3a5y_pocket.pdb,data/refined_set\3a5y\3a5y_ligand.mol2,mol2,True,,refined
3a6t,data/refined_set\3a6t\3a6t_protein.pdb,data/refined_set\3a6t\3a6t_pocket.pdb,data/refined_set\3a6t\3a6t_ligand.mol2,mol2,True,,refined
3a9i,data/refined_set\3a9i\3a9i_protein.pdb,data/refined_set\3a9i\3a9i_pocket.pdb,data/refined_set\3a9i\3a9i_ligand.mol2,mol2,True,,refined
3aaq,data/refined_set\3aaq\3aaq_protein.pdb,data/refined_set\3aaq\3aaq_pocket.pdb,data/refined_set\3aaq\3aaq_ligand.mol2,mol2,True,,refined
3aas,data/refined_set\3aas\3aas_protein.pdb,data/refined_set\3aas\3aas_pocket.pdb,data/refined_set\3aas\3aas_ligand.mol2,mol2,True,,refined
3aau,data/refined_set\3aau\3aau_protein.pdb,data/refined_set\3aau\3aau_pocket.pdb,data/refined_set\3aau\3aau_ligand.mol2,mol2,True,,refined
3acl,data/refined_set\3acl\3acl_protein.pdb,data/refined_set\3acl\3acl_pocket.pdb,data/refined_set\3acl\3acl_ligand.mol2,mol2,True,,refined
3acw,data/refined_set\3acw\3acw_protein.pdb,data/refined_set\3acw\3acw_pocket.pdb,data/refined_set\3acw\3acw_ligand.mol2,mol2,True,,refined
3acx,data/refined_set\3acx\3acx_protein.pdb,data/refined_set\3acx\3acx_pocket.pdb,data/refined_set\3acx\3acx_ligand.mol2,mol2,True,,refined
3ag9,data/refined_set\3ag9\3ag9_protein.pdb,data/refined_set\3ag9\3ag9_pocket.pdb,data/refined_set\3ag9\3ag9_ligand.mol2,mol2,True,,refined
3agl,data/refined_set\3agl\3agl_protein.pdb,data/refined_set\3agl\3agl_pocket.pdb,data/refined_set\3agl\3agl_ligand.mol2,mol2,True,,refined
3ahn,data/refined_set\3ahn\3ahn_protein.pdb,data/refined_set\3ahn\3ahn_pocket.pdb,data/refined_set\3ahn\3ahn_ligand.mol2,mol2,True,,refined
3aho,data/refined_set\3aho\3aho_protein.pdb,data/refined_set\3aho\3aho_pocket.pdb,data/refined_set\3aho\3aho_ligand.mol2,mol2,True,,refined
3ai8,data/refined_set\3ai8\3ai8_protein.pdb,data/refined_set\3ai8\3ai8_pocket.pdb,data/refined_set\3ai8\3ai8_ligand.mol2,mol2,True,,refined
3aid,data/refined_set\3aid\3aid_protein.pdb,data/refined_set\3aid\3aid_pocket.pdb,data/refined_set\3aid\3aid_ligand.mol2,mol2,True,,refined
3alt,data/refined_set\3alt\3alt_protein.pdb,data/refined_set\3alt\3alt_pocket.pdb,data/refined_set\3alt\3alt_ligand.mol2,mol2,True,,refined
3ao2,data/refined_set\3ao2\3ao2_protein.pdb,data/refined_set\3ao2\3ao2_pocket.pdb,data/refined_set\3ao2\3ao2_ligand.mol2,mol2,True,,refined
3ao4,data/refined_set\3ao4\3ao4_protein.pdb,data/refined_set\3ao4\3ao4_pocket.pdb,data/refined_set\3ao4\3ao4_ligand.mol2,mol2,True,,refined
3ao5,data/refined_set\3ao5\3ao5_protein.pdb,data/refined_set\3ao5\3ao5_pocket.pdb,data/refined_set\3ao5\3ao5_ligand.mol2,mol2,True,,refined
3ap4,data/refined_set\3ap4\3ap4_protein.pdb,data/refined_set\3ap4\3ap4_pocket.pdb,data/refined_set\3ap4\3ap4_ligand.mol2,mol2,True,,refined
3aqt,data/refined_set\3aqt\3aqt_protein.pdb,data/refined_set\3aqt\3aqt_pocket.pdb,data/refined_set\3aqt\3aqt_ligand.mol2,mol2,True,,refined
3arp,data/refined_set\3arp\3arp_protein.pdb,data/refined_set\3arp\3arp_pocket.pdb,data/refined_set\3arp\3arp_ligand.mol2,mol2,True,,refined
3arq,data/refined_set\3arq\3arq_protein.pdb,data/refined_set\3arq\3arq_pocket.pdb,data/refined_set\3arq\3arq_ligand.mol2,mol2,True,,refined
3arw,data/refined_set\3arw\3arw_protein.pdb,data/refined_set\3arw\3arw_pocket.pdb,data/refined_set\3arw\3arw_ligand.mol2,mol2,True,,refined
3arx,data/refined_set\3arx\3arx_protein.pdb,data/refined_set\3arx\3arx_pocket.pdb,data/refined_set\3arx\3arx_ligand.mol2,mol2,True,,refined
3axz,data/refined_set\3axz\3axz_protein.pdb,data/refined_set\3axz\3axz_pocket.pdb,data/refined_set\3axz\3axz_ligand.mol2,mol2,True,,refined
3b1m,data/refined_set\3b1m\3b1m_protein.pdb,data/refined_set\3b1m\3b1m_pocket.pdb,data/refined_set\3b1m\3b1m_ligand.mol2,mol2,True,,refined
3b24,data/refined_set\3b24\3b24_protein.pdb,data/refined_set\3b24\3b24_pocket.pdb,data/refined_set\3b24\3b24_ligand.mol2,mol2,True,,refined
3b25,data/refined_set\3b25\3b25_protein.pdb,data/refined_set\3b25\3b25_pocket.pdb,data/refined_set\3b25\3b25_ligand.mol2,mol2,True,,refined
3b26,data/refined_set\3b26\3b26_protein.pdb,data/refined_set\3b26\3b26_pocket.pdb,data/refined_set\3b26\3b26_ligand.mol2,mol2,True,,refined
3b27,data/refined_set\3b27\3b27_protein.pdb,data/refined_set\3b27\3b27_pocket.pdb,data/refined_set\3b27\3b27_ligand.mol2,mol2,True,,refined
3b2q,data/refined_set\3b2q\3b2q_protein.pdb,data/refined_set\3b2q\3b2q_pocket.pdb,data/refined_set\3b2q\3b2q_ligand.mol2,mol2,True,,refined
3b3c,data/refined_set\3b3c\3b3c_protein.pdb,data/refined_set\3b3c\3b3c_pocket.pdb,data/refined_set\3b3c\3b3c_ligand.mol2,mol2,True,,refined
3b3s,data/refined_set\3b3s\3b3s_protein.pdb,data/refined_set\3b3s\3b3s_pocket.pdb,data/refined_set\3b3s\3b3s_ligand.mol2,mol2,True,,refined
3b3w,data/refined_set\3b3w\3b3w_protein.pdb,data/refined_set\3b3w\3b3w_pocket.pdb,data/refined_set\3b3w\3b3w_ligand.mol2,mol2,True,,refined
3b3x,data/refined_set\3b3x\3b3x_protein.pdb,data/refined_set\3b3x\3b3x_pocket.pdb,data/refined_set\3b3x\3b3x_ligand.mol2,mol2,True,,refined
3b4f,data/refined_set\3b4f\3b4f_protein.pdb,data/refined_set\3b4f\3b4f_pocket.pdb,data/refined_set\3b4f\3b4f_ligand.mol2,mol2,True,,refined
3b4p,data/refined_set\3b4p\3b4p_protein.pdb,data/refined_set\3b4p\3b4p_pocket.pdb,data/refined_set\3b4p\3b4p_ligand.mol2,mol2,True,,refined
3b50,data/refined_set\3b50\3b50_protein.pdb,data/refined_set\3b50\3b50_pocket.pdb,data/refined_set\3b50\3b50_ligand.mol2,mol2,True,,refined
3b5r,data/refined_set\3b5r\3b5r_protein.pdb,data/refined_set\3b5r\3b5r_pocket.pdb,data/refined_set\3b5r\3b5r_ligand.mol2,mol2,True,,refined
3b65,data/refined_set\3b65\3b65_protein.pdb,data/refined_set\3b65\3b65_pocket.pdb,data/refined_set\3b65\3b65_ligand.mol2,mol2,True,,refined
3b66,data/refined_set\3b66\3b66_protein.pdb,data/refined_set\3b66\3b66_pocket.pdb,data/refined_set\3b66\3b66_ligand.mol2,mol2,True,,refined
3b67,data/refined_set\3b67\3b67_protein.pdb,data/refined_set\3b67\3b67_pocket.pdb,data/refined_set\3b67\3b67_ligand.mol2,mol2,True,,refined
3b68,data/refined_set\3b68\3b68_protein.pdb,data/refined_set\3b68\3b68_pocket.pdb,data/refined_set\3b68\3b68_ligand.mol2,mol2,True,,refined
3b7i,data/refined_set\3b7i\3b7i_protein.pdb,data/refined_set\3b7i\3b7i_pocket.pdb,data/refined_set\3b7i\3b7i_ligand.mol2,mol2,True,,refined
3b7j,data/refined_set\3b7j\3b7j_protein.pdb,data/refined_set\3b7j\3b7j_pocket.pdb,data/refined_set\3b7j\3b7j_ligand.mol2,mol2,True,,refined
3b7r,data/refined_set\3b7r\3b7r_protein.pdb,data/refined_set\3b7r\3b7r_pocket.pdb,data/refined_set\3b7r\3b7r_ligand.mol2,mol2,True,,refined
3b7u,data/refined_set\3b7u\3b7u_protein.pdb,data/refined_set\3b7u\3b7u_pocket.pdb,data/refined_set\3b7u\3b7u_ligand.mol2,mol2,True,,refined
3b92,data/refined_set\3b92\3b92_protein.pdb,data/refined_set\3b92\3b92_pocket.pdb,data/refined_set\3b92\3b92_ligand.mol2,mol2,True,,refined
3bbb,data/refined_set\3bbb\3bbb_protein.pdb,data/refined_set\3bbb\3bbb_pocket.pdb,data/refined_set\3bbb\3bbb_ligand.mol2,mol2,True,,refined
3bbf,data/refined_set\3bbf\3bbf_protein.pdb,data/refined_set\3bbf\3bbf_pocket.pdb,data/refined_set\3bbf\3bbf_ligand.mol2,mol2,True,,refined
3be9,data/refined_set\3be9\3be9_protein.pdb,data/refined_set\3be9\3be9_pocket.pdb,data/refined_set\3be9\3be9_ligand.mol2,mol2,True,,refined
3bex,data/refined_set\3bex\3bex_protein.pdb,data/refined_set\3bex\3bex_pocket.pdb,data/refined_set\3bex\3bex_ligand.mol2,mol2,True,,refined
3bft,data/refined_set\3bft\3bft_protein.pdb,data/refined_set\3bft\3bft_pocket.pdb,data/refined_set\3bft\3bft_ligand.mol2,mol2,True,,refined
3bfu,data/refined_set\3bfu\3bfu_protein.pdb,data/refined_set\3bfu\3bfu_pocket.pdb,data/refined_set\3bfu\3bfu_ligand.mol2,mol2,True,,refined
3bgb,data/refined_set\3bgb\3bgb_protein.pdb,data/refined_set\3bgb\3bgb_pocket.pdb,data/refined_set\3bgb\3bgb_ligand.mol2,mol2,True,,refined
3bgc,data/refined_set\3bgc\3bgc_protein.pdb,data/refined_set\3bgc\3bgc_pocket.pdb,data/refined_set\3bgc\3bgc_ligand.mol2,mol2,True,,refined
3bgq,data/refined_set\3bgq\3bgq_protein.pdb,data/refined_set\3bgq\3bgq_pocket.pdb,data/refined_set\3bgq\3bgq_ligand.mol2,mol2,True,,refined
3bgs,data/refined_set\3bgs\3bgs_protein.pdb,data/refined_set\3bgs\3bgs_pocket.pdb,data/refined_set\3bgs\3bgs_ligand.mol2,mol2,True,,refined
3bgz,data/refined_set\3bgz\3bgz_protein.pdb,data/refined_set\3bgz\3bgz_pocket.pdb,data/refined_set\3bgz\3bgz_ligand.mol2,mol2,True,,refined
3bkk,data/refined_set\3bkk\3bkk_protein.pdb,data/refined_set\3bkk\3bkk_pocket.pdb,data/refined_set\3bkk\3bkk_ligand.mol2,mol2,True,,refined
3bkl,data/refined_set\3bkl\3bkl_protein.pdb,data/refined_set\3bkl\3bkl_pocket.pdb,data/refined_set\3bkl\3bkl_ligand.mol2,mol2,True,,refined
3bl0,data/refined_set\3bl0\3bl0_protein.pdb,data/refined_set\3bl0\3bl0_pocket.pdb,data/refined_set\3bl0\3bl0_ligand.mol2,mol2,True,,refined
3bl1,data/refined_set\3bl1\3bl1_protein.pdb,data/refined_set\3bl1\3bl1_pocket.pdb,data/refined_set\3bl1\3bl1_ligand.mol2,mol2,True,,refined
3bpc,data/refined_set\3bpc\3bpc_protein.pdb,data/refined_set\3bpc\3bpc_pocket.pdb,data/refined_set\3bpc\3bpc_ligand.mol2,mol2,True,,refined
3bqc,data/refined_set\3bqc\3bqc_protein.pdb,data/refined_set\3bqc\3bqc_pocket.pdb,data/refined_set\3bqc\3bqc_ligand.mol2,mol2,True,,refined
3bra,data/refined_set\3bra\3bra_protein.pdb,data/refined_set\3bra\3bra_pocket.pdb,data/refined_set\3bra\3bra_ligand.mol2,mol2,True,,refined
3brn,data/refined_set\3brn\3brn_protein.pdb,data/refined_set\3brn\3brn_pocket.pdb,data/refined_set\3brn\3brn_ligand.mol2,mol2,True,,refined
3bu1,data/refined_set\3bu1\3bu1_protein.pdb,data/refined_set\3bu1\3bu1_pocket.pdb,data/refined_set\3bu1\3bu1_ligand.mol2,mol2,True,,refined
3buf,data/refined_set\3buf\3buf_protein.pdb,data/refined_set\3buf\3buf_pocket.pdb,data/refined_set\3buf\3buf_ligand.mol2,mol2,True,,refined
3bug,data/refined_set\3bug\3bug_protein.pdb,data/refined_set\3bug\3bug_pocket.pdb,data/refined_set\3bug\3bug_ligand.mol2,mol2,True,,refined
3buh,data/refined_set\3buh\3buh_protein.pdb,data/refined_set\3buh\3buh_pocket.pdb,data/refined_set\3buh\3buh_ligand.mol2,mol2,True,,refined
3bv9,data/refined_set\3bv9\3bv9_protein.pdb,data/refined_set\3bv9\3bv9_pocket.pdb,data/refined_set\3bv9\3bv9_ligand.mol2,mol2,True,,refined
3bva,data/refined_set\3bva\3bva_protein.pdb,data/refined_set\3bva\3bva_pocket.pdb,data/refined_set\3bva\3bva_ligand.mol2,mol2,True,,refined
3bvb,data/refined_set\3bvb\3bvb_protein.pdb,data/refined_set\3bvb\3bvb_pocket.pdb,data/refined_set\3bvb\3bvb_ligand.mol2,mol2,True,,refined
3bwj,data/refined_set\3bwj\3bwj_protein.pdb,data/refined_set\3bwj\3bwj_pocket.pdb,data/refined_set\3bwj\3bwj_ligand.mol2,mol2,True,,refined
3bxe,data/refined_set\3bxe\3bxe_protein.pdb,data/refined_set\3bxe\3bxe_pocket.pdb,data/refined_set\3bxe\3bxe_ligand.mol2,mol2,True,,refined
3bxf,data/refined_set\3bxf\3bxf_protein.pdb,data/refined_set\3bxf\3bxf_pocket.pdb,data/refined_set\3bxf\3bxf_ligand.mol2,mol2,True,,refined
3bxg,data/refined_set\3bxg\3bxg_protein.pdb,data/refined_set\3bxg\3bxg_pocket.pdb,data/refined_set\3bxg\3bxg_ligand.mol2,mol2,True,,refined
3bxh,data/refined_set\3bxh\3bxh_protein.pdb,data/refined_set\3bxh\3bxh_pocket.pdb,data/refined_set\3bxh\3bxh_ligand.mol2,mol2,True,,refined
3bzf,data/refined_set\3bzf\3bzf_protein.pdb,data/refined_set\3bzf\3bzf_pocket.pdb,data/refined_set\3bzf\3bzf_ligand.mol2,mol2,True,,refined
3c2f,data/refined_set\3c2f\3c2f_protein.pdb,data/refined_set\3c2f\3c2f_pocket.pdb,data/refined_set\3c2f\3c2f_ligand.mol2,mol2,True,,refined
3c2o,data/refined_set\3c2o\3c2o_protein.pdb,data/refined_set\3c2o\3c2o_pocket.pdb,data/refined_set\3c2o\3c2o_ligand.mol2,mol2,True,,refined
3c2r,data/refined_set\3c2r\3c2r_protein.pdb,data/refined_set\3c2r\3c2r_pocket.pdb,data/refined_set\3c2r\3c2r_ligand.mol2,mol2,True,,refined
3c2u,data/refined_set\3c2u\3c2u_protein.pdb,data/refined_set\3c2u\3c2u_pocket.pdb,data/refined_set\3c2u\3c2u_ligand.mol2,mol2,True,,refined
3c39,data/refined_set\3c39\3c39_protein.pdb,data/refined_set\3c39\3c39_pocket.pdb,data/refined_set\3c39\3c39_ligand.mol2,mol2,True,,refined
3c4h,data/refined_set\3c4h\3c4h_protein.pdb,data/refined_set\3c4h\3c4h_pocket.pdb,data/refined_set\3c4h\3c4h_ligand.mol2,mol2,True,,refined
3c52,data/refined_set\3c52\3c52_protein.pdb,data/refined_set\3c52\3c52_pocket.pdb,data/refined_set\3c52\3c52_ligand.mol2,mol2,True,,refined
3c56,data/refined_set\3c56\3c56_protein.pdb,data/refined_set\3c56\3c56_pocket.pdb,data/refined_set\3c56\3c56_ligand.mol2,mol2,True,,refined
3c79,data/refined_set\3c79\3c79_protein.pdb,data/refined_set\3c79\3c79_pocket.pdb,data/refined_set\3c79\3c79_ligand.mol2,mol2,True,,refined
3c84,data/refined_set\3c84\3c84_protein.pdb,data/refined_set\3c84\3c84_pocket.pdb,data/refined_set\3c84\3c84_ligand.mol2,mol2,True,,refined
3c88,data/refined_set\3c88\3c88_protein.pdb,data/refined_set\3c88\3c88_pocket.pdb,data/refined_set\3c88\3c88_ligand.mol2,mol2,True,,refined
3c89,data/refined_set\3c89\3c89_protein.pdb,data/refined_set\3c89\3c89_pocket.pdb,data/refined_set\3c89\3c89_ligand.mol2,mol2,True,,refined
3c8a,data/refined_set\3c8a\3c8a_protein.pdb,data/refined_set\3c8a\3c8a_pocket.pdb,data/refined_set\3c8a\3c8a_ligand.mol2,mol2,True,,refined
3c8b,data/refined_set\3c8b\3c8b_protein.pdb,data/refined_set\3c8b\3c8b_pocket.pdb,data/refined_set\3c8b\3c8b_ligand.mol2,mol2,True,,refined
3cct,data/refined_set\3cct\3cct_protein.pdb,data/refined_set\3cct\3cct_pocket.pdb,data/refined_set\3cct\3cct_ligand.mol2,mol2,True,,refined
3ccw,data/refined_set\3ccw\3ccw_protein.pdb,data/refined_set\3ccw\3ccw_pocket.pdb,data/refined_set\3ccw\3ccw_ligand.mol2,mol2,True,,refined
3ccz,data/refined_set\3ccz\3ccz_protein.pdb,data/refined_set\3ccz\3ccz_pocket.pdb,data/refined_set\3ccz\3ccz_ligand.mol2,mol2,True,,refined
3cd0,data/refined_set\3cd0\3cd0_protein.pdb,data/refined_set\3cd0\3cd0_pocket.pdb,data/refined_set\3cd0\3cd0_ligand.mol2,mol2,True,,refined
3cd5,data/refined_set\3cd5\3cd5_protein.pdb,data/refined_set\3cd5\3cd5_pocket.pdb,data/refined_set\3cd5\3cd5_ligand.mol2,mol2,True,,refined
3cd7,data/refined_set\3cd7\3cd7_protein.pdb,data/refined_set\3cd7\3cd7_pocket.pdb,data/refined_set\3cd7\3cd7_ligand.mol2,mol2,True,,refined
3cda,data/refined_set\3cda\3cda_protein.pdb,data/refined_set\3cda\3cda_pocket.pdb,data/refined_set\3cda\3cda_ligand.mol2,mol2,True,,refined
3cdb,data/refined_set\3cdb\3cdb_protein.pdb,data/refined_set\3cdb\3cdb_pocket.pdb,data/refined_set\3cdb\3cdb_ligand.mol2,mol2,True,,refined
3cf8,data/refined_set\3cf8\3cf8_protein.pdb,data/refined_set\3cf8\3cf8_pocket.pdb,data/refined_set\3cf8\3cf8_ligand.mol2,mol2,True,,refined
3cfn,data/refined_set\3cfn\3cfn_protein.pdb,data/refined_set\3cfn\3cfn_pocket.pdb,data/refined_set\3cfn\3cfn_ligand.mol2,mol2,True,,refined
3cft,data/refined_set\3cft\3cft_protein.pdb,data/refined_set\3cft\3cft_pocket.pdb,data/refined_set\3cft\3cft_ligand.mol2,mol2,True,,refined
3cj2,data/refined_set\3cj2\3cj2_protein.pdb,data/refined_set\3cj2\3cj2_pocket.pdb,data/refined_set\3cj2\3cj2_ligand.mol2,mol2,True,,refined
3cj4,data/refined_set\3cj4\3cj4_protein.pdb,data/refined_set\3cj4\3cj4_pocket.pdb,data/refined_set\3cj4\3cj4_ligand.mol2,mol2,True,,refined
3cj5,data/refined_set\3cj5\3cj5_protein.pdb,data/refined_set\3cj5\3cj5_pocket.pdb,data/refined_set\3cj5\3cj5_ligand.mol2,mol2,True,,refined
3ckb,data/refined_set\3ckb\3ckb_protein.pdb,data/refined_set\3ckb\3ckb_pocket.pdb,data/refined_set\3ckb\3ckb_ligand.mol2,mol2,True,,refined
3cke,data/refined_set\3cke\3cke_protein.pdb,data/refined_set\3cke\3cke_pocket.pdb,data/refined_set\3cke\3cke_ligand.mol2,mol2,True,,refined
3ckp,data/refined_set\3ckp\3ckp_protein.pdb,data/refined_set\3ckp\3ckp_pocket.pdb,data/refined_set\3ckp\3ckp_ligand.mol2,mol2,True,,refined
3ckz,data/refined_set\3ckz\3ckz_protein.pdb,data/refined_set\3ckz\3ckz_pocket.pdb,data/refined_set\3ckz\3ckz_ligand.mol2,mol2,True,,refined
3cl0,data/refined_set\3cl0\3cl0_protein.pdb,data/refined_set\3cl0\3cl0_pocket.pdb,data/refined_set\3cl0\3cl0_ligand.mol2,mol2,True,,refined
3cm2,data/refined_set\3cm2\3cm2_protein.pdb,data/refined_set\3cm2\3cm2_pocket.pdb,data/refined_set\3cm2\3cm2_ligand.mol2,mol2,True,,refined
3cow,data/refined_set\3cow\3cow_protein.pdb,data/refined_set\3cow\3cow_pocket.pdb,data/refined_set\3cow\3cow_ligand.mol2,mol2,True,,refined
3coy,data/refined_set\3coy\3coy_protein.pdb,data/refined_set\3coy\3coy_pocket.pdb,data/refined_set\3coy\3coy_ligand.mol2,mol2,True,,refined
3coz,data/refined_set\3coz\3coz_protein.pdb,data/refined_set\3coz\3coz_pocket.pdb,data/refined_set\3coz\3coz_ligand.mol2,mol2,True,,refined
3cs7,data/refined_set\3cs7\3cs7_protein.pdb,data/refined_set\3cs7\3cs7_pocket.pdb,data/refined_set\3cs7\3cs7_ligand.mol2,mol2,True,,refined
3ctt,data/refined_set\3ctt\3ctt_protein.pdb,data/refined_set\3ctt\3ctt_pocket.pdb,data/refined_set\3ctt\3ctt_ligand.mol2,mol2,True,,refined
3cyw,data/refined_set\3cyw\3cyw_protein.pdb,data/refined_set\3cyw\3cyw_pocket.pdb,data/refined_set\3cyw\3cyw_ligand.mol2,mol2,True,,refined
3cyx,data/refined_set\3cyx\3cyx_protein.pdb,data/refined_set\3cyx\3cyx_pocket.pdb,data/refined_set\3cyx\3cyx_ligand.mol2,mol2,True,,refined
3cyz,data/refined_set\3cyz\3cyz_protein.pdb,data/refined_set\3cyz\3cyz_pocket.pdb,data/refined_set\3cyz\3cyz_ligand.mol2,mol2,True,,refined
3cz1,data/refined_set\3cz1\3cz1_protein.pdb,data/refined_set\3cz1\3cz1_pocket.pdb,data/refined_set\3cz1\3cz1_ligand.mol2,mol2,True,,refined
3czv,data/refined_set\3czv\3czv_protein.pdb,data/refined_set\3czv\3czv_pocket.pdb,data/refined_set\3czv\3czv_ligand.mol2,mol2,True,,refined
3d0b,data/refined_set\3d0b\3d0b_protein.pdb,data/refined_set\3d0b\3d0b_pocket.pdb,data/refined_set\3d0b\3d0b_ligand.mol2,mol2,True,,refined
3d0e,data/refined_set\3d0e\3d0e_protein.pdb,data/refined_set\3d0e\3d0e_pocket.pdb,data/refined_set\3d0e\3d0e_ligand.mol2,mol2,True,,refined
3d1x,data/refined_set\3d1x\3d1x_protein.pdb,data/refined_set\3d1x\3d1x_pocket.pdb,data/refined_set\3d1x\3d1x_ligand.mol2,mol2,True,,refined
3d1y,data/refined_set\3d1y\3d1y_protein.pdb,data/refined_set\3d1y\3d1y_pocket.pdb,data/refined_set\3d1y\3d1y_ligand.mol2,mol2,True,,refined
3d1z,data/refined_set\3d1z\3d1z_protein.pdb,data/refined_set\3d1z\3d1z_pocket.pdb,data/refined_set\3d1z\3d1z_ligand.mol2,mol2,True,,refined
3d2e,data/refined_set\3d2e\3d2e_protein.pdb,data/refined_set\3d2e\3d2e_pocket.pdb,data/refined_set\3d2e\3d2e_ligand.mol2,mol2,True,,refined
3d4y,data/refined_set\3d4y\3d4y_protein.pdb,data/refined_set\3d4y\3d4y_pocket.pdb,data/refined_set\3d4y\3d4y_ligand.mol2,mol2,True,,refined
3d4z,data/refined_set\3d4z\3d4z_protein.pdb,data/refined_set\3d4z\3d4z_pocket.pdb,data/refined_set\3d4z\3d4z_ligand.mol2,mol2,True,,refined
3d50,data/refined_set\3d50\3d50_protein.pdb,data/refined_set\3d50\3d50_pocket.pdb,data/refined_set\3d50\3d50_ligand.mol2,mol2,True,,refined
3d51,data/refined_set\3d51\3d51_protein.pdb,data/refined_set\3d51\3d51_pocket.pdb,data/refined_set\3d51\3d51_ligand.mol2,mol2,True,,refined
3d52,data/refined_set\3d52\3d52_protein.pdb,data/refined_set\3d52\3d52_pocket.pdb,data/refined_set\3d52\3d52_ligand.mol2,mol2,True,,refined
3d6o,data/refined_set\3d6o\3d6o_protein.pdb,data/refined_set\3d6o\3d6o_pocket.pdb,data/refined_set\3d6o\3d6o_ligand.mol2,mol2,True,,refined
3d6p,data/refined_set\3d6p\3d6p_protein.pdb,data/refined_set\3d6p\3d6p_pocket.pdb,data/refined_set\3d6p\3d6p_ligand.mol2,mol2,True,,refined
3d78,data/refined_set\3d78\3d78_protein.pdb,data/refined_set\3d78\3d78_pocket.pdb,data/refined_set\3d78\3d78_ligand.mol2,mol2,True,,refined
3d7k,data/refined_set\3d7k\3d7k_protein.pdb,data/refined_set\3d7k\3d7k_pocket.pdb,data/refined_set\3d7k\3d7k_ligand.mol2,mol2,True,,refined
3d7z,data/refined_set\3d7z\3d7z_protein.pdb,data/refined_set\3d7z\3d7z_pocket.pdb,data/refined_set\3d7z\3d7z_ligand.mol2,mol2,True,,refined
3d83,data/refined_set\3d83\3d83_protein.pdb,data/refined_set\3d83\3d83_pocket.pdb,data/refined_set\3d83\3d83_ligand.mol2,mol2,True,,refined
3d8w,data/refined_set\3d8w\3d8w_protein.pdb,data/refined_set\3d8w\3d8w_pocket.pdb,data/refined_set\3d8w\3d8w_ligand.mol2,mol2,True,,refined
3d8z,data/refined_set\3d8z\3d8z_protein.pdb,data/refined_set\3d8z\3d8z_pocket.pdb,data/refined_set\3d8z\3d8z_ligand.mol2,mol2,True,,refined
3d91,data/refined_set\3d91\3d91_protein.pdb,data/refined_set\3d91\3d91_pocket.pdb,data/refined_set\3d91\3d91_ligand.mol2,mol2,True,,refined
3d9z,data/refined_set\3d9z\3d9z_protein.pdb,data/refined_set\3d9z\3d9z_pocket.pdb,data/refined_set\3d9z\3d9z_ligand.mol2,mol2,True,,refined
3da9,data/refined_set\3da9\3da9_protein.pdb,data/refined_set\3da9\3da9_pocket.pdb,data/refined_set\3da9\3da9_ligand.mol2,mol2,True,,refined
3daz,data/refined_set\3daz\3daz_protein.pdb,data/refined_set\3daz\3daz_pocket.pdb,data/refined_set\3daz\3daz_ligand.mol2,mol2,True,,refined
3dbu,data/refined_set\3dbu\3dbu_protein.pdb,data/refined_set\3dbu\3dbu_pocket.pdb,data/refined_set\3dbu\3dbu_ligand.mol2,mol2,True,,refined
3dc3,data/refined_set\3dc3\3dc3_protein.pdb,data/refined_set\3dc3\3dc3_pocket.pdb,data/refined_set\3dc3\3dc3_ligand.mol2,mol2,True,,refined
3dcc,data/refined_set\3dcc\3dcc_protein.pdb,data/refined_set\3dcc\3dcc_pocket.pdb,data/refined_set\3dcc\3dcc_ligand.mol2,mol2,True,,refined
3dd0,data/refined_set\3dd0\3dd0_protein.pdb,data/refined_set\3dd0\3dd0_pocket.pdb,data/refined_set\3dd0\3dd0_ligand.mol2,mol2,True,,refined
3dd8,data/refined_set\3dd8\3dd8_protein.pdb,data/refined_set\3dd8\3dd8_pocket.pdb,data/refined_set\3dd8\3dd8_ligand.mol2,mol2,True,,refined
3ddf,data/refined_set\3ddf\3ddf_protein.pdb,data/refined_set\3ddf\3ddf_pocket.pdb,data/refined_set\3ddf\3ddf_ligand.mol2,mol2,True,,refined
3ddg,data/refined_set\3ddg\3ddg_protein.pdb,data/refined_set\3ddg\3ddg_pocket.pdb,data/refined_set\3ddg\3ddg_ligand.mol2,mol2,True,,refined
3dgo,data/refined_set\3dgo\3dgo_protein.pdb,data/refined_set\3dgo\3dgo_pocket.pdb,data/refined_set\3dgo\3dgo_ligand.mol2,mol2,True,,refined
3djk,data/refined_set\3djk\3djk_protein.pdb,data/refined_set\3djk\3djk_pocket.pdb,data/refined_set\3djk\3djk_ligand.mol2,mol2,True,,refined
3djo,data/refined_set\3djo\3djo_protein.pdb,data/refined_set\3djo\3djo_pocket.pdb,data/refined_set\3djo\3djo_ligand.mol2,mol2,True,,refined
3djp,data/refined_set\3djp\3djp_protein.pdb,data/refined_set\3djp\3djp_pocket.pdb,data/refined_set\3djp\3djp_ligand.mol2,mol2,True,,refined
3djq,data/refined_set\3djq\3djq_protein.pdb,data/refined_set\3djq\3djq_pocket.pdb,data/refined_set\3djq\3djq_ligand.mol2,mol2,True,,refined
3djv,data/refined_set\3djv\3djv_protein.pdb,data/refined_set\3djv\3djv_pocket.pdb,data/refined_set\3djv\3djv_ligand.mol2,mol2,True,,refined
3djx,data/refined_set\3djx\3djx_protein.pdb,data/refined_set\3djx\3djx_pocket.pdb,data/refined_set\3djx\3djx_ligand.mol2,mol2,True,,refined
3dk1,data/refined_set\3dk1\3dk1_protein.pdb,data/refined_set\3dk1\3dk1_pocket.pdb,data/refined_set\3dk1\3dk1_ligand.mol2,mol2,True,,refined
3dln,data/refined_set\3dln\3dln_protein.pdb,data/refined_set\3dln\3dln_pocket.pdb,data/refined_set\3dln\3dln_ligand.mol2,mol2,True,,refined
3dnd,data/refined_set\3dnd\3dnd_protein.pdb,data/refined_set\3dnd\3dnd_pocket.pdb,data/refined_set\3dnd\3dnd_ligand.mol2,mol2,True,,refined
3dne,data/refined_set\3dne\3dne_protein.pdb,data/refined_set\3dne\3dne_pocket.pdb,data/refined_set\3dne\3dne_ligand.mol2,mol2,True,,refined
3dp4,data/refined_set\3dp4\3dp4_protein.pdb,data/refined_set\3dp4\3dp4_pocket.pdb,data/refined_set\3dp4\3dp4_ligand.mol2,mol2,True,,refined
3dp9,data/refined_set\3dp9\3dp9_protein.pdb,data/refined_set\3dp9\3dp9_pocket.pdb,data/refined_set\3dp9\3dp9_ligand.mol2,mol2,True,,refined
3drf,data/refined_set\3drf\3drf_protein.pdb,data/refined_set\3drf\3drf_pocket.pdb,data/refined_set\3drf\3drf_ligand.mol2,mol2,True,,refined
3drg,data/refined_set\3drg\3drg_protein.pdb,data/refined_set\3drg\3drg_pocket.pdb,data/refined_set\3drg\3drg_ligand.mol2,mol2,True,,refined
3dri,data/refined_set\3dri\3dri_protein.pdb,data/refined_set\3dri\3dri_pocket.pdb,data/refined_set\3dri\3dri_ligand.mol2,mol2,True,,refined
3dsz,data/refined_set\3dsz\3dsz_protein.pdb,data/refined_set\3dsz\3dsz_pocket.pdb,data/refined_set\3dsz\3dsz_ligand.mol2,mol2,True,,refined
3dx1,data/refined_set\3dx1\3dx1_protein.pdb,data/refined_set\3dx1\3dx1_pocket.pdb,data/refined_set\3dx1\3dx1_ligand.mol2,mol2,True,,refined
3dx2,data/refined_set\3dx2\3dx2_protein.pdb,data/refined_set\3dx2\3dx2_pocket.pdb,data/refined_set\3dx2\3dx2_ligand.mol2,mol2,True,,refined
3dx3,data/refined_set\3dx3\3dx3_protein.pdb,data/refined_set\3dx3\3dx3_pocket.pdb,data/refined_set\3dx3\3dx3_ligand.mol2,mol2,True,,refined
3dx4,data/refined_set\3dx4\3dx4_protein.pdb,data/refined_set\3dx4\3dx4_pocket.pdb,data/refined_set\3dx4\3dx4_ligand.mol2,mol2,True,,refined
3dyo,data/refined_set\3dyo\3dyo_protein.pdb,data/refined_set\3dyo\3dyo_pocket.pdb,data/refined_set\3dyo\3dyo_ligand.mol2,mol2,True,,refined
3dzt,data/refined_set\3dzt\3dzt_protein.pdb,data/refined_set\3dzt\3dzt_pocket.pdb,data/refined_set\3dzt\3dzt_ligand.mol2,mol2,True,,refined
3e12,data/refined_set\3e12\3e12_protein.pdb,data/refined_set\3e12\3e12_pocket.pdb,data/refined_set\3e12\3e12_ligand.mol2,mol2,True,,refined
3e3c,data/refined_set\3e3c\3e3c_protein.pdb,data/refined_set\3e3c\3e3c_pocket.pdb,data/refined_set\3e3c\3e3c_ligand.mol2,mol2,True,,refined
3e5a,data/refined_set\3e5a\3e5a_protein.pdb,data/refined_set\3e5a\3e5a_pocket.pdb,data/refined_set\3e5a\3e5a_ligand.mol2,mol2,True,,refined
3e5u,data/refined_set\3e5u\3e5u_protein.pdb,data/refined_set\3e5u\3e5u_pocket.pdb,data/refined_set\3e5u\3e5u_ligand.mol2,mol2,True,,refined
3e6y,data/refined_set\3e6y\3e6y_protein.pdb,data/refined_set\3e6y\3e6y_pocket.pdb,data/refined_set\3e6y\3e6y_ligand.mol2,mol2,True,,refined
3e92,data/refined_set\3e92\3e92_protein.pdb,data/refined_set\3e92\3e92_pocket.pdb,data/refined_set\3e92\3e92_ligand.mol2,mol2,True,,refined
3e93,data/refined_set\3e93\3e93_protein.pdb,data/refined_set\3e93\3e93_pocket.pdb,data/refined_set\3e93\3e93_ligand.mol2,mol2,True,,refined
3eax,data/refined_set\3eax\3eax_protein.pdb,data/refined_set\3eax\3eax_pocket.pdb,data/refined_set\3eax\3eax_ligand.mol2,mol2,True,,refined
3eb1,data/refined_set\3eb1\3eb1_protein.pdb,data/refined_set\3eb1\3eb1_pocket.pdb,data/refined_set\3eb1\3eb1_ligand.mol2,mol2,True,,refined
3ebh,data/refined_set\3ebh\3ebh_protein.pdb,data/refined_set\3ebh\3ebh_pocket.pdb,data/refined_set\3ebh\3ebh_ligand.mol2,mol2,True,,refined
3ebi,data/refined_set\3ebi\3ebi_protein.pdb,data/refined_set\3ebi\3ebi_pocket.pdb,data/refined_set\3ebi\3ebi_ligand.mol2,mol2,True,,refined
3ebl,data/refined_set\3ebl\3ebl_protein.pdb,data/refined_set\3ebl\3ebl_pocket.pdb,data/refined_set\3ebl\3ebl_ligand.mol2,mol2,True,,refined
3ebo,data/refined_set\3ebo\3ebo_protein.pdb,data/refined_set\3ebo\3ebo_pocket.pdb,data/refined_set\3ebo\3ebo_ligand.mol2,mol2,True,,refined
3ebp,data/refined_set\3ebp\3ebp_protein.pdb,data/refined_set\3ebp\3ebp_pocket.pdb,data/refined_set\3ebp\3ebp_ligand.mol2,mol2,True,,refined
3ed0,data/refined_set\3ed0\3ed0_protein.pdb,data/refined_set\3ed0\3ed0_pocket.pdb,data/refined_set\3ed0\3ed0_ligand.mol2,mol2,True,,refined
3eeb,data/refined_set\3eeb\3eeb_protein.pdb,data/refined_set\3eeb\3eeb_pocket.pdb,data/refined_set\3eeb\3eeb_ligand.mol2,mol2,True,,refined
3eft,data/refined_set\3eft\3eft_protein.pdb,data/refined_set\3eft\3eft_pocket.pdb,data/refined_set\3eft\3eft_ligand.mol2,mol2,True,,refined
3egt,data/refined_set\3egt\3egt_protein.pdb,data/refined_set\3egt\3egt_pocket.pdb,data/refined_set\3egt\3egt_ligand.mol2,mol2,True,,refined
3ehx,data/refined_set\3ehx\3ehx_protein.pdb,data/refined_set\3ehx\3ehx_pocket.pdb,data/refined_set\3ehx\3ehx_ligand.mol2,mol2,True,,refined
3ehy,data/refined_set\3ehy\3ehy_protein.pdb,data/refined_set\3ehy\3ehy_pocket.pdb,data/refined_set\3ehy\3ehy_ligand.mol2,mol2,True,,refined
3ejp,data/refined_set\3ejp\3ejp_protein.pdb,data/refined_set\3ejp\3ejp_pocket.pdb,data/refined_set\3ejp\3ejp_ligand.mol2,mol2,True,,refined
3ejq,data/refined_set\3ejq\3ejq_protein.pdb,data/refined_set\3ejq\3ejq_pocket.pdb,data/refined_set\3ejq\3ejq_ligand.mol2,mol2,True,,refined
3ejr,data/refined_set\3ejr\3ejr_protein.pdb,data/refined_set\3ejr\3ejr_pocket.pdb,data/refined_set\3ejr\3ejr_ligand.mol2,mol2,True,,refined
3eko,data/refined_set\3eko\3eko_protein.pdb,data/refined_set\3eko\3eko_pocket.pdb,data/refined_set\3eko\3eko_ligand.mol2,mol2,True,,refined
3ekp,data/refined_set\3ekp\3ekp_protein.pdb,data/refined_set\3ekp\3ekp_pocket.pdb,data/refined_set\3ekp\3ekp_ligand.mol2,mol2,True,,refined
3ekr,data/refined_set\3ekr\3ekr_protein.pdb,data/refined_set\3ekr\3ekr_pocket.pdb,data/refined_set\3ekr\3ekr_ligand.mol2,mol2,True,,refined
3ekt,data/refined_set\3ekt\3ekt_protein.pdb,data/refined_set\3ekt\3ekt_pocket.pdb,data/refined_set\3ekt\3ekt_ligand.mol2,mol2,True,,refined
3ekv,data/refined_set\3ekv\3ekv_protein.pdb,data/refined_set\3ekv\3ekv_pocket.pdb,data/refined_set\3ekv\3ekv_ligand.mol2,mol2,True,,refined
3ekw,data/refined_set\3ekw\3ekw_protein.pdb,data/refined_set\3ekw\3ekw_pocket.pdb,data/refined_set\3ekw\3ekw_ligand.mol2,mol2,True,,refined
3ekx,data/refined_set\3ekx\3ekx_protein.pdb,data/refined_set\3ekx\3ekx_pocket.pdb,data/refined_set\3ekx\3ekx_ligand.mol2,mol2,True,,refined
3el1,data/refined_set\3el1\3el1_protein.pdb,data/refined_set\3el1\3el1_pocket.pdb,data/refined_set\3el1\3el1_ligand.mol2,mol2,True,,refined
3el4,data/refined_set\3el4\3el4_protein.pdb,data/refined_set\3el4\3el4_pocket.pdb,data/refined_set\3el4\3el4_ligand.mol2,mol2,True,,refined
3el5,data/refined_set\3el5\3el5_protein.pdb,data/refined_set\3el5\3el5_pocket.pdb,data/refined_set\3el5\3el5_ligand.mol2,mol2,True,,refined
3el9,data/refined_set\3el9\3el9_protein.pdb,data/refined_set\3el9\3el9_pocket.pdb,data/refined_set\3el9\3el9_ligand.mol2,mol2,True,,refined
3elc,data/refined_set\3elc\3elc_protein.pdb,data/refined_set\3elc\3elc_pocket.pdb,data/refined_set\3elc\3elc_ligand.mol2,mol2,True,,refined
3eqr,data/refined_set\3eqr\3eqr_protein.pdb,data/refined_set\3eqr\3eqr_pocket.pdb,data/refined_set\3eqr\3eqr_ligand.mol2,mol2,True,,refined
3ery,data/refined_set\3ery\3ery_protein.pdb,data/refined_set\3ery\3ery_pocket.pdb,data/refined_set\3ery\3ery_ligand.mol2,mol2,True,,refined
3evd,data/refined_set\3evd\3evd_protein.pdb,data/refined_set\3evd\3evd_pocket.pdb,data/refined_set\3evd\3evd_ligand.mol2,mol2,True,,refined
3ewc,data/refined_set\3ewc\3ewc_protein.pdb,data/refined_set\3ewc\3ewc_pocket.pdb,data/refined_set\3ewc\3ewc_ligand.mol2,mol2,True,,refined
3ewj,data/refined_set\3ewj\3ewj_protein.pdb,data/refined_set\3ewj\3ewj_pocket.pdb,data/refined_set\3ewj\3ewj_ligand.mol2,mol2,True,,refined
3exe,data/refined_set\3exe\3exe_protein.pdb,data/refined_set\3exe\3exe_pocket.pdb,data/refined_set\3exe\3exe_ligand.mol2,mol2,True,,refined
3exh,data/refined_set\3exh\3exh_protein.pdb,data/refined_set\3exh\3exh_pocket.pdb,data/refined_set\3exh\3exh_ligand.mol2,mol2,True,,refined
3f15,data/refined_set\3f15\3f15_protein.pdb,data/refined_set\3f15\3f15_pocket.pdb,data/refined_set\3f15\3f15_ligand.mol2,mol2,True,,refined
3f16,data/refined_set\3f16\3f16_protein.pdb,data/refined_set\3f16\3f16_pocket.pdb,data/refined_set\3f16\3f16_ligand.mol2,mol2,True,,refined
3f17,data/refined_set\3f17\3f17_protein.pdb,data/refined_set\3f17\3f17_pocket.pdb,data/refined_set\3f17\3f17_ligand.mol2,mol2,True,,refined
3f18,data/refined_set\3f18\3f18_protein.pdb,data/refined_set\3f18\3f18_pocket.pdb,data/refined_set\3f18\3f18_ligand.mol2,mol2,True,,refined
3f19,data/refined_set\3f19\3f19_protein.pdb,data/refined_set\3f19\3f19_pocket.pdb,data/refined_set\3f19\3f19_ligand.mol2,mol2,True,,refined
3f1a,data/refined_set\3f1a\3f1a_protein.pdb,data/refined_set\3f1a\3f1a_pocket.pdb,data/refined_set\3f1a\3f1a_ligand.mol2,mol2,True,,refined
3f33,data/refined_set\3f33\3f33_protein.pdb,data/refined_set\3f33\3f33_pocket.pdb,data/refined_set\3f33\3f33_ligand.mol2,mol2,True,,refined
3f34,data/refined_set\3f34\3f34_protein.pdb,data/refined_set\3f34\3f34_pocket.pdb,data/refined_set\3f34\3f34_ligand.mol2,mol2,True,,refined
3f37,data/refined_set\3f37\3f37_protein.pdb,data/refined_set\3f37\3f37_pocket.pdb,data/refined_set\3f37\3f37_ligand.mol2,mol2,True,,refined
3f3c,data/refined_set\3f3c\3f3c_protein.pdb,data/refined_set\3f3c\3f3c_pocket.pdb,data/refined_set\3f3c\3f3c_ligand.mol2,mol2,True,,refined
3f3d,data/refined_set\3f3d\3f3d_protein.pdb,data/refined_set\3f3d\3f3d_pocket.pdb,data/refined_set\3f3d\3f3d_ligand.mol2,mol2,True,,refined
3f3e,data/refined_set\3f3e\3f3e_protein.pdb,data/refined_set\3f3e\3f3e_pocket.pdb,data/refined_set\3f3e\3f3e_ligand.mol2,mol2,True,,refined
3f48,data/refined_set\3f48\3f48_protein.pdb,data/refined_set\3f48\3f48_pocket.pdb,data/refined_set\3f48\3f48_ligand.mol2,mol2,True,,refined
3f5j,data/refined_set\3f5j\3f5j_protein.pdb,data/refined_set\3f5j\3f5j_pocket.pdb,data/refined_set\3f5j\3f5j_ligand.mol2,mol2,True,,refined
3f5k,data/refined_set\3f5k\3f5k_protein.pdb,data/refined_set\3f5k\3f5k_pocket.pdb,data/refined_set\3f5k\3f5k_ligand.mol2,mol2,True,,refined
3f5l,data/refined_set\3f5l\3f5l_protein.pdb,data/refined_set\3f5l\3f5l_pocket.pdb,data/refined_set\3f5l\3f5l_ligand.mol2,mol2,True,,refined
3f68,data/refined_set\3f68\3f68_protein.pdb,data/refined_set\3f68\3f68_pocket.pdb,data/refined_set\3f68\3f68_ligand.mol2,mol2,True,,refined
3f6e,data/refined_set\3f6e\3f6e_protein.pdb,data/refined_set\3f6e\3f6e_pocket.pdb,data/refined_set\3f6e\3f6e_ligand.mol2,mol2,True,,refined
3f6g,data/refined_set\3f6g\3f6g_protein.pdb,data/refined_set\3f6g\3f6g_pocket.pdb,data/refined_set\3f6g\3f6g_ligand.mol2,mol2,True,,refined
3f70,data/refined_set\3f70\3f70_protein.pdb,data/refined_set\3f70\3f70_pocket.pdb,data/refined_set\3f70\3f70_ligand.mol2,mol2,True,,refined
3f78,data/refined_set\3f78\3f78_protein.pdb,data/refined_set\3f78\3f78_pocket.pdb,data/refined_set\3f78\3f78_ligand.mol2,mol2,True,,refined
3f7g,data/refined_set\3f7g\3f7g_protein.pdb,data/refined_set\3f7g\3f7g_pocket.pdb,data/refined_set\3f7g\3f7g_ligand.mol2,mol2,True,,refined
3f7h,data/refined_set\3f7h\3f7h_protein.pdb,data/refined_set\3f7h\3f7h_pocket.pdb,data/refined_set\3f7h\3f7h_ligand.mol2,mol2,True,,refined
3f7i,data/refined_set\3f7i\3f7i_protein.pdb,data/refined_set\3f7i\3f7i_pocket.pdb,data/refined_set\3f7i\3f7i_ligand.mol2,mol2,True,,refined
3f80,data/refined_set\3f80\3f80_protein.pdb,data/refined_set\3f80\3f80_pocket.pdb,data/refined_set\3f80\3f80_ligand.mol2,mol2,True,,refined
3f8c,data/refined_set\3f8c\3f8c_protein.pdb,data/refined_set\3f8c\3f8c_pocket.pdb,data/refined_set\3f8c\3f8c_ligand.mol2,mol2,True,,refined
3f8e,data/refined_set\3f8e\3f8e_protein.pdb,data/refined_set\3f8e\3f8e_pocket.pdb,data/refined_set\3f8e\3f8e_ligand.mol2,mol2,True,,refined
3f8f,data/refined_set\3f8f\3f8f_protein.pdb,data/refined_set\3f8f\3f8f_pocket.pdb,data/refined_set\3f8f\3f8f_ligand.mol2,mol2,True,,refined
3fas,data/refined_set\3fas\3fas_protein.pdb,data/refined_set\3fas\3fas_pocket.pdb,data/refined_set\3fas\3fas_ligand.mol2,mol2,True,,refined
3fat,data/refined_set\3fat\3fat_protein.pdb,data/refined_set\3fat\3fat_pocket.pdb,data/refined_set\3fat\3fat_ligand.mol2,mol2,True,,refined
3fcq,data/refined_set\3fcq\3fcq_protein.pdb,data/refined_set\3fcq\3fcq_pocket.pdb,data/refined_set\3fcq\3fcq_ligand.mol2,mol2,True,,refined
3fed,data/refined_set\3fed\3fed_protein.pdb,data/refined_set\3fed\3fed_pocket.pdb,data/refined_set\3fed\3fed_ligand.mol2,mol2,True,,refined
3fee,data/refined_set\3fee\3fee_protein.pdb,data/refined_set\3fee\3fee_pocket.pdb,data/refined_set\3fee\3fee_ligand.mol2,mol2,True,,refined
3ff3,data/refined_set\3ff3\3ff3_protein.pdb,data/refined_set\3ff3\3ff3_pocket.pdb,data/refined_set\3ff3\3ff3_ligand.mol2,mol2,True,,refined
3ffg,data/refined_set\3ffg\3ffg_protein.pdb,data/refined_set\3ffg\3ffg_pocket.pdb,data/refined_set\3ffg\3ffg_ligand.mol2,mol2,True,,refined
3ffp,data/refined_set\3ffp\3ffp_protein.pdb,data/refined_set\3ffp\3ffp_pocket.pdb,data/refined_set\3ffp\3ffp_ligand.mol2,mol2,True,,refined
3fh7,data/refined_set\3fh7\3fh7_protein.pdb,data/refined_set\3fh7\3fh7_pocket.pdb,data/refined_set\3fh7\3fh7_ligand.mol2,mol2,True,,refined
3fhb,data/refined_set\3fhb\3fhb_protein.pdb,data/refined_set\3fhb\3fhb_pocket.pdb,data/refined_set\3fhb\3fhb_ligand.mol2,mol2,True,,refined
3fj7,data/refined_set\3fj7\3fj7_protein.pdb,data/refined_set\3fj7\3fj7_pocket.pdb,data/refined_set\3fj7\3fj7_ligand.mol2,mol2,True,,refined
3fjg,data/refined_set\3fjg\3fjg_protein.pdb,data/refined_set\3fjg\3fjg_pocket.pdb,data/refined_set\3fjg\3fjg_ligand.mol2,mol2,True,,refined
3fl5,data/refined_set\3fl5\3fl5_protein.pdb,data/refined_set\3fl5\3fl5_pocket.pdb,data/refined_set\3fl5\3fl5_ligand.mol2,mol2,True,,refined
3fqe,data/refined_set\3fqe\3fqe_protein.pdb,data/refined_set\3fqe\3fqe_pocket.pdb,data/refined_set\3fqe\3fqe_ligand.mol2,mol2,True,,refined
3fql,data/refined_set\3fql\3fql_protein.pdb,data/refined_set\3fql\3fql_pocket.pdb,data/refined_set\3fql\3fql_ligand.mol2,mol2,True,,refined
3fuc,data/refined_set\3fuc\3fuc_protein.pdb,data/refined_set\3fuc\3fuc_pocket.pdb,data/refined_set\3fuc\3fuc_ligand.mol2,mol2,True,,refined
3fur,data/refined_set\3fur\3fur_protein.pdb,data/refined_set\3fur\3fur_pocket.pdb,data/refined_set\3fur\3fur_ligand.mol2,mol2,True,,refined
3fuz,data/refined_set\3fuz\3fuz_protein.pdb,data/refined_set\3fuz\3fuz_pocket.pdb,data/refined_set\3fuz\3fuz_ligand.mol2,mol2,True,,refined
3fv1,data/refined_set\3fv1\3fv1_protein.pdb,data/refined_set\3fv1\3fv1_pocket.pdb,data/refined_set\3fv1\3fv1_ligand.mol2,mol2,True,,refined
3fv2,data/refined_set\3fv2\3fv2_protein.pdb,data/refined_set\3fv2\3fv2_pocket.pdb,data/refined_set\3fv2\3fv2_ligand.mol2,mol2,True,,refined
3fv3,data/refined_set\3fv3\3fv3_protein.pdb,data/refined_set\3fv3\3fv3_pocket.pdb,data/refined_set\3fv3\3fv3_ligand.mol2,mol2,True,,refined
3fvh,data/refined_set\3fvh\3fvh_protein.pdb,data/refined_set\3fvh\3fvh_pocket.pdb,data/refined_set\3fvh\3fvh_ligand.mol2,mol2,True,,refined
3fvk,data/refined_set\3fvk\3fvk_protein.pdb,data/refined_set\3fvk\3fvk_pocket.pdb,data/refined_set\3fvk\3fvk_ligand.mol2,mol2,True,,refined
3fvl,data/refined_set\3fvl\3fvl_protein.pdb,data/refined_set\3fvl\3fvl_pocket.pdb,data/refined_set\3fvl\3fvl_ligand.mol2,mol2,True,,refined
3fvn,data/refined_set\3fvn\3fvn_protein.pdb,data/refined_set\3fvn\3fvn_pocket.pdb,data/refined_set\3fvn\3fvn_ligand.mol2,mol2,True,,refined
3fwv,data/refined_set\3fwv\3fwv_protein.pdb,data/refined_set\3fwv\3fwv_pocket.pdb,data/refined_set\3fwv\3fwv_ligand.mol2,mol2,True,,refined
3fx6,data/refined_set\3fx6\3fx6_protein.pdb,data/refined_set\3fx6\3fx6_pocket.pdb,data/refined_set\3fx6\3fx6_ligand.mol2,mol2,True,,refined
3fzn,data/refined_set\3fzn\3fzn_protein.pdb,data/refined_set\3fzn\3fzn_pocket.pdb,data/refined_set\3fzn\3fzn_ligand.mol2,mol2,True,,refined
3fzy,data/refined_set\3fzy\3fzy_protein.pdb,data/refined_set\3fzy\3fzy_pocket.pdb,data/refined_set\3fzy\3fzy_ligand.mol2,mol2,True,,refined
3g0e,data/refined_set\3g0e\3g0e_protein.pdb,data/refined_set\3g0e\3g0e_pocket.pdb,data/refined_set\3g0e\3g0e_ligand.mol2,mol2,True,,refined
3g0i,data/refined_set\3g0i\3g0i_protein.pdb,data/refined_set\3g0i\3g0i_pocket.pdb,data/refined_set\3g0i\3g0i_ligand.mol2,mol2,True,,refined
3g0w,data/refined_set\3g0w\3g0w_protein.pdb,data/refined_set\3g0w\3g0w_pocket.pdb,data/refined_set\3g0w\3g0w_ligand.mol2,mol2,True,,refined
3g19,data/refined_set\3g19\3g19_protein.pdb,data/refined_set\3g19\3g19_pocket.pdb,data/refined_set\3g19\3g19_ligand.mol2,mol2,True,,refined
3g1d,data/refined_set\3g1d\3g1d_protein.pdb,data/refined_set\3g1d\3g1d_pocket.pdb,data/refined_set\3g1d\3g1d_ligand.mol2,mol2,True,,refined
3g1v,data/refined_set\3g1v\3g1v_protein.pdb,data/refined_set\3g1v\3g1v_pocket.pdb,data/refined_set\3g1v\3g1v_ligand.mol2,mol2,True,,refined
3g2y,data/refined_set\3g2y\3g2y_protein.pdb,data/refined_set\3g2y\3g2y_pocket.pdb,data/refined_set\3g2y\3g2y_ligand.mol2,mol2,True,,refined
3g2z,data/refined_set\3g2z\3g2z_protein.pdb,data/refined_set\3g2z\3g2z_pocket.pdb,data/refined_set\3g2z\3g2z_ligand.mol2,mol2,True,,refined
3g30,data/refined_set\3g30\3g30_protein.pdb,data/refined_set\3g30\3g30_pocket.pdb,data/refined_set\3g30\3g30_ligand.mol2,mol2,True,,refined
3g31,data/refined_set\3g31\3g31_protein.pdb,data/refined_set\3g31\3g31_pocket.pdb,data/refined_set\3g31\3g31_ligand.mol2,mol2,True,,refined
3g32,data/refined_set\3g32\3g32_protein.pdb,data/refined_set\3g32\3g32_pocket.pdb,data/refined_set\3g32\3g32_ligand.mol2,mol2,True,,refined
3g34,data/refined_set\3g34\3g34_protein.pdb,data/refined_set\3g34\3g34_pocket.pdb,data/refined_set\3g34\3g34_ligand.mol2,mol2,True,,refined
3g35,data/refined_set\3g35\3g35_protein.pdb,data/refined_set\3g35\3g35_pocket.pdb,data/refined_set\3g35\3g35_ligand.mol2,mol2,True,,refined
3g3r,data/refined_set\3g3r\3g3r_protein.pdb,data/refined_set\3g3r\3g3r_pocket.pdb,data/refined_set\3g3r\3g3r_ligand.mol2,mol2,True,,refined
3g5k,data/refined_set\3g5k\3g5k_protein.pdb,data/refined_set\3g5k\3g5k_pocket.pdb,data/refined_set\3g5k\3g5k_ligand.mol2,mol2,True,,refined
3ga5,data/refined_set\3ga5\3ga5_protein.pdb,data/refined_set\3ga5\3ga5_pocket.pdb,data/refined_set\3ga5\3ga5_ligand.mol2,mol2,True,,refined
3gba,data/refined_set\3gba\3gba_protein.pdb,data/refined_set\3gba\3gba_pocket.pdb,data/refined_set\3gba\3gba_ligand.mol2,mol2,True,,refined
3gbb,data/refined_set\3gbb\3gbb_protein.pdb,data/refined_set\3gbb\3gbb_pocket.pdb,data/refined_set\3gbb\3gbb_ligand.mol2,mol2,True,,refined
3gbe,data/refined_set\3gbe\3gbe_protein.pdb,data/refined_set\3gbe\3gbe_pocket.pdb,data/refined_set\3gbe\3gbe_ligand.mol2,mol2,True,,refined
3gc4,data/refined_set\3gc4\3gc4_protein.pdb,data/refined_set\3gc4\3gc4_pocket.pdb,data/refined_set\3gc4\3gc4_ligand.mol2,mol2,True,,refined
3gc5,data/refined_set\3gc5\3gc5_protein.pdb,data/refined_set\3gc5\3gc5_pocket.pdb,data/refined_set\3gc5\3gc5_ligand.mol2,mol2,True,,refined
3gcp,data/refined_set\3gcp\3gcp_protein.pdb,data/refined_set\3gcp\3gcp_pocket.pdb,data/refined_set\3gcp\3gcp_ligand.mol2,mol2,True,,refined
3gcs,data/refined_set\3gcs\3gcs_protein.pdb,data/refined_set\3gcs\3gcs_pocket.pdb,data/refined_set\3gcs\3gcs_ligand.mol2,mol2,True,,refined
3gcu,data/refined_set\3gcu\3gcu_protein.pdb,data/refined_set\3gcu\3gcu_pocket.pdb,data/refined_set\3gcu\3gcu_ligand.mol2,mol2,True,,refined
3gdt,data/refined_set\3gdt\3gdt_protein.pdb,data/refined_set\3gdt\3gdt_pocket.pdb,data/refined_set\3gdt\3gdt_ligand.mol2,mol2,True,,refined
3ge7,data/refined_set\3ge7\3ge7_protein.pdb,data/refined_set\3ge7\3ge7_pocket.pdb,data/refined_set\3ge7\3ge7_ligand.mol2,mol2,True,,refined
3ggu,data/refined_set\3ggu\3ggu_protein.pdb,data/refined_set\3ggu\3ggu_pocket.pdb,data/refined_set\3ggu\3ggu_ligand.mol2,mol2,True,,refined
3gi4,data/refined_set\3gi4\3gi4_protein.pdb,data/refined_set\3gi4\3gi4_pocket.pdb,data/refined_set\3gi4\3gi4_ligand.mol2,mol2,True,,refined
3gi5,data/refined_set\3gi5\3gi5_protein.pdb,data/refined_set\3gi5\3gi5_pocket.pdb,data/refined_set\3gi5\3gi5_ligand.mol2,mol2,True,,refined
3gi6,data/refined_set\3gi6\3gi6_protein.pdb,data/refined_set\3gi6\3gi6_pocket.pdb,data/refined_set\3gi6\3gi6_ligand.mol2,mol2,True,,refined
3gjw,data/refined_set\3gjw\3gjw_protein.pdb,data/refined_set\3gjw\3gjw_pocket.pdb,data/refined_set\3gjw\3gjw_ligand.mol2,mol2,True,,refined
3gk1,data/refined_set\3gk1\3gk1_protein.pdb,data/refined_set\3gk1\3gk1_pocket.pdb,data/refined_set\3gk1\3gk1_ligand.mol2,mol2,True,,refined
3gkz,data/refined_set\3gkz\3gkz_protein.pdb,data/refined_set\3gkz\3gkz_pocket.pdb,data/refined_set\3gkz\3gkz_ligand.mol2,mol2,True,,refined
3gm0,data/refined_set\3gm0\3gm0_protein.pdb,data/refined_set\3gm0\3gm0_pocket.pdb,data/refined_set\3gm0\3gm0_ligand.mol2,mol2,True,,refined
3gnw,data/refined_set\3gnw\3gnw_protein.pdb,data/refined_set\3gnw\3gnw_pocket.pdb,data/refined_set\3gnw\3gnw_ligand.mol2,mol2,True,,refined
3gqz,data/refined_set\3gqz\3gqz_protein.pdb,data/refined_set\3gqz\3gqz_pocket.pdb,data/refined_set\3gqz\3gqz_ligand.mol2,mol2,True,,refined
3gr2,data/refined_set\3gr2\3gr2_protein.pdb,data/refined_set\3gr2\3gr2_pocket.pdb,data/refined_set\3gr2\3gr2_ligand.mol2,mol2,True,,refined
3gs6,data/refined_set\3gs6\3gs6_protein.pdb,data/refined_set\3gs6\3gs6_pocket.pdb,data/refined_set\3gs6\3gs6_ligand.mol2,mol2,True,,refined
3gsm,data/refined_set\3gsm\3gsm_protein.pdb,data/refined_set\3gsm\3gsm_pocket.pdb,data/refined_set\3gsm\3gsm_ligand.mol2,mol2,True,,refined
3gss,data/refined_set\3gss\3gss_protein.pdb,data/refined_set\3gss\3gss_pocket.pdb,data/refined_set\3gss\3gss_ligand.mol2,mol2,True,,refined
3gst,data/refined_set\3gst\3gst_protein.pdb,data/refined_set\3gst\3gst_pocket.pdb,data/refined_set\3gst\3gst_ligand.mol2,mol2,True,,refined
3gt9,data/refined_set\3gt9\3gt9_protein.pdb,data/refined_set\3gt9\3gt9_pocket.pdb,data/refined_set\3gt9\3gt9_ligand.mol2,mol2,True,,refined
3gta,data/refined_set\3gta\3gta_protein.pdb,data/refined_set\3gta\3gta_pocket.pdb,data/refined_set\3gta\3gta_ligand.mol2,mol2,True,,refined
3gtc,data/refined_set\3gtc\3gtc_protein.pdb,data/refined_set\3gtc\3gtc_pocket.pdb,data/refined_set\3gtc\3gtc_ligand.mol2,mol2,True,,refined
3gv9,data/refined_set\3gv9\3gv9_protein.pdb,data/refined_set\3gv9\3gv9_pocket.pdb,data/refined_set\3gv9\3gv9_ligand.mol2,mol2,True,,refined
3gvb,data/refined_set\3gvb\3gvb_protein.pdb,data/refined_set\3gvb\3gvb_pocket.pdb,data/refined_set\3gvb\3gvb_ligand.mol2,mol2,True,,refined
3gvu,data/refined_set\3gvu\3gvu_protein.pdb,data/refined_set\3gvu\3gvu_pocket.pdb,data/refined_set\3gvu\3gvu_ligand.mol2,mol2,True,,refined
3gx0,data/refined_set\3gx0\3gx0_protein.pdb,data/refined_set\3gx0\3gx0_pocket.pdb,data/refined_set\3gx0\3gx0_ligand.mol2,mol2,True,,refined
3gy2,data/refined_set\3gy2\3gy2_protein.pdb,data/refined_set\3gy2\3gy2_pocket.pdb,data/refined_set\3gy2\3gy2_ligand.mol2,mol2,True,,refined
3gy3,data/refined_set\3gy3\3gy3_protein.pdb,data/refined_set\3gy3\3gy3_pocket.pdb,data/refined_set\3gy3\3gy3_ligand.mol2,mol2,True,,refined
3gy4,data/refined_set\3gy4\3gy4_protein.pdb,data/refined_set\3gy4\3gy4_pocket.pdb,data/refined_set\3gy4\3gy4_ligand.mol2,mol2,True,,refined
3gy7,data/refined_set\3gy7\3gy7_protein.pdb,data/refined_set\3gy7\3gy7_pocket.pdb,data/refined_set\3gy7\3gy7_ligand.mol2,mol2,True,,refined
3h1x,data/refined_set\3h1x\3h1x_protein.pdb,data/refined_set\3h1x\3h1x_pocket.pdb,data/refined_set\3h1x\3h1x_ligand.mol2,mol2,True,,refined
3h30,data/refined_set\3h30\3h30_protein.pdb,data/refined_set\3h30\3h30_pocket.pdb,data/refined_set\3h30\3h30_ligand.mol2,mol2,True,,refined
3h5b,data/refined_set\3h5b\3h5b_protein.pdb,data/refined_set\3h5b\3h5b_pocket.pdb,data/refined_set\3h5b\3h5b_ligand.mol2,mol2,True,,refined
3h78,data/refined_set\3h78\3h78_protein.pdb,data/refined_set\3h78\3h78_pocket.pdb,data/refined_set\3h78\3h78_ligand.mol2,mol2,True,,refined
3h89,data/refined_set\3h89\3h89_protein.pdb,data/refined_set\3h89\3h89_pocket.pdb,data/refined_set\3h89\3h89_ligand.mol2,mol2,True,,refined
3h8b,data/refined_set\3h8b\3h8b_protein.pdb,data/refined_set\3h8b\3h8b_pocket.pdb,data/refined_set\3h8b\3h8b_ligand.mol2,mol2,True,,refined
3hb4,data/refined_set\3hb4\3hb4_protein.pdb,data/refined_set\3hb4\3hb4_pocket.pdb,data/refined_set\3hb4\3hb4_ligand.mol2,mol2,True,,refined
3hcm,data/refined_set\3hcm\3hcm_protein.pdb,data/refined_set\3hcm\3hcm_pocket.pdb,data/refined_set\3hcm\3hcm_ligand.mol2,mol2,True,,refined
3hek,data/refined_set\3hek\3hek_protein.pdb,data/refined_set\3hek\3hek_pocket.pdb,data/refined_set\3hek\3hek_ligand.mol2,mol2,True,,refined
3hf8,data/refined_set\3hf8\3hf8_protein.pdb,data/refined_set\3hf8\3hf8_pocket.pdb,data/refined_set\3hf8\3hf8_ligand.mol2,mol2,True,,refined
3hfb,data/refined_set\3hfb\3hfb_protein.pdb,data/refined_set\3hfb\3hfb_pocket.pdb,data/refined_set\3hfb\3hfb_ligand.mol2,mol2,True,,refined
3hig,data/refined_set\3hig\3hig_protein.pdb,data/refined_set\3hig\3hig_pocket.pdb,data/refined_set\3hig\3hig_ligand.mol2,mol2,True,,refined
3hit,data/refined_set\3hit\3hit_protein.pdb,data/refined_set\3hit\3hit_pocket.pdb,data/refined_set\3hit\3hit_ligand.mol2,mol2,True,,refined
3hk1,data/refined_set\3hk1\3hk1_protein.pdb,data/refined_set\3hk1\3hk1_pocket.pdb,data/refined_set\3hk1\3hk1_ligand.mol2,mol2,True,,refined
3hkn,data/refined_set\3hkn\3hkn_protein.pdb,data/refined_set\3hkn\3hkn_pocket.pdb,data/refined_set\3hkn\3hkn_ligand.mol2,mol2,True,,refined
3hkq,data/refined_set\3hkq\3hkq_protein.pdb,data/refined_set\3hkq\3hkq_pocket.pdb,data/refined_set\3hkq\3hkq_ligand.mol2,mol2,True,,refined
3hkt,data/refined_set\3hkt\3hkt_protein.pdb,data/refined_set\3hkt\3hkt_pocket.pdb,data/refined_set\3hkt\3hkt_ligand.mol2,mol2,True,,refined
3hku,data/refined_set\3hku\3hku_protein.pdb,data/refined_set\3hku\3hku_pocket.pdb,data/refined_set\3hku\3hku_ligand.mol2,mol2,True,,refined
3hkw,data/refined_set\3hkw\3hkw_protein.pdb,data/refined_set\3hkw\3hkw_pocket.pdb,data/refined_set\3hkw\3hkw_ligand.mol2,mol2,True,,refined
3hky,data/refined_set\3hky\3hky_protein.pdb,data/refined_set\3hky\3hky_pocket.pdb,data/refined_set\3hky\3hky_ligand.mol2,mol2,True,,refined
3hl5,data/refined_set\3hl5\3hl5_protein.pdb,data/refined_set\3hl5\3hl5_pocket.pdb,data/refined_set\3hl5\3hl5_ligand.mol2,mol2,True,,refined
3hl7,data/refined_set\3hl7\3hl7_protein.pdb,data/refined_set\3hl7\3hl7_pocket.pdb,data/refined_set\3hl7\3hl7_ligand.mol2,mol2,True,,refined
3hl8,data/refined_set\3hl8\3hl8_protein.pdb,data/refined_set\3hl8\3hl8_pocket.pdb,data/refined_set\3hl8\3hl8_ligand.mol2,mol2,True,,refined
3hll,data/refined_set\3hll\3hll_protein.pdb,data/refined_set\3hll\3hll_pocket.pdb,data/refined_set\3hll\3hll_ligand.mol2,mol2,True,,refined
3hmo,data/refined_set\3hmo\3hmo_protein.pdb,data/refined_set\3hmo\3hmo_pocket.pdb,data/refined_set\3hmo\3hmo_ligand.mol2,mol2,True,,refined
3hmp,data/refined_set\3hmp\3hmp_protein.pdb,data/refined_set\3hmp\3hmp_pocket.pdb,data/refined_set\3hmp\3hmp_ligand.mol2,mol2,True,,refined
3hp9,data/refined_set\3hp9\3hp9_protein.pdb,data/refined_set\3hp9\3hp9_pocket.pdb,data/refined_set\3hp9\3hp9_ligand.mol2,mol2,True,,refined
3hs4,data/refined_set\3hs4\3hs4_protein.pdb,data/refined_set\3hs4\3hs4_pocket.pdb,data/refined_set\3hs4\3hs4_ligand.mol2,mol2,True,,refined
3hu3,data/refined_set\3hu3\3hu3_protein.pdb,data/refined_set\3hu3\3hu3_pocket.pdb,data/refined_set\3hu3\3hu3_ligand.mol2,mol2,True,,refined
3hub,data/refined_set\3hub\3hub_protein.pdb,data/refined_set\3hub\3hub_pocket.pdb,data/refined_set\3hub\3hub_ligand.mol2,mol2,True,,refined
3huc,data/refined_set\3huc\3huc_protein.pdb,data/refined_set\3huc\3huc_pocket.pdb,data/refined_set\3huc\3huc_ligand.mol2,mol2,True,,refined
3hv8,data/refined_set\3hv8\3hv8_protein.pdb,data/refined_set\3hv8\3hv8_pocket.pdb,data/refined_set\3hv8\3hv8_ligand.mol2,mol2,True,,refined
3hvi,data/refined_set\3hvi\3hvi_protein.pdb,data/refined_set\3hvi\3hvi_pocket.pdb,data/refined_set\3hvi\3hvi_ligand.mol2,mol2,True,,refined
3hvj,data/refined_set\3hvj\3hvj_protein.pdb,data/refined_set\3hvj\3hvj_pocket.pdb,data/refined_set\3hvj\3hvj_ligand.mol2,mol2,True,,refined
3hww,data/refined_set\3hww\3hww_protein.pdb,data/refined_set\3hww\3hww_pocket.pdb,data/refined_set\3hww\3hww_ligand.mol2,mol2,True,,refined
3hzk,data/refined_set\3hzk\3hzk_protein.pdb,data/refined_set\3hzk\3hzk_pocket.pdb,data/refined_set\3hzk\3hzk_ligand.mol2,mol2,True,,refined
3hzm,data/refined_set\3hzm\3hzm_protein.pdb,data/refined_set\3hzm\3hzm_pocket.pdb,data/refined_set\3hzm\3hzm_ligand.mol2,mol2,True,,refined
3hzv,data/refined_set\3hzv\3hzv_protein.pdb,data/refined_set\3hzv\3hzv_pocket.pdb,data/refined_set\3hzv\3hzv_ligand.mol2,mol2,True,,refined
3i25,data/refined_set\3i25\3i25_protein.pdb,data/refined_set\3i25\3i25_pocket.pdb,data/refined_set\3i25\3i25_ligand.mol2,mol2,True,,refined
3i3b,data/refined_set\3i3b\3i3b_protein.pdb,data/refined_set\3i3b\3i3b_pocket.pdb,data/refined_set\3i3b\3i3b_ligand.mol2,mol2,True,,refined
3i4b,data/refined_set\3i4b\3i4b_protein.pdb,data/refined_set\3i4b\3i4b_pocket.pdb,data/refined_set\3i4b\3i4b_ligand.mol2,mol2,True,,refined
3i4y,data/refined_set\3i4y\3i4y_protein.pdb,data/refined_set\3i4y\3i4y_pocket.pdb,data/refined_set\3i4y\3i4y_ligand.mol2,mol2,True,,refined
3i51,data/refined_set\3i51\3i51_protein.pdb,data/refined_set\3i51\3i51_pocket.pdb,data/refined_set\3i51\3i51_ligand.mol2,mol2,True,,refined
3i5z,data/refined_set\3i5z\3i5z_protein.pdb,data/refined_set\3i5z\3i5z_pocket.pdb,data/refined_set\3i5z\3i5z_ligand.mol2,mol2,True,,refined
3i60,data/refined_set\3i60\3i60_protein.pdb,data/refined_set\3i60\3i60_pocket.pdb,data/refined_set\3i60\3i60_ligand.mol2,mol2,True,,refined
3i6o,data/refined_set\3i6o\3i6o_protein.pdb,data/refined_set\3i6o\3i6o_pocket.pdb,data/refined_set\3i6o\3i6o_ligand.mol2,mol2,True,,refined
3i73,data/refined_set\3i73\3i73_protein.pdb,data/refined_set\3i73\3i73_pocket.pdb,data/refined_set\3i73\3i73_ligand.mol2,mol2,True,,refined
3i7e,data/refined_set\3i7e\3i7e_protein.pdb,data/refined_set\3i7e\3i7e_pocket.pdb,data/refined_set\3i7e\3i7e_ligand.mol2,mol2,True,,refined
3i9g,data/refined_set\3i9g\3i9g_protein.pdb,data/refined_set\3i9g\3i9g_pocket.pdb,data/refined_set\3i9g\3i9g_ligand.mol2,mol2,True,,refined
3iae,data/refined_set\3iae\3iae_protein.pdb,data/refined_set\3iae\3iae_pocket.pdb,data/refined_set\3iae\3iae_ligand.mol2,mol2,True,,refined
3ibi,data/refined_set\3ibi\3ibi_protein.pdb,data/refined_set\3ibi\3ibi_pocket.pdb,data/refined_set\3ibi\3ibi_ligand.mol2,mol2,True,,refined
3ibl,data/refined_set\3ibl\3ibl_protein.pdb,data/refined_set\3ibl\3ibl_pocket.pdb,data/refined_set\3ibl\3ibl_ligand.mol2,mol2,True,,refined
3ibn,data/refined_set\3ibn\3ibn_protein.pdb,data/refined_set\3ibn\3ibn_pocket.pdb,data/refined_set\3ibn\3ibn_ligand.mol2,mol2,True,,refined
3ibu,data/refined_set\3ibu\3ibu_protein.pdb,data/refined_set\3ibu\3ibu_pocket.pdb,data/refined_set\3ibu\3ibu_ligand.mol2,mol2,True,,refined
3ies,data/refined_set\3ies\3ies_protein.pdb,data/refined_set\3ies\3ies_pocket.pdb,data/refined_set\3ies\3ies_ligand.mol2,mol2,True,,refined
3ifl,data/refined_set\3ifl\3ifl_protein.pdb,data/refined_set\3ifl\3ifl_pocket.pdb,data/refined_set\3ifl\3ifl_ligand.mol2,mol2,True,,refined
3igp,data/refined_set\3igp\3igp_protein.pdb,data/refined_set\3igp\3igp_pocket.pdb,data/refined_set\3igp\3igp_ligand.mol2,mol2,True,,refined
3ijh,data/refined_set\3ijh\3ijh_protein.pdb,data/refined_set\3ijh\3ijh_pocket.pdb,data/refined_set\3ijh\3ijh_ligand.mol2,mol2,True,,refined
3ikd,data/refined_set\3ikd\3ikd_protein.pdb,data/refined_set\3ikd\3ikd_pocket.pdb,data/refined_set\3ikd\3ikd_ligand.mol2,mol2,True,,refined
3ikg,data/refined_set\3ikg\3ikg_protein.pdb,data/refined_set\3ikg\3ikg_pocket.pdb,data/refined_set\3ikg\3ikg_ligand.mol2,mol2,True,,refined
3imc,data/refined_set\3imc\3imc_protein.pdb,data/refined_set\3imc\3imc_pocket.pdb,data/refined_set\3imc\3imc_ligand.mol2,mol2,True,,refined
3ime,data/refined_set\3ime\3ime_protein.pdb,data/refined_set\3ime\3ime_pocket.pdb,data/refined_set\3ime\3ime_ligand.mol2,mol2,True,,refined
3iob,data/refined_set\3iob\3iob_protein.pdb,data/refined_set\3iob\3iob_pocket.pdb,data/refined_set\3iob\3iob_ligand.mol2,mol2,True,,refined
3ioc,data/refined_set\3ioc\3ioc_protein.pdb,data/refined_set\3ioc\3ioc_pocket.pdb,data/refined_set\3ioc\3ioc_ligand.mol2,mol2,True,,refined
3iod,data/refined_set\3iod\3iod_protein.pdb,data/refined_set\3iod\3iod_pocket.pdb,data/refined_set\3iod\3iod_ligand.mol2,mol2,True,,refined
3ioe,data/refined_set\3ioe\3ioe_protein.pdb,data/refined_set\3ioe\3ioe_pocket.pdb,data/refined_set\3ioe\3ioe_ligand.mol2,mol2,True,,refined
3iof,data/refined_set\3iof\3iof_protein.pdb,data/refined_set\3iof\3iof_pocket.pdb,data/refined_set\3iof\3iof_ligand.mol2,mol2,True,,refined
3iog,data/refined_set\3iog\3iog_protein.pdb,data/refined_set\3iog\3iog_pocket.pdb,data/refined_set\3iog\3iog_ligand.mol2,mol2,True,,refined
3ip5,data/refined_set\3ip5\3ip5_protein.pdb,data/refined_set\3ip5\3ip5_pocket.pdb,data/refined_set\3ip5\3ip5_ligand.mol2,mol2,True,,refined
3ip6,data/refined_set\3ip6\3ip6_protein.pdb,data/refined_set\3ip6\3ip6_pocket.pdb,data/refined_set\3ip6\3ip6_ligand.mol2,mol2,True,,refined
3ip8,data/refined_set\3ip8\3ip8_protein.pdb,data/refined_set\3ip8\3ip8_pocket.pdb,data/refined_set\3ip8\3ip8_ligand.mol2,mol2,True,,refined
3ip9,data/refined_set\3ip9\3ip9_protein.pdb,data/refined_set\3ip9\3ip9_pocket.pdb,data/refined_set\3ip9\3ip9_ligand.mol2,mol2,True,,refined
3iph,data/refined_set\3iph\3iph_protein.pdb,data/refined_set\3iph\3iph_pocket.pdb,data/refined_set\3iph\3iph_ligand.mol2,mol2,True,,refined
3ipq,data/refined_set\3ipq\3ipq_protein.pdb,data/refined_set\3ipq\3ipq_pocket.pdb,data/refined_set\3ipq\3ipq_ligand.mol2,mol2,True,,refined
3ipu,data/refined_set\3ipu\3ipu_protein.pdb,data/refined_set\3ipu\3ipu_pocket.pdb,data/refined_set\3ipu\3ipu_ligand.mol2,mol2,True,,refined
3iqu,data/refined_set\3iqu\3iqu_protein.pdb,data/refined_set\3iqu\3iqu_pocket.pdb,data/refined_set\3iqu\3iqu_ligand.mol2,mol2,True,,refined
3isj,data/refined_set\3isj\3isj_protein.pdb,data/refined_set\3isj\3isj_pocket.pdb,data/refined_set\3isj\3isj_ligand.mol2,mol2,True,,refined
3iss,data/refined_set\3iss\3iss_protein.pdb,data/refined_set\3iss\3iss_pocket.pdb,data/refined_set\3iss\3iss_ligand.mol2,mol2,True,,refined
3iub,data/refined_set\3iub\3iub_protein.pdb,data/refined_set\3iub\3iub_pocket.pdb,data/refined_set\3iub\3iub_ligand.mol2,mol2,True,,refined
3iue,data/refined_set\3iue\3iue_protein.pdb,data/refined_set\3iue\3iue_pocket.pdb,data/refined_set\3iue\3iue_ligand.mol2,mol2,True,,refined
3ivc,data/refined_set\3ivc\3ivc_protein.pdb,data/refined_set\3ivc\3ivc_pocket.pdb,data/refined_set\3ivc\3ivc_ligand.mol2,mol2,True,,refined
3ivg,data/refined_set\3ivg\3ivg_protein.pdb,data/refined_set\3ivg\3ivg_pocket.pdb,data/refined_set\3ivg\3ivg_ligand.mol2,mol2,True,,refined
3ivx,data/refined_set\3ivx\3ivx_protein.pdb,data/refined_set\3ivx\3ivx_pocket.pdb,data/refined_set\3ivx\3ivx_ligand.mol2,mol2,True,,refined
3iw5,data/refined_set\3iw5\3iw5_protein.pdb,data/refined_set\3iw5\3iw5_pocket.pdb,data/refined_set\3iw5\3iw5_ligand.mol2,mol2,True,,refined
3iw6,data/refined_set\3iw6\3iw6_protein.pdb,data/refined_set\3iw6\3iw6_pocket.pdb,data/refined_set\3iw6\3iw6_ligand.mol2,mol2,True,,refined
3iww,data/refined_set\3iww\3iww_protein.pdb,data/refined_set\3iww\3iww_pocket.pdb,data/refined_set\3iww\3iww_ligand.mol2,mol2,True,,refined
3jdw,data/refined_set\3jdw\3jdw_protein.pdb,data/refined_set\3jdw\3jdw_pocket.pdb,data/refined_set\3jdw\3jdw_ligand.mol2,mol2,True,,refined
3jrs,data/refined_set\3jrs\3jrs_protein.pdb,data/refined_set\3jrs\3jrs_pocket.pdb,data/refined_set\3jrs\3jrs_ligand.mol2,mol2,True,,refined
3jrx,data/refined_set\3jrx\3jrx_protein.pdb,data/refined_set\3jrx\3jrx_pocket.pdb,data/refined_set\3jrx\3jrx_ligand.mol2,mol2,True,,refined
3juk,data/refined_set\3juk\3juk_protein.pdb,data/refined_set\3juk\3juk_pocket.pdb,data/refined_set\3juk\3juk_ligand.mol2,mol2,True,,refined
3juo,data/refined_set\3juo\3juo_protein.pdb,data/refined_set\3juo\3juo_pocket.pdb,data/refined_set\3juo\3juo_ligand.mol2,mol2,True,,refined
3jup,data/refined_set\3jup\3jup_protein.pdb,data/refined_set\3jup\3jup_pocket.pdb,data/refined_set\3jup\3jup_ligand.mol2,mol2,True,,refined
3jvr,data/refined_set\3jvr\3jvr_protein.pdb,data/refined_set\3jvr\3jvr_pocket.pdb,data/refined_set\3jvr\3jvr_ligand.mol2,mol2,True,,refined
3jvs,data/refined_set\3jvs\3jvs_protein.pdb,data/refined_set\3jvs\3jvs_pocket.pdb,data/refined_set\3jvs\3jvs_ligand.mol2,mol2,True,,refined
3jy0,data/refined_set\3jy0\3jy0_protein.pdb,data/refined_set\3jy0\3jy0_pocket.pdb,data/refined_set\3jy0\3jy0_ligand.mol2,mol2,True,,refined
3jya,data/refined_set\3jya\3jya_protein.pdb,data/refined_set\3jya\3jya_pocket.pdb,data/refined_set\3jya\3jya_ligand.mol2,mol2,True,,refined
3jyr,data/refined_set\3jyr\3jyr_protein.pdb,data/refined_set\3jyr\3jyr_pocket.pdb,data/refined_set\3jyr\3jyr_ligand.mol2,mol2,True,,refined
3jzh,data/refined_set\3jzh\3jzh_protein.pdb,data/refined_set\3jzh\3jzh_pocket.pdb,data/refined_set\3jzh\3jzh_ligand.mol2,mol2,True,,refined
3jzj,data/refined_set\3jzj\3jzj_protein.pdb,data/refined_set\3jzj\3jzj_pocket.pdb,data/refined_set\3jzj\3jzj_ligand.mol2,mol2,True,,refined
3k00,data/refined_set\3k00\3k00_protein.pdb,data/refined_set\3k00\3k00_pocket.pdb,data/refined_set\3k00\3k00_ligand.mol2,mol2,True,,refined
3k02,data/refined_set\3k02\3k02_protein.pdb,data/refined_set\3k02\3k02_pocket.pdb,data/refined_set\3k02\3k02_ligand.mol2,mol2,True,,refined
3k1j,data/refined_set\3k1j\3k1j_protein.pdb,data/refined_set\3k1j\3k1j_pocket.pdb,data/refined_set\3k1j\3k1j_ligand.mol2,mol2,True,,refined
3k2f,data/refined_set\3k2f\3k2f_protein.pdb,data/refined_set\3k2f\3k2f_pocket.pdb,data/refined_set\3k2f\3k2f_ligand.mol2,mol2,True,,refined
3k37,data/refined_set\3k37\3k37_protein.pdb,data/refined_set\3k37\3k37_pocket.pdb,data/refined_set\3k37\3k37_ligand.mol2,mol2,True,,refined
3k4d,data/refined_set\3k4d\3k4d_protein.pdb,data/refined_set\3k4d\3k4d_pocket.pdb,data/refined_set\3k4d\3k4d_ligand.mol2,mol2,True,,refined
3k4q,data/refined_set\3k4q\3k4q_protein.pdb,data/refined_set\3k4q\3k4q_pocket.pdb,data/refined_set\3k4q\3k4q_ligand.mol2,mol2,True,,refined
3k5v,data/refined_set\3k5v\3k5v_protein.pdb,data/refined_set\3k5v\3k5v_pocket.pdb,data/refined_set\3k5v\3k5v_ligand.mol2,mol2,True,,refined
3k5x,data/refined_set\3k5x\3k5x_protein.pdb,data/refined_set\3k5x\3k5x_pocket.pdb,data/refined_set\3k5x\3k5x_ligand.mol2,mol2,True,,refined
3k8c,data/refined_set\3k8c\3k8c_protein.pdb,data/refined_set\3k8c\3k8c_pocket.pdb,data/refined_set\3k8c\3k8c_ligand.mol2,mol2,True,,refined
3k8o,data/refined_set\3k8o\3k8o_protein.pdb,data/refined_set\3k8o\3k8o_pocket.pdb,data/refined_set\3k8o\3k8o_ligand.mol2,mol2,True,,refined
3k8q,data/refined_set\3k8q\3k8q_protein.pdb,data/refined_set\3k8q\3k8q_pocket.pdb,data/refined_set\3k8q\3k8q_ligand.mol2,mol2,True,,refined
3k97,data/refined_set\3k97\3k97_protein.pdb,data/refined_set\3k97\3k97_pocket.pdb,data/refined_set\3k97\3k97_ligand.mol2,mol2,True,,refined
3k99,data/refined_set\3k99\3k99_protein.pdb,data/refined_set\3k99\3k99_pocket.pdb,data/refined_set\3k99\3k99_ligand.mol2,mol2,True,,refined
3kdb,data/refined_set\3kdb\3kdb_protein.pdb,data/refined_set\3kdb\3kdb_pocket.pdb,data/refined_set\3kdb\3kdb_ligand.mol2,mol2,True,,refined
3kdc,data/refined_set\3kdc\3kdc_protein.pdb,data/refined_set\3kdc\3kdc_pocket.pdb,data/refined_set\3kdc\3kdc_ligand.mol2,mol2,True,,refined
3kdd,data/refined_set\3kdd\3kdd_protein.pdb,data/refined_set\3kdd\3kdd_pocket.pdb,data/refined_set\3kdd\3kdd_ligand.mol2,mol2,True,,refined
3kdm,data/refined_set\3kdm\3kdm_protein.pdb,data/refined_set\3kdm\3kdm_pocket.pdb,data/refined_set\3kdm\3kdm_ligand.mol2,mol2,True,,refined
3kek,data/refined_set\3kek\3kek_protein.pdb,data/refined_set\3kek\3kek_pocket.pdb,data/refined_set\3kek\3kek_ligand.mol2,mol2,True,,refined
3kgp,data/refined_set\3kgp\3kgp_protein.pdb,data/refined_set\3kgp\3kgp_pocket.pdb,data/refined_set\3kgp\3kgp_ligand.mol2,mol2,True,,refined
3kgq,data/refined_set\3kgq\3kgq_protein.pdb,data/refined_set\3kgq\3kgq_pocket.pdb,data/refined_set\3kgq\3kgq_ligand.mol2,mol2,True,,refined
3kgt,data/refined_set\3kgt\3kgt_protein.pdb,data/refined_set\3kgt\3kgt_pocket.pdb,data/refined_set\3kgt\3kgt_ligand.mol2,mol2,True,,refined
3kgu,data/refined_set\3kgu\3kgu_protein.pdb,data/refined_set\3kgu\3kgu_pocket.pdb,data/refined_set\3kgu\3kgu_ligand.mol2,mol2,True,,refined
3kiv,data/refined_set\3kiv\3kiv_protein.pdb,data/refined_set\3kiv\3kiv_pocket.pdb,data/refined_set\3kiv\3kiv_ligand.mol2,mol2,True,,refined
3kjd,data/refined_set\3kjd\3kjd_protein.pdb,data/refined_set\3kjd\3kjd_pocket.pdb,data/refined_set\3kjd\3kjd_ligand.mol2,mol2,True,,refined
3kku,data/refined_set\3kku\3kku_protein.pdb,data/refined_set\3kku\3kku_pocket.pdb,data/refined_set\3kku\3kku_ligand.mol2,mol2,True,,refined
3kmc,data/refined_set\3kmc\3kmc_protein.pdb,data/refined_set\3kmc\3kmc_pocket.pdb,data/refined_set\3kmc\3kmc_ligand.mol2,mol2,True,,refined
3kmx,data/refined_set\3kmx\3kmx_protein.pdb,data/refined_set\3kmx\3kmx_pocket.pdb,data/refined_set\3kmx\3kmx_ligand.mol2,mol2,True,,refined
3kmy,data/refined_set\3kmy\3kmy_protein.pdb,data/refined_set\3kmy\3kmy_pocket.pdb,data/refined_set\3kmy\3kmy_ligand.mol2,mol2,True,,refined
3kqr,data/refined_set\3kqr\3kqr_protein.pdb,data/refined_set\3kqr\3kqr_pocket.pdb,data/refined_set\3kqr\3kqr_ligand.mol2,mol2,True,,refined
3kr4,data/refined_set\3kr4\3kr4_protein.pdb,data/refined_set\3kr4\3kr4_pocket.pdb,data/refined_set\3kr4\3kr4_ligand.mol2,mol2,True,,refined
3kr8,data/refined_set\3kr8\3kr8_protein.pdb,data/refined_set\3kr8\3kr8_pocket.pdb,data/refined_set\3kr8\3kr8_ligand.mol2,mol2,True,,refined
3kv2,data/refined_set\3kv2\3kv2_protein.pdb,data/refined_set\3kv2\3kv2_pocket.pdb,data/refined_set\3kv2\3kv2_ligand.mol2,mol2,True,,refined
3kwa,data/refined_set\3kwa\3kwa_protein.pdb,data/refined_set\3kwa\3kwa_pocket.pdb,data/refined_set\3kwa\3kwa_ligand.mol2,mol2,True,,refined
3kyq,data/refined_set\3kyq\3kyq_protein.pdb,data/refined_set\3kyq\3kyq_pocket.pdb,data/refined_set\3kyq\3kyq_ligand.mol2,mol2,True,,refined
3l0v,data/refined_set\3l0v\3l0v_protein.pdb,data/refined_set\3l0v\3l0v_pocket.pdb,data/refined_set\3l0v\3l0v_ligand.mol2,mol2,True,,refined
3l3l,data/refined_set\3l3l\3l3l_protein.pdb,data/refined_set\3l3l\3l3l_pocket.pdb,data/refined_set\3l3l\3l3l_ligand.mol2,mol2,True,,refined
3l3m,data/refined_set\3l3m\3l3m_protein.pdb,data/refined_set\3l3m\3l3m_pocket.pdb,data/refined_set\3l3m\3l3m_ligand.mol2,mol2,True,,refined
3l3n,data/refined_set\3l3n\3l3n_protein.pdb,data/refined_set\3l3n\3l3n_pocket.pdb,data/refined_set\3l3n\3l3n_ligand.mol2,mol2,True,,refined
3l4u,data/refined_set\3l4u\3l4u_protein.pdb,data/refined_set\3l4u\3l4u_pocket.pdb,data/refined_set\3l4u\3l4u_ligand.mol2,mol2,True,,refined
3l4v,data/refined_set\3l4v\3l4v_protein.pdb,data/refined_set\3l4v\3l4v_pocket.pdb,data/refined_set\3l4v\3l4v_ligand.mol2,mol2,True,,refined
3l4w,data/refined_set\3l4w\3l4w_protein.pdb,data/refined_set\3l4w\3l4w_pocket.pdb,data/refined_set\3l4w\3l4w_ligand.mol2,mol2,True,,refined
3l4x,data/refined_set\3l4x\3l4x_protein.pdb,data/refined_set\3l4x\3l4x_pocket.pdb,data/refined_set\3l4x\3l4x_ligand.mol2,mol2,True,,refined
3l4y,data/refined_set\3l4y\3l4y_protein.pdb,data/refined_set\3l4y\3l4y_pocket.pdb,data/refined_set\3l4y\3l4y_ligand.mol2,mol2,True,,refined
3l4z,data/refined_set\3l4z\3l4z_protein.pdb,data/refined_set\3l4z\3l4z_pocket.pdb,data/refined_set\3l4z\3l4z_ligand.mol2,mol2,True,,refined
3l59,data/refined_set\3l59\3l59_protein.pdb,data/refined_set\3l59\3l59_pocket.pdb,data/refined_set\3l59\3l59_ligand.mol2,mol2,True,,refined
3ldp,data/refined_set\3ldp\3ldp_protein.pdb,data/refined_set\3ldp\3ldp_pocket.pdb,data/refined_set\3ldp\3ldp_ligand.mol2,mol2,True,,refined
3ldq,data/refined_set\3ldq\3ldq_protein.pdb,data/refined_set\3ldq\3ldq_pocket.pdb,data/refined_set\3ldq\3ldq_ligand.mol2,mol2,True,,refined
3le9,data/refined_set\3le9\3le9_protein.pdb,data/refined_set\3le9\3le9_pocket.pdb,data/refined_set\3le9\3le9_ligand.mol2,mol2,True,,refined
3lea,data/refined_set\3lea\3lea_protein.pdb,data/refined_set\3lea\3lea_pocket.pdb,data/refined_set\3lea\3lea_ligand.mol2,mol2,True,,refined
3lgs,data/refined_set\3lgs\3lgs_protein.pdb,data/refined_set\3lgs\3lgs_pocket.pdb,data/refined_set\3lgs\3lgs_ligand.mol2,mol2,True,,refined
3lir,data/refined_set\3lir\3lir_protein.pdb,data/refined_set\3lir\3lir_pocket.pdb,data/refined_set\3lir\3lir_ligand.mol2,mol2,True,,refined
3liw,data/refined_set\3liw\3liw_protein.pdb,data/refined_set\3liw\3liw_pocket.pdb,data/refined_set\3liw\3liw_ligand.mol2,mol2,True,,refined
3ljg,data/refined_set\3ljg\3ljg_protein.pdb,data/refined_set\3ljg\3ljg_pocket.pdb,data/refined_set\3ljg\3ljg_ligand.mol2,mol2,True,,refined
3ljo,data/refined_set\3ljo\3ljo_protein.pdb,data/refined_set\3ljo\3ljo_pocket.pdb,data/refined_set\3ljo\3ljo_ligand.mol2,mol2,True,,refined
3ljz,data/refined_set\3ljz\3ljz_protein.pdb,data/refined_set\3ljz\3ljz_pocket.pdb,data/refined_set\3ljz\3ljz_ligand.mol2,mol2,True,,refined
3lk8,data/refined_set\3lk8\3lk8_protein.pdb,data/refined_set\3lk8\3lk8_pocket.pdb,data/refined_set\3lk8\3lk8_ligand.mol2,mol2,True,,refined
3lka,data/refined_set\3lka\3lka_protein.pdb,data/refined_set\3lka\3lka_pocket.pdb,data/refined_set\3lka\3lka_ligand.mol2,mol2,True,,refined
3lmk,data/refined_set\3lmk\3lmk_protein.pdb,data/refined_set\3lmk\3lmk_pocket.pdb,data/refined_set\3lmk\3lmk_ligand.mol2,mol2,True,,refined
3lp4,data/refined_set\3lp4\3lp4_protein.pdb,data/refined_set\3lp4\3lp4_pocket.pdb,data/refined_set\3lp4\3lp4_ligand.mol2,mol2,True,,refined
3lp7,data/refined_set\3lp7\3lp7_protein.pdb,data/refined_set\3lp7\3lp7_pocket.pdb,data/refined_set\3lp7\3lp7_ligand.mol2,mol2,True,,refined
3lpi,data/refined_set\3lpi\3lpi_protein.pdb,data/refined_set\3lpi\3lpi_pocket.pdb,data/refined_set\3lpi\3lpi_ligand.mol2,mol2,True,,refined
3lpk,data/refined_set\3lpk\3lpk_protein.pdb,data/refined_set\3lpk\3lpk_pocket.pdb,data/refined_set\3lpk\3lpk_ligand.mol2,mol2,True,,refined
3lpl,data/refined_set\3lpl\3lpl_protein.pdb,data/refined_set\3lpl\3lpl_pocket.pdb,data/refined_set\3lpl\3lpl_ligand.mol2,mol2,True,,refined
3lpp,data/refined_set\3lpp\3lpp_protein.pdb,data/refined_set\3lpp\3lpp_pocket.pdb,data/refined_set\3lpp\3lpp_ligand.mol2,mol2,True,,refined
3lq2,data/refined_set\3lq2\3lq2_protein.pdb,data/refined_set\3lq2\3lq2_pocket.pdb,data/refined_set\3lq2\3lq2_ligand.mol2,mol2,True,,refined
3lvw,data/refined_set\3lvw\3lvw_protein.pdb,data/refined_set\3lvw\3lvw_pocket.pdb,data/refined_set\3lvw\3lvw_ligand.mol2,mol2,True,,refined
3lxe,data/refined_set\3lxe\3lxe_protein.pdb,data/refined_set\3lxe\3lxe_pocket.pdb,data/refined_set\3lxe\3lxe_ligand.mol2,mol2,True,,refined
3lxk,data/refined_set\3lxk\3lxk_protein.pdb,data/refined_set\3lxk\3lxk_pocket.pdb,data/refined_set\3lxk\3lxk_ligand.mol2,mol2,True,,refined
3lzs,data/refined_set\3lzs\3lzs_protein.pdb,data/refined_set\3lzs\3lzs_pocket.pdb,data/refined_set\3lzs\3lzs_ligand.mol2,mol2,True,,refined
3lzu,data/refined_set\3lzu\3lzu_protein.pdb,data/refined_set\3lzu\3lzu_pocket.pdb,data/refined_set\3lzu\3lzu_ligand.mol2,mol2,True,,refined
3lzz,data/refined_set\3lzz\3lzz_protein.pdb,data/refined_set\3lzz\3lzz_pocket.pdb,data/refined_set\3lzz\3lzz_ligand.mol2,mol2,True,,refined
3m1k,data/refined_set\3m1k\3m1k_protein.pdb,data/refined_set\3m1k\3m1k_pocket.pdb,data/refined_set\3m1k\3m1k_ligand.mol2,mol2,True,,refined
3m35,data/refined_set\3m35\3m35_protein.pdb,data/refined_set\3m35\3m35_pocket.pdb,data/refined_set\3m35\3m35_ligand.mol2,mol2,True,,refined
3m36,data/refined_set\3m36\3m36_protein.pdb,data/refined_set\3m36\3m36_pocket.pdb,data/refined_set\3m36\3m36_ligand.mol2,mol2,True,,refined
3m37,data/refined_set\3m37\3m37_protein.pdb,data/refined_set\3m37\3m37_pocket.pdb,data/refined_set\3m37\3m37_ligand.mol2,mol2,True,,refined
3m3c,data/refined_set\3m3c\3m3c_protein.pdb,data/refined_set\3m3c\3m3c_pocket.pdb,data/refined_set\3m3c\3m3c_ligand.mol2,mol2,True,,refined
3m3x,data/refined_set\3m3x\3m3x_protein.pdb,data/refined_set\3m3x\3m3x_pocket.pdb,data/refined_set\3m3x\3m3x_ligand.mol2,mol2,True,,refined
3m3z,data/refined_set\3m3z\3m3z_protein.pdb,data/refined_set\3m3z\3m3z_pocket.pdb,data/refined_set\3m3z\3m3z_ligand.mol2,mol2,True,,refined
3m40,data/refined_set\3m40\3m40_protein.pdb,data/refined_set\3m40\3m40_pocket.pdb,data/refined_set\3m40\3m40_ligand.mol2,mol2,True,,refined
3m5e,data/refined_set\3m5e\3m5e_protein.pdb,data/refined_set\3m5e\3m5e_pocket.pdb,data/refined_set\3m5e\3m5e_ligand.mol2,mol2,True,,refined
3m67,data/refined_set\3m67\3m67_protein.pdb,data/refined_set\3m67\3m67_pocket.pdb,data/refined_set\3m67\3m67_ligand.mol2,mol2,True,,refined
3m6r,data/refined_set\3m6r\3m6r_protein.pdb,data/refined_set\3m6r\3m6r_pocket.pdb,data/refined_set\3m6r\3m6r_ligand.mol2,mol2,True,,refined
3m8u,data/refined_set\3m8u\3m8u_protein.pdb,data/refined_set\3m8u\3m8u_pocket.pdb,data/refined_set\3m8u\3m8u_ligand.mol2,mol2,True,,refined
3m96,data/refined_set\3m96\3m96_protein.pdb,data/refined_set\3m96\3m96_pocket.pdb,data/refined_set\3m96\3m96_ligand.mol2,mol2,True,,refined
3mam,data/refined_set\3mam\3mam_protein.pdb,data/refined_set\3mam\3mam_pocket.pdb,data/refined_set\3mam\3mam_ligand.mol2,mol2,True,,refined
3mdz,data/refined_set\3mdz\3mdz_protein.pdb,data/refined_set\3mdz\3mdz_pocket.pdb,data/refined_set\3mdz\3mdz_ligand.mol2,mol2,True,,refined
3mf5,data/refined_set\3mf5\3mf5_protein.pdb,data/refined_set\3mf5\3mf5_pocket.pdb,data/refined_set\3mf5\3mf5_ligand.mol2,mol2,True,,refined
3mfv,data/refined_set\3mfv\3mfv_protein.pdb,data/refined_set\3mfv\3mfv_pocket.pdb,data/refined_set\3mfv\3mfv_ligand.mol2,mol2,True,,refined
3mfw,data/refined_set\3mfw\3mfw_protein.pdb,data/refined_set\3mfw\3mfw_pocket.pdb,data/refined_set\3mfw\3mfw_ligand.mol2,mol2,True,,refined
3mhc,data/refined_set\3mhc\3mhc_protein.pdb,data/refined_set\3mhc\3mhc_pocket.pdb,data/refined_set\3mhc\3mhc_ligand.mol2,mol2,True,,refined
3mhi,data/refined_set\3mhi\3mhi_protein.pdb,data/refined_set\3mhi\3mhi_pocket.pdb,data/refined_set\3mhi\3mhi_ligand.mol2,mol2,True,,refined
3mhl,data/refined_set\3mhl\3mhl_protein.pdb,data/refined_set\3mhl\3mhl_pocket.pdb,data/refined_set\3mhl\3mhl_ligand.mol2,mol2,True,,refined
3mhm,data/refined_set\3mhm\3mhm_protein.pdb,data/refined_set\3mhm\3mhm_pocket.pdb,data/refined_set\3mhm\3mhm_ligand.mol2,mol2,True,,refined
3mho,data/refined_set\3mho\3mho_protein.pdb,data/refined_set\3mho\3mho_pocket.pdb,data/refined_set\3mho\3mho_ligand.mol2,mol2,True,,refined
3mhw,data/refined_set\3mhw\3mhw_protein.pdb,data/refined_set\3mhw\3mhw_pocket.pdb,data/refined_set\3mhw\3mhw_ligand.mol2,mol2,True,,refined
3mi2,data/refined_set\3mi2\3mi2_protein.pdb,data/refined_set\3mi2\3mi2_pocket.pdb,data/refined_set\3mi2\3mi2_ligand.mol2,mol2,True,,refined
3mi3,data/refined_set\3mi3\3mi3_protein.pdb,data/refined_set\3mi3\3mi3_pocket.pdb,data/refined_set\3mi3\3mi3_ligand.mol2,mol2,True,,refined
3miy,data/refined_set\3miy\3miy_protein.pdb,data/refined_set\3miy\3miy_pocket.pdb,data/refined_set\3miy\3miy_ligand.mol2,mol2,True,,refined
3mjl,data/refined_set\3mjl\3mjl_protein.pdb,data/refined_set\3mjl\3mjl_pocket.pdb,data/refined_set\3mjl\3mjl_ligand.mol2,mol2,True,,refined
3ml2,data/refined_set\3ml2\3ml2_protein.pdb,data/refined_set\3ml2\3ml2_pocket.pdb,data/refined_set\3ml2\3ml2_ligand.mol2,mol2,True,,refined
3ml5,data/refined_set\3ml5\3ml5_protein.pdb,data/refined_set\3ml5\3ml5_pocket.pdb,data/refined_set\3ml5\3ml5_ligand.mol2,mol2,True,,refined
3mmf,data/refined_set\3mmf\3mmf_protein.pdb,data/refined_set\3mmf\3mmf_pocket.pdb,data/refined_set\3mmf\3mmf_ligand.mol2,mol2,True,,refined
3mna,data/refined_set\3mna\3mna_protein.pdb,data/refined_set\3mna\3mna_pocket.pdb,data/refined_set\3mna\3mna_ligand.mol2,mol2,True,,refined
3mof,data/refined_set\3mof\3mof_protein.pdb,data/refined_set\3mof\3mof_pocket.pdb,data/refined_set\3mof\3mof_ligand.mol2,mol2,True,,refined
3ms9,data/refined_set\3ms9\3ms9_protein.pdb,data/refined_set\3ms9\3ms9_pocket.pdb,data/refined_set\3ms9\3ms9_ligand.mol2,mol2,True,,refined
3mss,data/refined_set\3mss\3mss_protein.pdb,data/refined_set\3mss\3mss_pocket.pdb,data/refined_set\3mss\3mss_ligand.mol2,mol2,True,,refined
3muz,data/refined_set\3muz\3muz_protein.pdb,data/refined_set\3muz\3muz_pocket.pdb,data/refined_set\3muz\3muz_ligand.mol2,mol2,True,,refined
3mv0,data/refined_set\3mv0\3mv0_protein.pdb,data/refined_set\3mv0\3mv0_pocket.pdb,data/refined_set\3mv0\3mv0_ligand.mol2,mol2,True,,refined
3mxd,data/refined_set\3mxd\3mxd_protein.pdb,data/refined_set\3mxd\3mxd_pocket.pdb,data/refined_set\3mxd\3mxd_ligand.mol2,mol2,True,,refined
3mxe,data/refined_set\3mxe\3mxe_protein.pdb,data/refined_set\3mxe\3mxe_pocket.pdb,data/refined_set\3mxe\3mxe_ligand.mol2,mol2,True,,refined
3myg,data/refined_set\3myg\3myg_protein.pdb,data/refined_set\3myg\3myg_pocket.pdb,data/refined_set\3myg\3myg_ligand.mol2,mol2,True,,refined
3myq,data/refined_set\3myq\3myq_protein.pdb,data/refined_set\3myq\3myq_pocket.pdb,data/refined_set\3myq\3myq_ligand.mol2,mol2,True,,refined
3mz6,data/refined_set\3mz6\3mz6_protein.pdb,data/refined_set\3mz6\3mz6_pocket.pdb,data/refined_set\3mz6\3mz6_ligand.mol2,mol2,True,,refined
3mzc,data/refined_set\3mzc\3mzc_protein.pdb,data/refined_set\3mzc\3mzc_pocket.pdb,data/refined_set\3mzc\3mzc_ligand.mol2,mol2,True,,refined
3n0n,data/refined_set\3n0n\3n0n_protein.pdb,data/refined_set\3n0n\3n0n_pocket.pdb,data/refined_set\3n0n\3n0n_ligand.mol2,mol2,True,,refined
3n1c,data/refined_set\3n1c\3n1c_protein.pdb,data/refined_set\3n1c\3n1c_pocket.pdb,data/refined_set\3n1c\3n1c_ligand.mol2,mol2,True,,refined
3n2p,data/refined_set\3n2p\3n2p_protein.pdb,data/refined_set\3n2p\3n2p_pocket.pdb,data/refined_set\3n2p\3n2p_ligand.mol2,mol2,True,,refined
3n2u,data/refined_set\3n2u\3n2u_protein.pdb,data/refined_set\3n2u\3n2u_pocket.pdb,data/refined_set\3n2u\3n2u_ligand.mol2,mol2,True,,refined
3n2v,data/refined_set\3n2v\3n2v_protein.pdb,data/refined_set\3n2v\3n2v_pocket.pdb,data/refined_set\3n2v\3n2v_ligand.mol2,mol2,True,,refined
3n35,data/refined_set\3n35\3n35_protein.pdb,data/refined_set\3n35\3n35_pocket.pdb,data/refined_set\3n35\3n35_ligand.mol2,mol2,True,,refined
3n3g,data/refined_set\3n3g\3n3g_protein.pdb,data/refined_set\3n3g\3n3g_pocket.pdb,data/refined_set\3n3g\3n3g_ligand.mol2,mol2,True,,refined
3n3j,data/refined_set\3n3j\3n3j_protein.pdb,data/refined_set\3n3j\3n3j_pocket.pdb,data/refined_set\3n3j\3n3j_ligand.mol2,mol2,True,,refined
3n4b,data/refined_set\3n4b\3n4b_protein.pdb,data/refined_set\3n4b\3n4b_pocket.pdb,data/refined_set\3n4b\3n4b_ligand.mol2,mol2,True,,refined
3n76,data/refined_set\3n76\3n76_protein.pdb,data/refined_set\3n76\3n76_pocket.pdb,data/refined_set\3n76\3n76_ligand.mol2,mol2,True,,refined
3n7a,data/refined_set\3n7a\3n7a_protein.pdb,data/refined_set\3n7a\3n7a_pocket.pdb,data/refined_set\3n7a\3n7a_ligand.mol2,mol2,True,,refined
3n7o,data/refined_set\3n7o\3n7o_protein.pdb,data/refined_set\3n7o\3n7o_pocket.pdb,data/refined_set\3n7o\3n7o_ligand.mol2,mol2,True,,refined
3n86,data/refined_set\3n86\3n86_protein.pdb,data/refined_set\3n86\3n86_pocket.pdb,data/refined_set\3n86\3n86_ligand.mol2,mol2,True,,refined
3n8k,data/refined_set\3n8k\3n8k_protein.pdb,data/refined_set\3n8k\3n8k_pocket.pdb,data/refined_set\3n8k\3n8k_ligand.mol2,mol2,True,,refined
3n9r,data/refined_set\3n9r\3n9r_protein.pdb,data/refined_set\3n9r\3n9r_pocket.pdb,data/refined_set\3n9r\3n9r_ligand.mol2,mol2,True,,refined
3n9s,data/refined_set\3n9s\3n9s_protein.pdb,data/refined_set\3n9s\3n9s_pocket.pdb,data/refined_set\3n9s\3n9s_ligand.mol2,mol2,True,,refined
3nb5,data/refined_set\3nb5\3nb5_protein.pdb,data/refined_set\3nb5\3nb5_pocket.pdb,data/refined_set\3nb5\3nb5_ligand.mol2,mol2,True,,refined
3nee,data/refined_set\3nee\3nee_protein.pdb,data/refined_set\3nee\3nee_pocket.pdb,data/refined_set\3nee\3nee_ligand.mol2,mol2,True,,refined
3neo,data/refined_set\3neo\3neo_protein.pdb,data/refined_set\3neo\3neo_pocket.pdb,data/refined_set\3neo\3neo_ligand.mol2,mol2,True,,refined
3nes,data/refined_set\3nes\3nes_protein.pdb,data/refined_set\3nes\3nes_pocket.pdb,data/refined_set\3nes\3nes_ligand.mol2,mol2,True,,refined
3nex,data/refined_set\3nex\3nex_protein.pdb,data/refined_set\3nex\3nex_pocket.pdb,data/refined_set\3nex\3nex_ligand.mol2,mol2,True,,refined
3ng4,data/refined_set\3ng4\3ng4_protein.pdb,data/refined_set\3ng4\3ng4_pocket.pdb,data/refined_set\3ng4\3ng4_ligand.mol2,mol2,True,,refined
3nhi,data/refined_set\3nhi\3nhi_protein.pdb,data/refined_set\3nhi\3nhi_pocket.pdb,data/refined_set\3nhi\3nhi_ligand.mol2,mol2,True,,refined
3nht,data/refined_set\3nht\3nht_protein.pdb,data/refined_set\3nht\3nht_pocket.pdb,data/refined_set\3nht\3nht_ligand.mol2,mol2,True,,refined
3ni5,data/refined_set\3ni5\3ni5_protein.pdb,data/refined_set\3ni5\3ni5_pocket.pdb,data/refined_set\3ni5\3ni5_ligand.mol2,mol2,True,,refined
3nik,data/refined_set\3nik\3nik_protein.pdb,data/refined_set\3nik\3nik_pocket.pdb,data/refined_set\3nik\3nik_ligand.mol2,mol2,True,,refined
3nim,data/refined_set\3nim\3nim_protein.pdb,data/refined_set\3nim\3nim_pocket.pdb,data/refined_set\3nim\3nim_ligand.mol2,mol2,True,,refined
3nkk,data/refined_set\3nkk\3nkk_protein.pdb,data/refined_set\3nkk\3nkk_pocket.pdb,data/refined_set\3nkk\3nkk_ligand.mol2,mol2,True,,refined
3nox,data/refined_set\3nox\3nox_protein.pdb,data/refined_set\3nox\3nox_pocket.pdb,data/refined_set\3nox\3nox_ligand.mol2,mol2,True,,refined
3npc,data/refined_set\3npc\3npc_protein.pdb,data/refined_set\3npc\3npc_pocket.pdb,data/refined_set\3npc\3npc_ligand.mol2,mol2,True,,refined
3nq3,data/refined_set\3nq3\3nq3_protein.pdb,data/refined_set\3nq3\3nq3_pocket.pdb,data/refined_set\3nq3\3nq3_ligand.mol2,mol2,True,,refined
3nq9,data/refined_set\3nq9\3nq9_protein.pdb,data/refined_set\3nq9\3nq9_pocket.pdb,data/refined_set\3nq9\3nq9_ligand.mol2,mol2,True,,refined
3nsn,data/refined_set\3nsn\3nsn_protein.pdb,data/refined_set\3nsn\3nsn_pocket.pdb,data/refined_set\3nsn\3nsn_ligand.mol2,mol2,True,,refined
3nu3,data/refined_set\3nu3\3nu3_protein.pdb,data/refined_set\3nu3\3nu3_pocket.pdb,data/refined_set\3nu3\3nu3_ligand.mol2,mol2,True,,refined
3nu4,data/refined_set\3nu4\3nu4_protein.pdb,data/refined_set\3nu4\3nu4_pocket.pdb,data/refined_set\3nu4\3nu4_ligand.mol2,mol2,True,,refined
3nu5,data/refined_set\3nu5\3nu5_protein.pdb,data/refined_set\3nu5\3nu5_pocket.pdb,data/refined_set\3nu5\3nu5_ligand.mol2,mol2,True,,refined
3nu6,data/refined_set\3nu6\3nu6_protein.pdb,data/refined_set\3nu6\3nu6_pocket.pdb,data/refined_set\3nu6\3nu6_ligand.mol2,mol2,True,,refined
3nu9,data/refined_set\3nu9\3nu9_protein.pdb,data/refined_set\3nu9\3nu9_pocket.pdb,data/refined_set\3nu9\3nu9_ligand.mol2,mol2,True,,refined
3nuj,data/refined_set\3nuj\3nuj_protein.pdb,data/refined_set\3nuj\3nuj_pocket.pdb,data/refined_set\3nuj\3nuj_ligand.mol2,mol2,True,,refined
3nuo,data/refined_set\3nuo\3nuo_protein.pdb,data/refined_set\3nuo\3nuo_pocket.pdb,data/refined_set\3nuo\3nuo_ligand.mol2,mol2,True,,refined
3nw3,data/refined_set\3nw3\3nw3_protein.pdb,data/refined_set\3nw3\3nw3_pocket.pdb,data/refined_set\3nw3\3nw3_ligand.mol2,mol2,True,,refined
3nx7,data/refined_set\3nx7\3nx7_protein.pdb,data/refined_set\3nx7\3nx7_pocket.pdb,data/refined_set\3nx7\3nx7_ligand.mol2,mol2,True,,refined
3nxq,data/refined_set\3nxq\3nxq_protein.pdb,data/refined_set\3nxq\3nxq_pocket.pdb,data/refined_set\3nxq\3nxq_ligand.mol2,mol2,True,,refined
3nyd,data/refined_set\3nyd\3nyd_protein.pdb,data/refined_set\3nyd\3nyd_pocket.pdb,data/refined_set\3nyd\3nyd_ligand.mol2,mol2,True,,refined
3nyx,data/refined_set\3nyx\3nyx_protein.pdb,data/refined_set\3nyx\3nyx_pocket.pdb,data/refined_set\3nyx\3nyx_ligand.mol2,mol2,True,,refined
3nzk,data/refined_set\3nzk\3nzk_protein.pdb,data/refined_set\3nzk\3nzk_pocket.pdb,data/refined_set\3nzk\3nzk_ligand.mol2,mol2,True,,refined
3o4k,data/refined_set\3o4k\3o4k_protein.pdb,data/refined_set\3o4k\3o4k_pocket.pdb,data/refined_set\3o4k\3o4k_ligand.mol2,mol2,True,,refined
3o56,data/refined_set\3o56\3o56_protein.pdb,data/refined_set\3o56\3o56_pocket.pdb,data/refined_set\3o56\3o56_ligand.mol2,mol2,True,,refined
3o5n,data/refined_set\3o5n\3o5n_protein.pdb,data/refined_set\3o5n\3o5n_pocket.pdb,data/refined_set\3o5n\3o5n_ligand.mol2,mol2,True,,refined
3o5x,data/refined_set\3o5x\3o5x_protein.pdb,data/refined_set\3o5x\3o5x_pocket.pdb,data/refined_set\3o5x\3o5x_ligand.mol2,mol2,True,,refined
3o75,data/refined_set\3o75\3o75_protein.pdb,data/refined_set\3o75\3o75_pocket.pdb,data/refined_set\3o75\3o75_ligand.mol2,mol2,True,,refined
3o7u,data/refined_set\3o7u\3o7u_protein.pdb,data/refined_set\3o7u\3o7u_pocket.pdb,data/refined_set\3o7u\3o7u_ligand.mol2,mol2,True,,refined
3o84,data/refined_set\3o84\3o84_protein.pdb,data/refined_set\3o84\3o84_pocket.pdb,data/refined_set\3o84\3o84_ligand.mol2,mol2,True,,refined
3o8p,data/refined_set\3o8p\3o8p_protein.pdb,data/refined_set\3o8p\3o8p_pocket.pdb,data/refined_set\3o8p\3o8p_ligand.mol2,mol2,True,,refined
3o99,data/refined_set\3o99\3o99_protein.pdb,data/refined_set\3o99\3o99_pocket.pdb,data/refined_set\3o99\3o99_ligand.mol2,mol2,True,,refined
3o9a,data/refined_set\3o9a\3o9a_protein.pdb,data/refined_set\3o9a\3o9a_pocket.pdb,data/refined_set\3o9a\3o9a_ligand.mol2,mol2,True,,refined
3o9d,data/refined_set\3o9d\3o9d_protein.pdb,data/refined_set\3o9d\3o9d_pocket.pdb,data/refined_set\3o9d\3o9d_ligand.mol2,mol2,True,,refined
3o9e,data/refined_set\3o9e\3o9e_protein.pdb,data/refined_set\3o9e\3o9e_pocket.pdb,data/refined_set\3o9e\3o9e_ligand.mol2,mol2,True,,refined
3o9i,data/refined_set\3o9i\3o9i_protein.pdb,data/refined_set\3o9i\3o9i_pocket.pdb,data/refined_set\3o9i\3o9i_ligand.mol2,mol2,True,,refined
3o9p,data/refined_set\3o9p\3o9p_protein.pdb,data/refined_set\3o9p\3o9p_pocket.pdb,data/refined_set\3o9p\3o9p_ligand.mol2,mol2,True,,refined
3oaf,data/refined_set\3oaf\3oaf_protein.pdb,data/refined_set\3oaf\3oaf_pocket.pdb,data/refined_set\3oaf\3oaf_ligand.mol2,mol2,True,,refined
3ocp,data/refined_set\3ocp\3ocp_protein.pdb,data/refined_set\3ocp\3ocp_pocket.pdb,data/refined_set\3ocp\3ocp_ligand.mol2,mol2,True,,refined
3ocz,data/refined_set\3ocz\3ocz_protein.pdb,data/refined_set\3ocz\3ocz_pocket.pdb,data/refined_set\3ocz\3ocz_ligand.mol2,mol2,True,,refined
3oe4,data/refined_set\3oe4\3oe4_protein.pdb,data/refined_set\3oe4\3oe4_pocket.pdb,data/refined_set\3oe4\3oe4_ligand.mol2,mol2,True,,refined
3oe5,data/refined_set\3oe5\3oe5_protein.pdb,data/refined_set\3oe5\3oe5_pocket.pdb,data/refined_set\3oe5\3oe5_ligand.mol2,mol2,True,,refined
3ohi,data/refined_set\3ohi\3ohi_protein.pdb,data/refined_set\3ohi\3ohi_pocket.pdb,data/refined_set\3ohi\3ohi_ligand.mol2,mol2,True,,refined
3oil,data/refined_set\3oil\3oil_protein.pdb,data/refined_set\3oil\3oil_pocket.pdb,data/refined_set\3oil\3oil_ligand.mol2,mol2,True,,refined
3oim,data/refined_set\3oim\3oim_protein.pdb,data/refined_set\3oim\3oim_pocket.pdb,data/refined_set\3oim\3oim_ligand.mol2,mol2,True,,refined
3ok9,data/refined_set\3ok9\3ok9_protein.pdb,data/refined_set\3ok9\3ok9_pocket.pdb,data/refined_set\3ok9\3ok9_ligand.mol2,mol2,True,,refined
3oku,data/refined_set\3oku\3oku_protein.pdb,data/refined_set\3oku\3oku_pocket.pdb,data/refined_set\3oku\3oku_ligand.mol2,mol2,True,,refined
3old,data/refined_set\3old\3old_protein.pdb,data/refined_set\3old\3old_pocket.pdb,data/refined_set\3old\3old_ligand.mol2,mol2,True,,refined
3ouj,data/refined_set\3ouj\3ouj_protein.pdb,data/refined_set\3ouj\3ouj_pocket.pdb,data/refined_set\3ouj\3ouj_ligand.mol2,mol2,True,,refined
3ov1,data/refined_set\3ov1\3ov1_protein.pdb,data/refined_set\3ov1\3ov1_pocket.pdb,data/refined_set\3ov1\3ov1_ligand.mol2,mol2,True,,refined
3ove,data/refined_set\3ove\3ove_protein.pdb,data/refined_set\3ove\3ove_pocket.pdb,data/refined_set\3ove\3ove_ligand.mol2,mol2,True,,refined
3ovn,data/refined_set\3ovn\3ovn_protein.pdb,data/refined_set\3ovn\3ovn_pocket.pdb,data/refined_set\3ovn\3ovn_ligand.mol2,mol2,True,,refined
3owj,data/refined_set\3owj\3owj_protein.pdb,data/refined_set\3owj\3owj_pocket.pdb,data/refined_set\3owj\3owj_ligand.mol2,mol2,True,,refined
3own,data/refined_set\3own\3own_protein.pdb,data/refined_set\3own\3own_pocket.pdb,data/refined_set\3own\3own_ligand.mol2,mol2,True,,refined
3oy0,data/refined_set\3oy0\3oy0_protein.pdb,data/refined_set\3oy0\3oy0_pocket.pdb,data/refined_set\3oy0\3oy0_ligand.mol2,mol2,True,,refined
3oy8,data/refined_set\3oy8\3oy8_protein.pdb,data/refined_set\3oy8\3oy8_pocket.pdb,data/refined_set\3oy8\3oy8_ligand.mol2,mol2,True,,refined
3oyq,data/refined_set\3oyq\3oyq_protein.pdb,data/refined_set\3oyq\3oyq_pocket.pdb,data/refined_set\3oyq\3oyq_ligand.mol2,mol2,True,,refined
3oyw,data/refined_set\3oyw\3oyw_protein.pdb,data/refined_set\3oyw\3oyw_pocket.pdb,data/refined_set\3oyw\3oyw_ligand.mol2,mol2,True,,refined
3ozg,data/refined_set\3ozg\3ozg_protein.pdb,data/refined_set\3ozg\3ozg_pocket.pdb,data/refined_set\3ozg\3ozg_ligand.mol2,mol2,True,,refined
3ozj,data/refined_set\3ozj\3ozj_protein.pdb,data/refined_set\3ozj\3ozj_pocket.pdb,data/refined_set\3ozj\3ozj_ligand.mol2,mol2,True,,refined
3ozp,data/refined_set\3ozp\3ozp_protein.pdb,data/refined_set\3ozp\3ozp_pocket.pdb,data/refined_set\3ozp\3ozp_ligand.mol2,mol2,True,,refined
3ozr,data/refined_set\3ozr\3ozr_protein.pdb,data/refined_set\3ozr\3ozr_pocket.pdb,data/refined_set\3ozr\3ozr_ligand.mol2,mol2,True,,refined
3ozs,data/refined_set\3ozs\3ozs_protein.pdb,data/refined_set\3ozs\3ozs_pocket.pdb,data/refined_set\3ozs\3ozs_ligand.mol2,mol2,True,,refined
3ozt,data/refined_set\3ozt\3ozt_protein.pdb,data/refined_set\3ozt\3ozt_pocket.pdb,data/refined_set\3ozt\3ozt_ligand.mol2,mol2,True,,refined
3p17,data/refined_set\3p17\3p17_protein.pdb,data/refined_set\3p17\3p17_pocket.pdb,data/refined_set\3p17\3p17_ligand.mol2,mol2,True,,refined
3p2e,data/refined_set\3p2e\3p2e_protein.pdb,data/refined_set\3p2e\3p2e_pocket.pdb,data/refined_set\3p2e\3p2e_ligand.mol2,mol2,True,,refined
3p3g,data/refined_set\3p3g\3p3g_protein.pdb,data/refined_set\3p3g\3p3g_pocket.pdb,data/refined_set\3p3g\3p3g_ligand.mol2,mol2,True,,refined
3p3r,data/refined_set\3p3r\3p3r_protein.pdb,data/refined_set\3p3r\3p3r_pocket.pdb,data/refined_set\3p3r\3p3r_ligand.mol2,mol2,True,,refined
3p3s,data/refined_set\3p3s\3p3s_protein.pdb,data/refined_set\3p3s\3p3s_pocket.pdb,data/refined_set\3p3s\3p3s_ligand.mol2,mol2,True,,refined
3p3t,data/refined_set\3p3t\3p3t_protein.pdb,data/refined_set\3p3t\3p3t_pocket.pdb,data/refined_set\3p3t\3p3t_ligand.mol2,mol2,True,,refined
3p4v,data/refined_set\3p4v\3p4v_protein.pdb,data/refined_set\3p4v\3p4v_pocket.pdb,data/refined_set\3p4v\3p4v_ligand.mol2,mol2,True,,refined
3p58,data/refined_set\3p58\3p58_protein.pdb,data/refined_set\3p58\3p58_pocket.pdb,data/refined_set\3p58\3p58_ligand.mol2,mol2,True,,refined
3p5l,data/refined_set\3p5l\3p5l_protein.pdb,data/refined_set\3p5l\3p5l_pocket.pdb,data/refined_set\3p5l\3p5l_ligand.mol2,mol2,True,,refined
3p5o,data/refined_set\3p5o\3p5o_protein.pdb,data/refined_set\3p5o\3p5o_pocket.pdb,data/refined_set\3p5o\3p5o_ligand.mol2,mol2,True,,refined
3p7i,data/refined_set\3p7i\3p7i_protein.pdb,data/refined_set\3p7i\3p7i_pocket.pdb,data/refined_set\3p7i\3p7i_ligand.mol2,mol2,True,,refined
3p8n,data/refined_set\3p8n\3p8n_protein.pdb,data/refined_set\3p8n\3p8n_pocket.pdb,data/refined_set\3p8n\3p8n_ligand.mol2,mol2,True,,refined
3p8o,data/refined_set\3p8o\3p8o_protein.pdb,data/refined_set\3p8o\3p8o_pocket.pdb,data/refined_set\3p8o\3p8o_ligand.mol2,mol2,True,,refined
3p8p,data/refined_set\3p8p\3p8p_protein.pdb,data/refined_set\3p8p\3p8p_pocket.pdb,data/refined_set\3p8p\3p8p_ligand.mol2,mol2,True,,refined
3p8z,data/refined_set\3p8z\3p8z_protein.pdb,data/refined_set\3p8z\3p8z_pocket.pdb,data/refined_set\3p8z\3p8z_ligand.mol2,mol2,True,,refined
3p9l,data/refined_set\3p9l\3p9l_protein.pdb,data/refined_set\3p9l\3p9l_pocket.pdb,data/refined_set\3p9l\3p9l_ligand.mol2,mol2,True,,refined
3p9m,data/refined_set\3p9m\3p9m_protein.pdb,data/refined_set\3p9m\3p9m_pocket.pdb,data/refined_set\3p9m\3p9m_ligand.mol2,mol2,True,,refined
3pb7,data/refined_set\3pb7\3pb7_protein.pdb,data/refined_set\3pb7\3pb7_pocket.pdb,data/refined_set\3pb7\3pb7_ligand.mol2,mol2,True,,refined
3pb8,data/refined_set\3pb8\3pb8_protein.pdb,data/refined_set\3pb8\3pb8_pocket.pdb,data/refined_set\3pb8\3pb8_ligand.mol2,mol2,True,,refined
3pb9,data/refined_set\3pb9\3pb9_protein.pdb,data/refined_set\3pb9\3pb9_pocket.pdb,data/refined_set\3pb9\3pb9_ligand.mol2,mol2,True,,refined
3pbb,data/refined_set\3pbb\3pbb_protein.pdb,data/refined_set\3pbb\3pbb_pocket.pdb,data/refined_set\3pbb\3pbb_ligand.mol2,mol2,True,,refined
3pce,data/refined_set\3pce\3pce_protein.pdb,data/refined_set\3pce\3pce_pocket.pdb,data/refined_set\3pce\3pce_ligand.mol2,mol2,True,,refined
3pcf,data/refined_set\3pcf\3pcf_protein.pdb,data/refined_set\3pcf\3pcf_pocket.pdb,data/refined_set\3pcf\3pcf_ligand.mol2,mol2,True,,refined
3pcg,data/refined_set\3pcg\3pcg_protein.pdb,data/refined_set\3pcg\3pcg_pocket.pdb,data/refined_set\3pcg\3pcg_ligand.mol2,mol2,True,,refined
3pcj,data/refined_set\3pcj\3pcj_protein.pdb,data/refined_set\3pcj\3pcj_pocket.pdb,data/refined_set\3pcj\3pcj_ligand.mol2,mol2,True,,refined
3pck,data/refined_set\3pck\3pck_protein.pdb,data/refined_set\3pck\3pck_pocket.pdb,data/refined_set\3pck\3pck_ligand.mol2,mol2,True,,refined
3pcn,data/refined_set\3pcn\3pcn_protein.pdb,data/refined_set\3pcn\3pcn_pocket.pdb,data/refined_set\3pcn\3pcn_ligand.mol2,mol2,True,,refined
3pd8,data/refined_set\3pd8\3pd8_protein.pdb,data/refined_set\3pd8\3pd8_pocket.pdb,data/refined_set\3pd8\3pd8_ligand.mol2,mol2,True,,refined
3pd9,data/refined_set\3pd9\3pd9_protein.pdb,data/refined_set\3pd9\3pd9_pocket.pdb,data/refined_set\3pd9\3pd9_ligand.mol2,mol2,True,,refined
3pe1,data/refined_set\3pe1\3pe1_protein.pdb,data/refined_set\3pe1\3pe1_pocket.pdb,data/refined_set\3pe1\3pe1_ligand.mol2,mol2,True,,refined
3pe2,data/refined_set\3pe2\3pe2_protein.pdb,data/refined_set\3pe2\3pe2_pocket.pdb,data/refined_set\3pe2\3pe2_ligand.mol2,mol2,True,,refined
3pfp,data/refined_set\3pfp\3pfp_protein.pdb,data/refined_set\3pfp\3pfp_pocket.pdb,data/refined_set\3pfp\3pfp_ligand.mol2,mol2,True,,refined
3pgl,data/refined_set\3pgl\3pgl_protein.pdb,data/refined_set\3pgl\3pgl_pocket.pdb,data/refined_set\3pgl\3pgl_ligand.mol2,mol2,True,,refined
3pgu,data/refined_set\3pgu\3pgu_protein.pdb,data/refined_set\3pgu\3pgu_pocket.pdb,data/refined_set\3pgu\3pgu_ligand.mol2,mol2,True,,refined
3pju,data/refined_set\3pju\3pju_protein.pdb,data/refined_set\3pju\3pju_pocket.pdb,data/refined_set\3pju\3pju_ligand.mol2,mol2,True,,refined
3pn1,data/refined_set\3pn1\3pn1_protein.pdb,data/refined_set\3pn1\3pn1_pocket.pdb,data/refined_set\3pn1\3pn1_ligand.mol2,mol2,True,,refined
3pn4,data/refined_set\3pn4\3pn4_protein.pdb,data/refined_set\3pn4\3pn4_pocket.pdb,data/refined_set\3pn4\3pn4_ligand.mol2,mol2,True,,refined
3po1,data/refined_set\3po1\3po1_protein.pdb,data/refined_set\3po1\3po1_pocket.pdb,data/refined_set\3po1\3po1_ligand.mol2,mol2,True,,refined
3po6,data/refined_set\3po6\3po6_protein.pdb,data/refined_set\3po6\3po6_pocket.pdb,data/refined_set\3po6\3po6_ligand.mol2,mol2,True,,refined
3ppm,data/refined_set\3ppm\3ppm_protein.pdb,data/refined_set\3ppm\3ppm_pocket.pdb,data/refined_set\3ppm\3ppm_ligand.mol2,mol2,True,,refined
3ppp,data/refined_set\3ppp\3ppp_protein.pdb,data/refined_set\3ppp\3ppp_pocket.pdb,data/refined_set\3ppp\3ppp_ligand.mol2,mol2,True,,refined
3ppq,data/refined_set\3ppq\3ppq_protein.pdb,data/refined_set\3ppq\3ppq_pocket.pdb,data/refined_set\3ppq\3ppq_ligand.mol2,mol2,True,,refined
3ppr,data/refined_set\3ppr\3ppr_protein.pdb,data/refined_set\3ppr\3ppr_pocket.pdb,data/refined_set\3ppr\3ppr_ligand.mol2,mol2,True,,refined
3prs,data/refined_set\3prs\3prs_protein.pdb,data/refined_set\3prs\3prs_pocket.pdb,data/refined_set\3prs\3prs_ligand.mol2,mol2,True,,refined
3ps1,data/refined_set\3ps1\3ps1_protein.pdb,data/refined_set\3ps1\3ps1_pocket.pdb,data/refined_set\3ps1\3ps1_ligand.mol2,mol2,True,,refined
3pwd,data/refined_set\3pwd\3pwd_protein.pdb,data/refined_set\3pwd\3pwd_pocket.pdb,data/refined_set\3pwd\3pwd_ligand.mol2,mol2,True,,refined
3pwk,data/refined_set\3pwk\3pwk_protein.pdb,data/refined_set\3pwk\3pwk_pocket.pdb,data/refined_set\3pwk\3pwk_ligand.mol2,mol2,True,,refined
3pwm,data/refined_set\3pwm\3pwm_protein.pdb,data/refined_set\3pwm\3pwm_pocket.pdb,data/refined_set\3pwm\3pwm_ligand.mol2,mol2,True,,refined
3pww,data/refined_set\3pww\3pww_protein.pdb,data/refined_set\3pww\3pww_pocket.pdb,data/refined_set\3pww\3pww_ligand.mol2,mol2,True,,refined
3pyy,data/refined_set\3pyy\3pyy_protein.pdb,data/refined_set\3pyy\3pyy_pocket.pdb,data/refined_set\3pyy\3pyy_ligand.mol2,mol2,True,,refined
3q1x,data/refined_set\3q1x\3q1x_protein.pdb,data/refined_set\3q1x\3q1x_pocket.pdb,data/refined_set\3q1x\3q1x_ligand.mol2,mol2,True,,refined
3q2j,data/refined_set\3q2j\3q2j_protein.pdb,data/refined_set\3q2j\3q2j_pocket.pdb,data/refined_set\3q2j\3q2j_ligand.mol2,mol2,True,,refined
3q44,data/refined_set\3q44\3q44_protein.pdb,data/refined_set\3q44\3q44_pocket.pdb,data/refined_set\3q44\3q44_ligand.mol2,mol2,True,,refined
3q6w,data/refined_set\3q6w\3q6w_protein.pdb,data/refined_set\3q6w\3q6w_pocket.pdb,data/refined_set\3q6w\3q6w_ligand.mol2,mol2,True,,refined
3q6z,data/refined_set\3q6z\3q6z_protein.pdb,data/refined_set\3q6z\3q6z_pocket.pdb,data/refined_set\3q6z\3q6z_ligand.mol2,mol2,True,,refined
3q71,data/refined_set\3q71\3q71_protein.pdb,data/refined_set\3q71\3q71_pocket.pdb,data/refined_set\3q71\3q71_ligand.mol2,mol2,True,,refined
3q7q,data/refined_set\3q7q\3q7q_protein.pdb,data/refined_set\3q7q\3q7q_pocket.pdb,data/refined_set\3q7q\3q7q_ligand.mol2,mol2,True,,refined
3qaa,data/refined_set\3qaa\3qaa_protein.pdb,data/refined_set\3qaa\3qaa_pocket.pdb,data/refined_set\3qaa\3qaa_ligand.mol2,mol2,True,,refined
3qbc,data/refined_set\3qbc\3qbc_protein.pdb,data/refined_set\3qbc\3qbc_pocket.pdb,data/refined_set\3qbc\3qbc_ligand.mol2,mol2,True,,refined
3qdd,data/refined_set\3qdd\3qdd_protein.pdb,data/refined_set\3qdd\3qdd_pocket.pdb,data/refined_set\3qdd\3qdd_ligand.mol2,mol2,True,,refined
3qfd,data/refined_set\3qfd\3qfd_protein.pdb,data/refined_set\3qfd\3qfd_pocket.pdb,data/refined_set\3qfd\3qfd_ligand.mol2,mol2,True,,refined
3qfy,data/refined_set\3qfy\3qfy_protein.pdb,data/refined_set\3qfy\3qfy_pocket.pdb,data/refined_set\3qfy\3qfy_ligand.mol2,mol2,True,,refined
3qfz,data/refined_set\3qfz\3qfz_protein.pdb,data/refined_set\3qfz\3qfz_pocket.pdb,data/refined_set\3qfz\3qfz_ligand.mol2,mol2,True,,refined
3qgw,data/refined_set\3qgw\3qgw_protein.pdb,data/refined_set\3qgw\3qgw_pocket.pdb,data/refined_set\3qgw\3qgw_ligand.mol2,mol2,True,,refined
3qgy,data/refined_set\3qgy\3qgy_protein.pdb,data/refined_set\3qgy\3qgy_pocket.pdb,data/refined_set\3qgy\3qgy_ligand.mol2,mol2,True,,refined
3qkd,data/refined_set\3qkd\3qkd_protein.pdb,data/refined_set\3qkd\3qkd_pocket.pdb,data/refined_set\3qkd\3qkd_ligand.mol2,mol2,True,,refined
3qlm,data/refined_set\3qlm\3qlm_protein.pdb,data/refined_set\3qlm\3qlm_pocket.pdb,data/refined_set\3qlm\3qlm_ligand.mol2,mol2,True,,refined
3qox,data/refined_set\3qox\3qox_protein.pdb,data/refined_set\3qox\3qox_pocket.pdb,data/refined_set\3qox\3qox_ligand.mol2,mol2,True,,refined
3qps,data/refined_set\3qps\3qps_protein.pdb,data/refined_set\3qps\3qps_pocket.pdb,data/refined_set\3qps\3qps_ligand.mol2,mol2,True,,refined
3qqa,data/refined_set\3qqa\3qqa_protein.pdb,data/refined_set\3qqa\3qqa_pocket.pdb,data/refined_set\3qqa\3qqa_ligand.mol2,mol2,True,,refined
3qqs,data/refined_set\3qqs\3qqs_protein.pdb,data/refined_set\3qqs\3qqs_pocket.pdb,data/refined_set\3qqs\3qqs_ligand.mol2,mol2,True,,refined
3qt6,data/refined_set\3qt6\3qt6_protein.pdb,data/refined_set\3qt6\3qt6_pocket.pdb,data/refined_set\3qt6\3qt6_ligand.mol2,mol2,True,,refined
3qto,data/refined_set\3qto\3qto_protein.pdb,data/refined_set\3qto\3qto_pocket.pdb,data/refined_set\3qto\3qto_ligand.mol2,mol2,True,,refined
3qtv,data/refined_set\3qtv\3qtv_protein.pdb,data/refined_set\3qtv\3qtv_pocket.pdb,data/refined_set\3qtv\3qtv_ligand.mol2,mol2,True,,refined
3qw5,data/refined_set\3qw5\3qw5_protein.pdb,data/refined_set\3qw5\3qw5_pocket.pdb,data/refined_set\3qw5\3qw5_ligand.mol2,mol2,True,,refined
3qwc,data/refined_set\3qwc\3qwc_protein.pdb,data/refined_set\3qwc\3qwc_pocket.pdb,data/refined_set\3qwc\3qwc_ligand.mol2,mol2,True,,refined
3qx5,data/refined_set\3qx5\3qx5_protein.pdb,data/refined_set\3qx5\3qx5_pocket.pdb,data/refined_set\3qx5\3qx5_ligand.mol2,mol2,True,,refined
3qx9,data/refined_set\3qx9\3qx9_protein.pdb,data/refined_set\3qx9\3qx9_pocket.pdb,data/refined_set\3qx9\3qx9_ligand.mol2,mol2,True,,refined
3qxt,data/refined_set\3qxt\3qxt_protein.pdb,data/refined_set\3qxt\3qxt_pocket.pdb,data/refined_set\3qxt\3qxt_ligand.mol2,mol2,True,,refined
3qxv,data/refined_set\3qxv\3qxv_protein.pdb,data/refined_set\3qxv\3qxv_pocket.pdb,data/refined_set\3qxv\3qxv_ligand.mol2,mol2,True,,refined
3r16,data/refined_set\3r16\3r16_protein.pdb,data/refined_set\3r16\3r16_pocket.pdb,data/refined_set\3r16\3r16_ligand.mol2,mol2,True,,refined
3r17,data/refined_set\3r17\3r17_protein.pdb,data/refined_set\3r17\3r17_pocket.pdb,data/refined_set\3r17\3r17_ligand.mol2,mol2,True,,refined
3r1v,data/refined_set\3r1v\3r1v_protein.pdb,data/refined_set\3r1v\3r1v_pocket.pdb,data/refined_set\3r1v\3r1v_ligand.mol2,mol2,True,,refined
3r24,data/refined_set\3r24\3r24_protein.pdb,data/refined_set\3r24\3r24_pocket.pdb,data/refined_set\3r24\3r24_ligand.mol2,mol2,True,,refined
3r4m,data/refined_set\3r4m\3r4m_protein.pdb,data/refined_set\3r4m\3r4m_pocket.pdb,data/refined_set\3r4m\3r4m_ligand.mol2,mol2,True,,refined
3r4n,data/refined_set\3r4n\3r4n_protein.pdb,data/refined_set\3r4n\3r4n_pocket.pdb,data/refined_set\3r4n\3r4n_ligand.mol2,mol2,True,,refined
3r4p,data/refined_set\3r4p\3r4p_protein.pdb,data/refined_set\3r4p\3r4p_pocket.pdb,data/refined_set\3r4p\3r4p_ligand.mol2,mol2,True,,refined
3r5t,data/refined_set\3r5t\3r5t_protein.pdb,data/refined_set\3r5t\3r5t_pocket.pdb,data/refined_set\3r5t\3r5t_ligand.mol2,mol2,True,,refined
3r6u,data/refined_set\3r6u\3r6u_protein.pdb,data/refined_set\3r6u\3r6u_pocket.pdb,data/refined_set\3r6u\3r6u_ligand.mol2,mol2,True,,refined
3r7o,data/refined_set\3r7o\3r7o_protein.pdb,data/refined_set\3r7o\3r7o_pocket.pdb,data/refined_set\3r7o\3r7o_ligand.mol2,mol2,True,,refined
3r88,data/refined_set\3r88\3r88_protein.pdb,data/refined_set\3r88\3r88_pocket.pdb,data/refined_set\3r88\3r88_ligand.mol2,mol2,True,,refined
3rbu,data/refined_set\3rbu\3rbu_protein.pdb,data/refined_set\3rbu\3rbu_pocket.pdb,data/refined_set\3rbu\3rbu_ligand.mol2,mol2,True,,refined
3rdo,data/refined_set\3rdo\3rdo_protein.pdb,data/refined_set\3rdo\3rdo_pocket.pdb,data/refined_set\3rdo\3rdo_ligand.mol2,mol2,True,,refined
3rdq,data/refined_set\3rdq\3rdq_protein.pdb,data/refined_set\3rdq\3rdq_pocket.pdb,data/refined_set\3rdq\3rdq_ligand.mol2,mol2,True,,refined
3re4,data/refined_set\3re4\3re4_protein.pdb,data/refined_set\3re4\3re4_pocket.pdb,data/refined_set\3re4\3re4_ligand.mol2,mol2,True,,refined
3rf4,data/refined_set\3rf4\3rf4_protein.pdb,data/refined_set\3rf4\3rf4_pocket.pdb,data/refined_set\3rf4\3rf4_ligand.mol2,mol2,True,,refined
3rf5,data/refined_set\3rf5\3rf5_protein.pdb,data/refined_set\3rf5\3rf5_pocket.pdb,data/refined_set\3rf5\3rf5_ligand.mol2,mol2,True,,refined
3rlb,data/refined_set\3rlb\3rlb_protein.pdb,data/refined_set\3rlb\3rlb_pocket.pdb,data/refined_set\3rlb\3rlb_ligand.mol2,mol2,True,,refined
3rlp,data/refined_set\3rlp\3rlp_protein.pdb,data/refined_set\3rlp\3rlp_pocket.pdb,data/refined_set\3rlp\3rlp_ligand.mol2,mol2,True,,refined
3rlq,data/refined_set\3rlq\3rlq_protein.pdb,data/refined_set\3rlq\3rlq_pocket.pdb,data/refined_set\3rlq\3rlq_ligand.mol2,mol2,True,,refined
3rlr,data/refined_set\3rlr\3rlr_protein.pdb,data/refined_set\3rlr\3rlr_pocket.pdb,data/refined_set\3rlr\3rlr_ligand.mol2,mol2,True,,refined
3rm4,data/refined_set\3rm4\3rm4_protein.pdb,data/refined_set\3rm4\3rm4_pocket.pdb,data/refined_set\3rm4\3rm4_ligand.mol2,mol2,True,,refined
3rm9,data/refined_set\3rm9\3rm9_protein.pdb,data/refined_set\3rm9\3rm9_pocket.pdb,data/refined_set\3rm9\3rm9_ligand.mol2,mol2,True,,refined
3roc,data/refined_set\3roc\3roc_protein.pdb,data/refined_set\3roc\3roc_pocket.pdb,data/refined_set\3roc\3roc_ligand.mol2,mol2,True,,refined
3rr4,data/refined_set\3rr4\3rr4_protein.pdb,data/refined_set\3rr4\3rr4_pocket.pdb,data/refined_set\3rr4\3rr4_ligand.mol2,mol2,True,,refined
3rsx,data/refined_set\3rsx\3rsx_protein.pdb,data/refined_set\3rsx\3rsx_pocket.pdb,data/refined_set\3rsx\3rsx_ligand.mol2,mol2,True,,refined
3rt8,data/refined_set\3rt8\3rt8_protein.pdb,data/refined_set\3rt8\3rt8_pocket.pdb,data/refined_set\3rt8\3rt8_ligand.mol2,mol2,True,,refined
3rtf,data/refined_set\3rtf\3rtf_protein.pdb,data/refined_set\3rtf\3rtf_pocket.pdb,data/refined_set\3rtf\3rtf_ligand.mol2,mol2,True,,refined
3ru1,data/refined_set\3ru1\3ru1_protein.pdb,data/refined_set\3ru1\3ru1_pocket.pdb,data/refined_set\3ru1\3ru1_ligand.mol2,mol2,True,,refined
3rux,data/refined_set\3rux\3rux_protein.pdb,data/refined_set\3rux\3rux_pocket.pdb,data/refined_set\3rux\3rux_ligand.mol2,mol2,True,,refined
3rv4,data/refined_set\3rv4\3rv4_protein.pdb,data/refined_set\3rv4\3rv4_pocket.pdb,data/refined_set\3rv4\3rv4_ligand.mol2,mol2,True,,refined
3rv8,data/refined_set\3rv8\3rv8_protein.pdb,data/refined_set\3rv8\3rv8_pocket.pdb,data/refined_set\3rv8\3rv8_ligand.mol2,mol2,True,,refined
3rwp,data/refined_set\3rwp\3rwp_protein.pdb,data/refined_set\3rwp\3rwp_pocket.pdb,data/refined_set\3rwp\3rwp_ligand.mol2,mol2,True,,refined
3ryj,data/refined_set\3ryj\3ryj_protein.pdb,data/refined_set\3ryj\3ryj_pocket.pdb,data/refined_set\3ryj\3ryj_ligand.mol2,mol2,True,,refined
3ryv,data/refined_set\3ryv\3ryv_protein.pdb,data/refined_set\3ryv\3ryv_pocket.pdb,data/refined_set\3ryv\3ryv_ligand.mol2,mol2,True,,refined
3ryx,data/refined_set\3ryx\3ryx_protein.pdb,data/refined_set\3ryx\3ryx_pocket.pdb,data/refined_set\3ryx\3ryx_ligand.mol2,mol2,True,,refined
3ryy,data/refined_set\3ryy\3ryy_protein.pdb,data/refined_set\3ryy\3ryy_pocket.pdb,data/refined_set\3ryy\3ryy_ligand.mol2,mol2,True,,refined
3ryz,data/refined_set\3ryz\3ryz_protein.pdb,data/refined_set\3ryz\3ryz_pocket.pdb,data/refined_set\3ryz\3ryz_ligand.mol2,mol2,True,,refined
3rz0,data/refined_set\3rz0\3rz0_protein.pdb,data/refined_set\3rz0\3rz0_pocket.pdb,data/refined_set\3rz0\3rz0_ligand.mol2,mol2,True,,refined
3rz1,data/refined_set\3rz1\3rz1_protein.pdb,data/refined_set\3rz1\3rz1_pocket.pdb,data/refined_set\3rz1\3rz1_ligand.mol2,mol2,True,,refined
3rz5,data/refined_set\3rz5\3rz5_protein.pdb,data/refined_set\3rz5\3rz5_pocket.pdb,data/refined_set\3rz5\3rz5_ligand.mol2,mol2,True,,refined
3rz7,data/refined_set\3rz7\3rz7_protein.pdb,data/refined_set\3rz7\3rz7_pocket.pdb,data/refined_set\3rz7\3rz7_ligand.mol2,mol2,True,,refined
3rz8,data/refined_set\3rz8\3rz8_protein.pdb,data/refined_set\3rz8\3rz8_pocket.pdb,data/refined_set\3rz8\3rz8_ligand.mol2,mol2,True,,refined
3s0b,data/refined_set\3s0b\3s0b_protein.pdb,data/refined_set\3s0b\3s0b_pocket.pdb,data/refined_set\3s0b\3s0b_ligand.mol2,mol2,True,,refined
3s0d,data/refined_set\3s0d\3s0d_protein.pdb,data/refined_set\3s0d\3s0d_pocket.pdb,data/refined_set\3s0d\3s0d_ligand.mol2,mol2,True,,refined
3s0e,data/refined_set\3s0e\3s0e_protein.pdb,data/refined_set\3s0e\3s0e_pocket.pdb,data/refined_set\3s0e\3s0e_ligand.mol2,mol2,True,,refined
3s2v,data/refined_set\3s2v\3s2v_protein.pdb,data/refined_set\3s2v\3s2v_pocket.pdb,data/refined_set\3s2v\3s2v_ligand.mol2,mol2,True,,refined
3s43,data/refined_set\3s43\3s43_protein.pdb,data/refined_set\3s43\3s43_pocket.pdb,data/refined_set\3s43\3s43_ligand.mol2,mol2,True,,refined
3s45,data/refined_set\3s45\3s45_protein.pdb,data/refined_set\3s45\3s45_pocket.pdb,data/refined_set\3s45\3s45_ligand.mol2,mol2,True,,refined
3s54,data/refined_set\3s54\3s54_protein.pdb,data/refined_set\3s54\3s54_pocket.pdb,data/refined_set\3s54\3s54_ligand.mol2,mol2,True,,refined
3s5y,data/refined_set\3s5y\3s5y_protein.pdb,data/refined_set\3s5y\3s5y_pocket.pdb,data/refined_set\3s5y\3s5y_ligand.mol2,mol2,True,,refined
3s6t,data/refined_set\3s6t\3s6t_protein.pdb,data/refined_set\3s6t\3s6t_pocket.pdb,data/refined_set\3s6t\3s6t_ligand.mol2,mol2,True,,refined
3s71,data/refined_set\3s71\3s71_protein.pdb,data/refined_set\3s71\3s71_pocket.pdb,data/refined_set\3s71\3s71_ligand.mol2,mol2,True,,refined
3s72,data/refined_set\3s72\3s72_protein.pdb,data/refined_set\3s72\3s72_pocket.pdb,data/refined_set\3s72\3s72_ligand.mol2,mol2,True,,refined
3s73,data/refined_set\3s73\3s73_protein.pdb,data/refined_set\3s73\3s73_pocket.pdb,data/refined_set\3s73\3s73_ligand.mol2,mol2,True,,refined
3s75,data/refined_set\3s75\3s75_protein.pdb,data/refined_set\3s75\3s75_pocket.pdb,data/refined_set\3s75\3s75_ligand.mol2,mol2,True,,refined
3s76,data/refined_set\3s76\3s76_protein.pdb,data/refined_set\3s76\3s76_pocket.pdb,data/refined_set\3s76\3s76_ligand.mol2,mol2,True,,refined
3s77,data/refined_set\3s77\3s77_protein.pdb,data/refined_set\3s77\3s77_pocket.pdb,data/refined_set\3s77\3s77_ligand.mol2,mol2,True,,refined
3s78,data/refined_set\3s78\3s78_protein.pdb,data/refined_set\3s78\3s78_pocket.pdb,data/refined_set\3s78\3s78_ligand.mol2,mol2,True,,refined
3s8l,data/refined_set\3s8l\3s8l_protein.pdb,data/refined_set\3s8l\3s8l_pocket.pdb,data/refined_set\3s8l\3s8l_ligand.mol2,mol2,True,,refined
3s8n,data/refined_set\3s8n\3s8n_protein.pdb,data/refined_set\3s8n\3s8n_pocket.pdb,data/refined_set\3s8n\3s8n_ligand.mol2,mol2,True,,refined
3s8o,data/refined_set\3s8o\3s8o_protein.pdb,data/refined_set\3s8o\3s8o_pocket.pdb,data/refined_set\3s8o\3s8o_ligand.mol2,mol2,True,,refined
3s9e,data/refined_set\3s9e\3s9e_protein.pdb,data/refined_set\3s9e\3s9e_pocket.pdb,data/refined_set\3s9e\3s9e_ligand.mol2,mol2,True,,refined
3sfg,data/refined_set\3sfg\3sfg_protein.pdb,data/refined_set\3sfg\3sfg_pocket.pdb,data/refined_set\3sfg\3sfg_ligand.mol2,mol2,True,,refined
3sha,data/refined_set\3sha\3sha_protein.pdb,data/refined_set\3sha\3sha_pocket.pdb,data/refined_set\3sha\3sha_ligand.mol2,mol2,True,,refined
3shc,data/refined_set\3shc\3shc_protein.pdb,data/refined_set\3shc\3shc_pocket.pdb,data/refined_set\3shc\3shc_ligand.mol2,mol2,True,,refined
3si3,data/refined_set\3si3\3si3_protein.pdb,data/refined_set\3si3\3si3_pocket.pdb,data/refined_set\3si3\3si3_ligand.mol2,mol2,True,,refined
3si4,data/refined_set\3si4\3si4_protein.pdb,data/refined_set\3si4\3si4_pocket.pdb,data/refined_set\3si4\3si4_ligand.mol2,mol2,True,,refined
3sio,data/refined_set\3sio\3sio_protein.pdb,data/refined_set\3sio\3sio_pocket.pdb,data/refined_set\3sio\3sio_ligand.mol2,mol2,True,,refined
3sjf,data/refined_set\3sjf\3sjf_protein.pdb,data/refined_set\3sjf\3sjf_pocket.pdb,data/refined_set\3sjf\3sjf_ligand.mol2,mol2,True,,refined
3sk2,data/refined_set\3sk2\3sk2_protein.pdb,data/refined_set\3sk2\3sk2_pocket.pdb,data/refined_set\3sk2\3sk2_ligand.mol2,mol2,True,,refined
3slz,data/refined_set\3slz\3slz_protein.pdb,data/refined_set\3slz\3slz_pocket.pdb,data/refined_set\3slz\3slz_ligand.mol2,mol2,True,,refined
3sm2,data/refined_set\3sm2\3sm2_protein.pdb,data/refined_set\3sm2\3sm2_pocket.pdb,data/refined_set\3sm2\3sm2_ligand.mol2,mol2,True,,refined
3spf,data/refined_set\3spf\3spf_protein.pdb,data/refined_set\3spf\3spf_pocket.pdb,data/refined_set\3spf\3spf_ligand.mol2,mol2,True,,refined
3sr4,data/refined_set\3sr4\3sr4_protein.pdb,data/refined_set\3sr4\3sr4_pocket.pdb,data/refined_set\3sr4\3sr4_ligand.mol2,mol2,True,,refined
3st5,data/refined_set\3st5\3st5_protein.pdb,data/refined_set\3st5\3st5_pocket.pdb,data/refined_set\3st5\3st5_ligand.mol2,mol2,True,,refined
3std,data/refined_set\3std\3std_protein.pdb,data/refined_set\3std\3std_pocket.pdb,data/refined_set\3std\3std_ligand.mol2,mol2,True,,refined
3str,data/refined_set\3str\3str_protein.pdb,data/refined_set\3str\3str_pocket.pdb,data/refined_set\3str\3str_ligand.mol2,mol2,True,,refined
3su0,data/refined_set\3su0\3su0_protein.pdb,data/refined_set\3su0\3su0_pocket.pdb,data/refined_set\3su0\3su0_ligand.mol2,mol2,True,,refined
3su1,data/refined_set\3su1\3su1_protein.pdb,data/refined_set\3su1\3su1_pocket.pdb,data/refined_set\3su1\3su1_ligand.mol2,mol2,True,,refined
3su2,data/refined_set\3su2\3su2_protein.pdb,data/refined_set\3su2\3su2_pocket.pdb,data/refined_set\3su2\3su2_ligand.mol2,mol2,True,,refined
3su3,data/refined_set\3su3\3su3_protein.pdb,data/refined_set\3su3\3su3_pocket.pdb,data/refined_set\3su3\3su3_ligand.mol2,mol2,True,,refined
3su4,data/refined_set\3su4\3su4_protein.pdb,data/refined_set\3su4\3su4_pocket.pdb,data/refined_set\3su4\3su4_ligand.mol2,mol2,True,,refined
3su5,data/refined_set\3su5\3su5_protein.pdb,data/refined_set\3su5\3su5_pocket.pdb,data/refined_set\3su5\3su5_ligand.mol2,mol2,True,,refined
3su6,data/refined_set\3su6\3su6_protein.pdb,data/refined_set\3su6\3su6_pocket.pdb,data/refined_set\3su6\3su6_ligand.mol2,mol2,True,,refined
3sue,data/refined_set\3sue\3sue_protein.pdb,data/refined_set\3sue\3sue_pocket.pdb,data/refined_set\3sue\3sue_ligand.mol2,mol2,True,,refined
3suf,data/refined_set\3suf\3suf_protein.pdb,data/refined_set\3suf\3suf_pocket.pdb,data/refined_set\3suf\3suf_ligand.mol2,mol2,True,,refined
3sug,data/refined_set\3sug\3sug_protein.pdb,data/refined_set\3sug\3sug_pocket.pdb,data/refined_set\3sug\3sug_ligand.mol2,mol2,True,,refined
3sur,data/refined_set\3sur\3sur_protein.pdb,data/refined_set\3sur\3sur_pocket.pdb,data/refined_set\3sur\3sur_ligand.mol2,mol2,True,,refined
3sus,data/refined_set\3sus\3sus_protein.pdb,data/refined_set\3sus\3sus_pocket.pdb,data/refined_set\3sus\3sus_ligand.mol2,mol2,True,,refined
3sut,data/refined_set\3sut\3sut_protein.pdb,data/refined_set\3sut\3sut_pocket.pdb,data/refined_set\3sut\3sut_ligand.mol2,mol2,True,,refined
3suu,data/refined_set\3suu\3suu_protein.pdb,data/refined_set\3suu\3suu_pocket.pdb,data/refined_set\3suu\3suu_ligand.mol2,mol2,True,,refined
3suv,data/refined_set\3suv\3suv_protein.pdb,data/refined_set\3suv\3suv_pocket.pdb,data/refined_set\3suv\3suv_ligand.mol2,mol2,True,,refined
3suw,data/refined_set\3suw\3suw_protein.pdb,data/refined_set\3suw\3suw_pocket.pdb,data/refined_set\3suw\3suw_ligand.mol2,mol2,True,,refined
3sv2,data/refined_set\3sv2\3sv2_protein.pdb,data/refined_set\3sv2\3sv2_pocket.pdb,data/refined_set\3sv2\3sv2_ligand.mol2,mol2,True,,refined
3sw8,data/refined_set\3sw8\3sw8_protein.pdb,data/refined_set\3sw8\3sw8_pocket.pdb,data/refined_set\3sw8\3sw8_ligand.mol2,mol2,True,,refined
3sww,data/refined_set\3sww\3sww_protein.pdb,data/refined_set\3sww\3sww_pocket.pdb,data/refined_set\3sww\3sww_ligand.mol2,mol2,True,,refined
3sxf,data/refined_set\3sxf\3sxf_protein.pdb,data/refined_set\3sxf\3sxf_pocket.pdb,data/refined_set\3sxf\3sxf_ligand.mol2,mol2,True,,refined
3t01,data/refined_set\3t01\3t01_protein.pdb,data/refined_set\3t01\3t01_pocket.pdb,data/refined_set\3t01\3t01_ligand.mol2,mol2,True,,refined
3t08,data/refined_set\3t08\3t08_protein.pdb,data/refined_set\3t08\3t08_pocket.pdb,data/refined_set\3t08\3t08_ligand.mol2,mol2,True,,refined
3t09,data/refined_set\3t09\3t09_protein.pdb,data/refined_set\3t09\3t09_pocket.pdb,data/refined_set\3t09\3t09_ligand.mol2,mol2,True,,refined
3t0b,data/refined_set\3t0b\3t0b_protein.pdb,data/refined_set\3t0b\3t0b_pocket.pdb,data/refined_set\3t0b\3t0b_ligand.mol2,mol2,True,,refined
3t0d,data/refined_set\3t0d\3t0d_protein.pdb,data/refined_set\3t0d\3t0d_pocket.pdb,data/refined_set\3t0d\3t0d_ligand.mol2,mol2,True,,refined
3t0x,data/refined_set\3t0x\3t0x_protein.pdb,data/refined_set\3t0x\3t0x_pocket.pdb,data/refined_set\3t0x\3t0x_ligand.mol2,mol2,True,,refined
3t1a,data/refined_set\3t1a\3t1a_protein.pdb,data/refined_set\3t1a\3t1a_pocket.pdb,data/refined_set\3t1a\3t1a_ligand.mol2,mol2,True,,refined
3t1m,data/refined_set\3t1m\3t1m_protein.pdb,data/refined_set\3t1m\3t1m_pocket.pdb,data/refined_set\3t1m\3t1m_ligand.mol2,mol2,True,,refined
3t2q,data/refined_set\3t2q\3t2q_protein.pdb,data/refined_set\3t2q\3t2q_pocket.pdb,data/refined_set\3t2q\3t2q_ligand.mol2,mol2,True,,refined
3t2w,data/refined_set\3t2w\3t2w_protein.pdb,data/refined_set\3t2w\3t2w_pocket.pdb,data/refined_set\3t2w\3t2w_ligand.mol2,mol2,True,,refined
3t3c,data/refined_set\3t3c\3t3c_protein.pdb,data/refined_set\3t3c\3t3c_pocket.pdb,data/refined_set\3t3c\3t3c_ligand.mol2,mol2,True,,refined
3t3u,data/refined_set\3t3u\3t3u_protein.pdb,data/refined_set\3t3u\3t3u_pocket.pdb,data/refined_set\3t3u\3t3u_ligand.mol2,mol2,True,,refined
3t5u,data/refined_set\3t5u\3t5u_protein.pdb,data/refined_set\3t5u\3t5u_pocket.pdb,data/refined_set\3t5u\3t5u_ligand.mol2,mol2,True,,refined
3t60,data/refined_set\3t60\3t60_protein.pdb,data/refined_set\3t60\3t60_pocket.pdb,data/refined_set\3t60\3t60_ligand.mol2,mol2,True,,refined
3t64,data/refined_set\3t64\3t64_protein.pdb,data/refined_set\3t64\3t64_pocket.pdb,data/refined_set\3t64\3t64_ligand.mol2,mol2,True,,refined
3t6b,data/refined_set\3t6b\3t6b_protein.pdb,data/refined_set\3t6b\3t6b_pocket.pdb,data/refined_set\3t6b\3t6b_ligand.mol2,mol2,True,,refined
3t70,data/refined_set\3t70\3t70_protein.pdb,data/refined_set\3t70\3t70_pocket.pdb,data/refined_set\3t70\3t70_ligand.mol2,mol2,True,,refined
3t82,data/refined_set\3t82\3t82_protein.pdb,data/refined_set\3t82\3t82_pocket.pdb,data/refined_set\3t82\3t82_ligand.mol2,mol2,True,,refined
3t83,data/refined_set\3t83\3t83_protein.pdb,data/refined_set\3t83\3t83_pocket.pdb,data/refined_set\3t83\3t83_ligand.mol2,mol2,True,,refined
3t84,data/refined_set\3t84\3t84_protein.pdb,data/refined_set\3t84\3t84_pocket.pdb,data/refined_set\3t84\3t84_ligand.mol2,mol2,True,,refined
3t85,data/refined_set\3t85\3t85_protein.pdb,data/refined_set\3t85\3t85_pocket.pdb,data/refined_set\3t85\3t85_ligand.mol2,mol2,True,,refined
3t8v,data/refined_set\3t8v\3t8v_protein.pdb,data/refined_set\3t8v\3t8v_pocket.pdb,data/refined_set\3t8v\3t8v_ligand.mol2,mol2,True,,refined
3ta0,data/refined_set\3ta0\3ta0_protein.pdb,data/refined_set\3ta0\3ta0_pocket.pdb,data/refined_set\3ta0\3ta0_ligand.mol2,mol2,True,,refined
3ta1,data/refined_set\3ta1\3ta1_protein.pdb,data/refined_set\3ta1\3ta1_pocket.pdb,data/refined_set\3ta1\3ta1_ligand.mol2,mol2,True,,refined
3tao,data/refined_set\3tao\3tao_protein.pdb,data/refined_set\3tao\3tao_pocket.pdb,data/refined_set\3tao\3tao_ligand.mol2,mol2,True,,refined
3tay,data/refined_set\3tay\3tay_protein.pdb,data/refined_set\3tay\3tay_pocket.pdb,data/refined_set\3tay\3tay_ligand.mol2,mol2,True,,refined
3tb6,data/refined_set\3tb6\3tb6_protein.pdb,data/refined_set\3tb6\3tb6_pocket.pdb,data/refined_set\3tb6\3tb6_ligand.mol2,mol2,True,,refined
3tcg,data/refined_set\3tcg\3tcg_protein.pdb,data/refined_set\3tcg\3tcg_pocket.pdb,data/refined_set\3tcg\3tcg_ligand.mol2,mol2,True,,refined
3td4,data/refined_set\3td4\3td4_protein.pdb,data/refined_set\3td4\3td4_pocket.pdb,data/refined_set\3td4\3td4_ligand.mol2,mol2,True,,refined
3tf6,data/refined_set\3tf6\3tf6_protein.pdb,data/refined_set\3tf6\3tf6_pocket.pdb,data/refined_set\3tf6\3tf6_ligand.mol2,mol2,True,,refined
3tfn,data/refined_set\3tfn\3tfn_protein.pdb,data/refined_set\3tfn\3tfn_pocket.pdb,data/refined_set\3tfn\3tfn_ligand.mol2,mol2,True,,refined
3tfp,data/refined_set\3tfp\3tfp_protein.pdb,data/refined_set\3tfp\3tfp_pocket.pdb,data/refined_set\3tfp\3tfp_ligand.mol2,mol2,True,,refined
3tfu,data/refined_set\3tfu\3tfu_protein.pdb,data/refined_set\3tfu\3tfu_pocket.pdb,data/refined_set\3tfu\3tfu_ligand.mol2,mol2,True,,refined
3th9,data/refined_set\3th9\3th9_protein.pdb,data/refined_set\3th9\3th9_pocket.pdb,data/refined_set\3th9\3th9_ligand.mol2,mol2,True,,refined
3tif,data/refined_set\3tif\3tif_protein.pdb,data/refined_set\3tif\3tif_pocket.pdb,data/refined_set\3tif\3tif_ligand.mol2,mol2,True,,refined
3tk2,data/refined_set\3tk2\3tk2_protein.pdb,data/refined_set\3tk2\3tk2_pocket.pdb,data/refined_set\3tk2\3tk2_ligand.mol2,mol2,True,,refined
3tkw,data/refined_set\3tkw\3tkw_protein.pdb,data/refined_set\3tkw\3tkw_pocket.pdb,data/refined_set\3tkw\3tkw_ligand.mol2,mol2,True,,refined
3tmk,data/refined_set\3tmk\3tmk_protein.pdb,data/refined_set\3tmk\3tmk_pocket.pdb,data/refined_set\3tmk\3tmk_ligand.mol2,mol2,True,,refined
3ts4,data/refined_set\3ts4\3ts4_protein.pdb,data/refined_set\3ts4\3ts4_pocket.pdb,data/refined_set\3ts4\3ts4_ligand.mol2,mol2,True,,refined
3tsk,data/refined_set\3tsk\3tsk_protein.pdb,data/refined_set\3tsk\3tsk_pocket.pdb,data/refined_set\3tsk\3tsk_ligand.mol2,mol2,True,,refined
3tt4,data/refined_set\3tt4\3tt4_protein.pdb,data/refined_set\3tt4\3tt4_pocket.pdb,data/refined_set\3tt4\3tt4_ligand.mol2,mol2,True,,refined
3ttm,data/refined_set\3ttm\3ttm_protein.pdb,data/refined_set\3ttm\3ttm_pocket.pdb,data/refined_set\3ttm\3ttm_ligand.mol2,mol2,True,,refined
3ttp,data/refined_set\3ttp\3ttp_protein.pdb,data/refined_set\3ttp\3ttp_pocket.pdb,data/refined_set\3ttp\3ttp_ligand.mol2,mol2,True,,refined
3tu7,data/refined_set\3tu7\3tu7_protein.pdb,data/refined_set\3tu7\3tu7_pocket.pdb,data/refined_set\3tu7\3tu7_ligand.mol2,mol2,True,,refined
3tvc,data/refined_set\3tvc\3tvc_protein.pdb,data/refined_set\3tvc\3tvc_pocket.pdb,data/refined_set\3tvc\3tvc_ligand.mol2,mol2,True,,refined
3twp,data/refined_set\3twp\3twp_protein.pdb,data/refined_set\3twp\3twp_pocket.pdb,data/refined_set\3twp\3twp_ligand.mol2,mol2,True,,refined
3tz0,data/refined_set\3tz0\3tz0_protein.pdb,data/refined_set\3tz0\3tz0_pocket.pdb,data/refined_set\3tz0\3tz0_ligand.mol2,mol2,True,,refined
3tza,data/refined_set\3tza\3tza_protein.pdb,data/refined_set\3tza\3tza_pocket.pdb,data/refined_set\3tza\3tza_ligand.mol2,mol2,True,,refined
3tzm,data/refined_set\3tzm\3tzm_protein.pdb,data/refined_set\3tzm\3tzm_pocket.pdb,data/refined_set\3tzm\3tzm_ligand.mol2,mol2,True,,refined
3u10,data/refined_set\3u10\3u10_protein.pdb,data/refined_set\3u10\3u10_pocket.pdb,data/refined_set\3u10\3u10_ligand.mol2,mol2,True,,refined
3u5j,data/refined_set\3u5j\3u5j_protein.pdb,data/refined_set\3u5j\3u5j_pocket.pdb,data/refined_set\3u5j\3u5j_ligand.mol2,mol2,True,,refined
3u5l,data/refined_set\3u5l\3u5l_protein.pdb,data/refined_set\3u5l\3u5l_pocket.pdb,data/refined_set\3u5l\3u5l_ligand.mol2,mol2,True,,refined
3u6h,data/refined_set\3u6h\3u6h_protein.pdb,data/refined_set\3u6h\3u6h_pocket.pdb,data/refined_set\3u6h\3u6h_ligand.mol2,mol2,True,,refined
3u6i,data/refined_set\3u6i\3u6i_protein.pdb,data/refined_set\3u6i\3u6i_pocket.pdb,data/refined_set\3u6i\3u6i_ligand.mol2,mol2,True,,refined
3u81,data/refined_set\3u81\3u81_protein.pdb,data/refined_set\3u81\3u81_pocket.pdb,data/refined_set\3u81\3u81_ligand.mol2,mol2,True,,refined
3u8j,data/refined_set\3u8j\3u8j_protein.pdb,data/refined_set\3u8j\3u8j_pocket.pdb,data/refined_set\3u8j\3u8j_ligand.mol2,mol2,True,,refined
3u8k,data/refined_set\3u8k\3u8k_protein.pdb,data/refined_set\3u8k\3u8k_pocket.pdb,data/refined_set\3u8k\3u8k_ligand.mol2,mol2,True,,refined
3u8l,data/refined_set\3u8l\3u8l_protein.pdb,data/refined_set\3u8l\3u8l_pocket.pdb,data/refined_set\3u8l\3u8l_ligand.mol2,mol2,True,,refined
3u8n,data/refined_set\3u8n\3u8n_protein.pdb,data/refined_set\3u8n\3u8n_pocket.pdb,data/refined_set\3u8n\3u8n_ligand.mol2,mol2,True,,refined
3u90,data/refined_set\3u90\3u90_protein.pdb,data/refined_set\3u90\3u90_pocket.pdb,data/refined_set\3u90\3u90_ligand.mol2,mol2,True,,refined
3u92,data/refined_set\3u92\3u92_protein.pdb,data/refined_set\3u92\3u92_pocket.pdb,data/refined_set\3u92\3u92_ligand.mol2,mol2,True,,refined
3u93,data/refined_set\3u93\3u93_protein.pdb,data/refined_set\3u93\3u93_pocket.pdb,data/refined_set\3u93\3u93_ligand.mol2,mol2,True,,refined
3u9q,data/refined_set\3u9q\3u9q_protein.pdb,data/refined_set\3u9q\3u9q_pocket.pdb,data/refined_set\3u9q\3u9q_ligand.mol2,mol2,True,,refined
3ubd,data/refined_set\3ubd\3ubd_protein.pdb,data/refined_set\3ubd\3ubd_pocket.pdb,data/refined_set\3ubd\3ubd_ligand.mol2,mol2,True,,refined
3ucj,data/refined_set\3ucj\3ucj_protein.pdb,data/refined_set\3ucj\3ucj_pocket.pdb,data/refined_set\3ucj\3ucj_ligand.mol2,mol2,True,,refined
3udd,data/refined_set\3udd\3udd_protein.pdb,data/refined_set\3udd\3udd_pocket.pdb,data/refined_set\3udd\3udd_ligand.mol2,mol2,True,,refined
3udh,data/refined_set\3udh\3udh_protein.pdb,data/refined_set\3udh\3udh_pocket.pdb,data/refined_set\3udh\3udh_ligand.mol2,mol2,True,,refined
3ueu,data/refined_set\3ueu\3ueu_protein.pdb,data/refined_set\3ueu\3ueu_pocket.pdb,data/refined_set\3ueu\3ueu_ligand.mol2,mol2,True,,refined
3uev,data/refined_set\3uev\3uev_protein.pdb,data/refined_set\3uev\3uev_pocket.pdb,data/refined_set\3uev\3uev_ligand.mol2,mol2,True,,refined
3uew,data/refined_set\3uew\3uew_protein.pdb,data/refined_set\3uew\3uew_pocket.pdb,data/refined_set\3uew\3uew_ligand.mol2,mol2,True,,refined
3uex,data/refined_set\3uex\3uex_protein.pdb,data/refined_set\3uex\3uex_pocket.pdb,data/refined_set\3uex\3uex_ligand.mol2,mol2,True,,refined
3ug2,data/refined_set\3ug2\3ug2_protein.pdb,data/refined_set\3ug2\3ug2_pocket.pdb,data/refined_set\3ug2\3ug2_ligand.mol2,mol2,True,,refined
3ui7,data/refined_set\3ui7\3ui7_protein.pdb,data/refined_set\3ui7\3ui7_pocket.pdb,data/refined_set\3ui7\3ui7_ligand.mol2,mol2,True,,refined
3uil,data/refined_set\3uil\3uil_protein.pdb,data/refined_set\3uil\3uil_pocket.pdb,data/refined_set\3uil\3uil_ligand.mol2,mol2,True,,refined
3uj9,data/refined_set\3uj9\3uj9_protein.pdb,data/refined_set\3uj9\3uj9_pocket.pdb,data/refined_set\3uj9\3uj9_ligand.mol2,mol2,True,,refined
3ujc,data/refined_set\3ujc\3ujc_protein.pdb,data/refined_set\3ujc\3ujc_pocket.pdb,data/refined_set\3ujc\3ujc_ligand.mol2,mol2,True,,refined
3ujd,data/refined_set\3ujd\3ujd_protein.pdb,data/refined_set\3ujd\3ujd_pocket.pdb,data/refined_set\3ujd\3ujd_ligand.mol2,mol2,True,,refined
3umq,data/refined_set\3umq\3umq_protein.pdb,data/refined_set\3umq\3umq_pocket.pdb,data/refined_set\3umq\3umq_ligand.mol2,mol2,True,,refined
3uo4,data/refined_set\3uo4\3uo4_protein.pdb,data/refined_set\3uo4\3uo4_pocket.pdb,data/refined_set\3uo4\3uo4_ligand.mol2,mol2,True,,refined
3uod,data/refined_set\3uod\3uod_protein.pdb,data/refined_set\3uod\3uod_pocket.pdb,data/refined_set\3uod\3uod_ligand.mol2,mol2,True,,refined
3up2,data/refined_set\3up2\3up2_protein.pdb,data/refined_set\3up2\3up2_pocket.pdb,data/refined_set\3up2\3up2_ligand.mol2,mol2,True,,refined
3upk,data/refined_set\3upk\3upk_protein.pdb,data/refined_set\3upk\3upk_pocket.pdb,data/refined_set\3upk\3upk_ligand.mol2,mol2,True,,refined
3upv,data/refined_set\3upv\3upv_protein.pdb,data/refined_set\3upv\3upv_pocket.pdb,data/refined_set\3upv\3upv_ligand.mol2,mol2,True,,refined
3uri,data/refined_set\3uri\3uri_protein.pdb,data/refined_set\3uri\3uri_pocket.pdb,data/refined_set\3uri\3uri_ligand.mol2,mol2,True,,refined
3usx,data/refined_set\3usx\3usx_protein.pdb,data/refined_set\3usx\3usx_pocket.pdb,data/refined_set\3usx\3usx_ligand.mol2,mol2,True,,refined
3utu,data/refined_set\3utu\3utu_protein.pdb,data/refined_set\3utu\3utu_pocket.pdb,data/refined_set\3utu\3utu_ligand.mol2,mol2,True,,refined
3uu1,data/refined_set\3uu1\3uu1_protein.pdb,data/refined_set\3uu1\3uu1_pocket.pdb,data/refined_set\3uu1\3uu1_ligand.mol2,mol2,True,,refined
3uug,data/refined_set\3uug\3uug_protein.pdb,data/refined_set\3uug\3uug_pocket.pdb,data/refined_set\3uug\3uug_ligand.mol2,mol2,True,,refined
3uuo,data/refined_set\3uuo\3uuo_protein.pdb,data/refined_set\3uuo\3uuo_pocket.pdb,data/refined_set\3uuo\3uuo_ligand.mol2,mol2,True,,refined
3uw4,data/refined_set\3uw4\3uw4_protein.pdb,data/refined_set\3uw4\3uw4_pocket.pdb,data/refined_set\3uw4\3uw4_ligand.mol2,mol2,True,,refined
3uw5,data/refined_set\3uw5\3uw5_protein.pdb,data/refined_set\3uw5\3uw5_pocket.pdb,data/refined_set\3uw5\3uw5_ligand.mol2,mol2,True,,refined
3uxd,data/refined_set\3uxd\3uxd_protein.pdb,data/refined_set\3uxd\3uxd_pocket.pdb,data/refined_set\3uxd\3uxd_ligand.mol2,mol2,True,,refined
3uxk,data/refined_set\3uxk\3uxk_protein.pdb,data/refined_set\3uxk\3uxk_pocket.pdb,data/refined_set\3uxk\3uxk_ligand.mol2,mol2,True,,refined
3uxl,data/refined_set\3uxl\3uxl_protein.pdb,data/refined_set\3uxl\3uxl_pocket.pdb,data/refined_set\3uxl\3uxl_ligand.mol2,mol2,True,,refined
3uyr,data/refined_set\3uyr\3uyr_protein.pdb,data/refined_set\3uyr\3uyr_pocket.pdb,data/refined_set\3uyr\3uyr_ligand.mol2,mol2,True,,refined
3uz5,data/refined_set\3uz5\3uz5_protein.pdb,data/refined_set\3uz5\3uz5_pocket.pdb,data/refined_set\3uz5\3uz5_ligand.mol2,mol2,True,,refined
3uzj,data/refined_set\3uzj\3uzj_protein.pdb,data/refined_set\3uzj\3uzj_pocket.pdb,data/refined_set\3uzj\3uzj_ligand.mol2,mol2,True,,refined
3v2n,data/refined_set\3v2n\3v2n_protein.pdb,data/refined_set\3v2n\3v2n_pocket.pdb,data/refined_set\3v2n\3v2n_ligand.mol2,mol2,True,,refined
3v2p,data/refined_set\3v2p\3v2p_protein.pdb,data/refined_set\3v2p\3v2p_pocket.pdb,data/refined_set\3v2p\3v2p_ligand.mol2,mol2,True,,refined
3v2q,data/refined_set\3v2q\3v2q_protein.pdb,data/refined_set\3v2q\3v2q_pocket.pdb,data/refined_set\3v2q\3v2q_ligand.mol2,mol2,True,,refined
3v3q,data/refined_set\3v3q\3v3q_protein.pdb,data/refined_set\3v3q\3v3q_pocket.pdb,data/refined_set\3v3q\3v3q_ligand.mol2,mol2,True,,refined
3v4t,data/refined_set\3v4t\3v4t_protein.pdb,data/refined_set\3v4t\3v4t_pocket.pdb,data/refined_set\3v4t\3v4t_ligand.mol2,mol2,True,,refined
3v51,data/refined_set\3v51\3v51_protein.pdb,data/refined_set\3v51\3v51_pocket.pdb,data/refined_set\3v51\3v51_ligand.mol2,mol2,True,,refined
3v5p,data/refined_set\3v5p\3v5p_protein.pdb,data/refined_set\3v5p\3v5p_pocket.pdb,data/refined_set\3v5p\3v5p_ligand.mol2,mol2,True,,refined
3v5t,data/refined_set\3v5t\3v5t_protein.pdb,data/refined_set\3v5t\3v5t_pocket.pdb,data/refined_set\3v5t\3v5t_ligand.mol2,mol2,True,,refined
3v78,data/refined_set\3v78\3v78_protein.pdb,data/refined_set\3v78\3v78_pocket.pdb,data/refined_set\3v78\3v78_ligand.mol2,mol2,True,,refined
3v7x,data/refined_set\3v7x\3v7x_protein.pdb,data/refined_set\3v7x\3v7x_pocket.pdb,data/refined_set\3v7x\3v7x_ligand.mol2,mol2,True,,refined
3vbd,data/refined_set\3vbd\3vbd_protein.pdb,data/refined_set\3vbd\3vbd_pocket.pdb,data/refined_set\3vbd\3vbd_ligand.mol2,mol2,True,,refined
3vd4,data/refined_set\3vd4\3vd4_protein.pdb,data/refined_set\3vd4\3vd4_pocket.pdb,data/refined_set\3vd4\3vd4_ligand.mol2,mol2,True,,refined
3vd9,data/refined_set\3vd9\3vd9_protein.pdb,data/refined_set\3vd9\3vd9_pocket.pdb,data/refined_set\3vd9\3vd9_ligand.mol2,mol2,True,,refined
3vdb,data/refined_set\3vdb\3vdb_protein.pdb,data/refined_set\3vdb\3vdb_pocket.pdb,data/refined_set\3vdb\3vdb_ligand.mol2,mol2,True,,refined
3veh,data/refined_set\3veh\3veh_protein.pdb,data/refined_set\3veh\3veh_pocket.pdb,data/refined_set\3veh\3veh_ligand.mol2,mol2,True,,refined
3vf5,data/refined_set\3vf5\3vf5_protein.pdb,data/refined_set\3vf5\3vf5_pocket.pdb,data/refined_set\3vf5\3vf5_ligand.mol2,mol2,True,,refined
3vf7,data/refined_set\3vf7\3vf7_protein.pdb,data/refined_set\3vf7\3vf7_pocket.pdb,data/refined_set\3vf7\3vf7_ligand.mol2,mol2,True,,refined
3vfa,data/refined_set\3vfa\3vfa_protein.pdb,data/refined_set\3vfa\3vfa_pocket.pdb,data/refined_set\3vfa\3vfa_ligand.mol2,mol2,True,,refined
3vfb,data/refined_set\3vfb\3vfb_protein.pdb,data/refined_set\3vfb\3vfb_pocket.pdb,data/refined_set\3vfb\3vfb_ligand.mol2,mol2,True,,refined
3vh9,data/refined_set\3vh9\3vh9_protein.pdb,data/refined_set\3vh9\3vh9_pocket.pdb,data/refined_set\3vh9\3vh9_ligand.mol2,mol2,True,,refined
3vha,data/refined_set\3vha\3vha_protein.pdb,data/refined_set\3vha\3vha_pocket.pdb,data/refined_set\3vha\3vha_ligand.mol2,mol2,True,,refined
3vhc,data/refined_set\3vhc\3vhc_protein.pdb,data/refined_set\3vhc\3vhc_pocket.pdb,data/refined_set\3vhc\3vhc_ligand.mol2,mol2,True,,refined
3vhd,data/refined_set\3vhd\3vhd_protein.pdb,data/refined_set\3vhd\3vhd_pocket.pdb,data/refined_set\3vhd\3vhd_ligand.mol2,mol2,True,,refined
3vhk,data/refined_set\3vhk\3vhk_protein.pdb,data/refined_set\3vhk\3vhk_pocket.pdb,data/refined_set\3vhk\3vhk_ligand.mol2,mol2,True,,refined
3vjc,data/refined_set\3vjc\3vjc_protein.pdb,data/refined_set\3vjc\3vjc_pocket.pdb,data/refined_set\3vjc\3vjc_ligand.mol2,mol2,True,,refined
3vje,data/refined_set\3vje\3vje_protein.pdb,data/refined_set\3vje\3vje_pocket.pdb,data/refined_set\3vje\3vje_ligand.mol2,mol2,True,,refined
3vtr,data/refined_set\3vtr\3vtr_protein.pdb,data/refined_set\3vtr\3vtr_pocket.pdb,data/refined_set\3vtr\3vtr_ligand.mol2,mol2,True,,refined
3vvy,data/refined_set\3vvy\3vvy_protein.pdb,data/refined_set\3vvy\3vvy_pocket.pdb,data/refined_set\3vvy\3vvy_ligand.mol2,mol2,True,,refined
3vw1,data/refined_set\3vw1\3vw1_protein.pdb,data/refined_set\3vw1\3vw1_pocket.pdb,data/refined_set\3vw1\3vw1_ligand.mol2,mol2,True,,refined
3vw2,data/refined_set\3vw2\3vw2_protein.pdb,data/refined_set\3vw2\3vw2_pocket.pdb,data/refined_set\3vw2\3vw2_ligand.mol2,mol2,True,,refined
3vx3,data/refined_set\3vx3\3vx3_protein.pdb,data/refined_set\3vx3\3vx3_pocket.pdb,data/refined_set\3vx3\3vx3_ligand.mol2,mol2,True,,refined
3w07,data/refined_set\3w07\3w07_protein.pdb,data/refined_set\3w07\3w07_pocket.pdb,data/refined_set\3w07\3w07_ligand.mol2,mol2,True,,refined
3w37,data/refined_set\3w37\3w37_protein.pdb,data/refined_set\3w37\3w37_pocket.pdb,data/refined_set\3w37\3w37_ligand.mol2,mol2,True,,refined
3w5n,data/refined_set\3w5n\3w5n_protein.pdb,data/refined_set\3w5n\3w5n_pocket.pdb,data/refined_set\3w5n\3w5n_ligand.mol2,mol2,True,,refined
3w9k,data/refined_set\3w9k\3w9k_protein.pdb,data/refined_set\3w9k\3w9k_pocket.pdb,data/refined_set\3w9k\3w9k_ligand.mol2,mol2,True,,refined
3w9r,data/refined_set\3w9r\3w9r_protein.pdb,data/refined_set\3w9r\3w9r_pocket.pdb,data/refined_set\3w9r\3w9r_ligand.mol2,mol2,True,,refined
3wgg,data/refined_set\3wgg\3wgg_protein.pdb,data/refined_set\3wgg\3wgg_pocket.pdb,data/refined_set\3wgg\3wgg_ligand.mol2,mol2,True,,refined
3wha,data/refined_set\3wha\3wha_protein.pdb,data/refined_set\3wha\3wha_pocket.pdb,data/refined_set\3wha\3wha_ligand.mol2,mol2,True,,refined
3wjw,data/refined_set\3wjw\3wjw_protein.pdb,data/refined_set\3wjw\3wjw_pocket.pdb,data/refined_set\3wjw\3wjw_ligand.mol2,mol2,True,,refined
3wmc,data/refined_set\3wmc\3wmc_protein.pdb,data/refined_set\3wmc\3wmc_pocket.pdb,data/refined_set\3wmc\3wmc_ligand.mol2,mol2,True,,refined
3wtj,data/refined_set\3wtj\3wtj_protein.pdb,data/refined_set\3wtj\3wtj_pocket.pdb,data/refined_set\3wtj\3wtj_ligand.mol2,mol2,True,,refined
3wtl,data/refined_set\3wtl\3wtl_protein.pdb,data/refined_set\3wtl\3wtl_pocket.pdb,data/refined_set\3wtl\3wtl_ligand.mol2,mol2,True,,refined
3wtm,data/refined_set\3wtm\3wtm_protein.pdb,data/refined_set\3wtm\3wtm_pocket.pdb,data/refined_set\3wtm\3wtm_ligand.mol2,mol2,True,,refined
3wtn,data/refined_set\3wtn\3wtn_protein.pdb,data/refined_set\3wtn\3wtn_pocket.pdb,data/refined_set\3wtn\3wtn_ligand.mol2,mol2,True,,refined
3wto,data/refined_set\3wto\3wto_protein.pdb,data/refined_set\3wto\3wto_pocket.pdb,data/refined_set\3wto\3wto_ligand.mol2,mol2,True,,refined
3wvm,data/refined_set\3wvm\3wvm_protein.pdb,data/refined_set\3wvm\3wvm_pocket.pdb,data/refined_set\3wvm\3wvm_ligand.mol2,mol2,True,,refined
3wz6,data/refined_set\3wz6\3wz6_protein.pdb,data/refined_set\3wz6\3wz6_pocket.pdb,data/refined_set\3wz6\3wz6_ligand.mol2,mol2,True,,refined
3wz7,data/refined_set\3wz7\3wz7_protein.pdb,data/refined_set\3wz7\3wz7_pocket.pdb,data/refined_set\3wz7\3wz7_ligand.mol2,mol2,True,,refined
3wz8,data/refined_set\3wz8\3wz8_protein.pdb,data/refined_set\3wz8\3wz8_pocket.pdb,data/refined_set\3wz8\3wz8_ligand.mol2,mol2,True,,refined
3wzn,data/refined_set\3wzn\3wzn_protein.pdb,data/refined_set\3wzn\3wzn_pocket.pdb,data/refined_set\3wzn\3wzn_ligand.mol2,mol2,True,,refined
3x00,data/refined_set\3x00\3x00_protein.pdb,data/refined_set\3x00\3x00_pocket.pdb,data/refined_set\3x00\3x00_ligand.mol2,mol2,True,,refined
3zbx,data/refined_set\3zbx\3zbx_protein.pdb,data/refined_set\3zbx\3zbx_pocket.pdb,data/refined_set\3zbx\3zbx_ligand.mol2,mol2,True,,refined
3zc5,data/refined_set\3zc5\3zc5_protein.pdb,data/refined_set\3zc5\3zc5_pocket.pdb,data/refined_set\3zc5\3zc5_ligand.mol2,mol2,True,,refined
3zcl,data/refined_set\3zcl\3zcl_protein.pdb,data/refined_set\3zcl\3zcl_pocket.pdb,data/refined_set\3zcl\3zcl_ligand.mol2,mol2,True,,refined
3zdg,data/refined_set\3zdg\3zdg_protein.pdb,data/refined_set\3zdg\3zdg_pocket.pdb,data/refined_set\3zdg\3zdg_ligand.mol2,mol2,True,,refined
3zdh,data/refined_set\3zdh\3zdh_protein.pdb,data/refined_set\3zdh\3zdh_pocket.pdb,data/refined_set\3zdh\3zdh_ligand.mol2,mol2,True,,refined
3zdv,data/refined_set\3zdv\3zdv_protein.pdb,data/refined_set\3zdv\3zdv_pocket.pdb,data/refined_set\3zdv\3zdv_ligand.mol2,mol2,True,,refined
3zhx,data/refined_set\3zhx\3zhx_protein.pdb,data/refined_set\3zhx\3zhx_pocket.pdb,data/refined_set\3zhx\3zhx_ligand.mol2,mol2,True,,refined
3zi0,data/refined_set\3zi0\3zi0_protein.pdb,data/refined_set\3zi0\3zi0_pocket.pdb,data/refined_set\3zi0\3zi0_ligand.mol2,mol2,True,,refined
3zi8,data/refined_set\3zi8\3zi8_protein.pdb,data/refined_set\3zi8\3zi8_pocket.pdb,data/refined_set\3zi8\3zi8_ligand.mol2,mol2,True,,refined
3zj6,data/refined_set\3zj6\3zj6_protein.pdb,data/refined_set\3zj6\3zj6_pocket.pdb,data/refined_set\3zj6\3zj6_ligand.mol2,mol2,True,,refined
3zk6,data/refined_set\3zk6\3zk6_protein.pdb,data/refined_set\3zk6\3zk6_pocket.pdb,data/refined_set\3zk6\3zk6_ligand.mol2,mol2,True,,refined
3zll,data/refined_set\3zll\3zll_protein.pdb,data/refined_set\3zll\3zll_pocket.pdb,data/refined_set\3zll\3zll_ligand.mol2,mol2,True,,refined
3zln,data/refined_set\3zln\3zln_protein.pdb,data/refined_set\3zln\3zln_pocket.pdb,data/refined_set\3zln\3zln_ligand.mol2,mol2,True,,refined
3zlr,data/refined_set\3zlr\3zlr_protein.pdb,data/refined_set\3zlr\3zlr_pocket.pdb,data/refined_set\3zlr\3zlr_ligand.mol2,mol2,True,,refined
3zm9,data/refined_set\3zm9\3zm9_protein.pdb,data/refined_set\3zm9\3zm9_pocket.pdb,data/refined_set\3zm9\3zm9_ligand.mol2,mol2,True,,refined
3znr,data/refined_set\3znr\3znr_protein.pdb,data/refined_set\3znr\3znr_pocket.pdb,data/refined_set\3znr\3znr_ligand.mol2,mol2,True,,refined
3zns,data/refined_set\3zns\3zns_protein.pdb,data/refined_set\3zns\3zns_pocket.pdb,data/refined_set\3zns\3zns_ligand.mol2,mol2,True,,refined
3zps,data/refined_set\3zps\3zps_protein.pdb,data/refined_set\3zps\3zps_pocket.pdb,data/refined_set\3zps\3zps_ligand.mol2,mol2,True,,refined
3zpu,data/refined_set\3zpu\3zpu_protein.pdb,data/refined_set\3zpu\3zpu_pocket.pdb,data/refined_set\3zpu\3zpu_ligand.mol2,mol2,True,,refined
3zq9,data/refined_set\3zq9\3zq9_protein.pdb,data/refined_set\3zq9\3zq9_pocket.pdb,data/refined_set\3zq9\3zq9_ligand.mol2,mol2,True,,refined
3zqe,data/refined_set\3zqe\3zqe_protein.pdb,data/refined_set\3zqe\3zqe_pocket.pdb,data/refined_set\3zqe\3zqe_ligand.mol2,mol2,True,,refined
3zso,data/refined_set\3zso\3zso_protein.pdb,data/refined_set\3zso\3zso_pocket.pdb,data/refined_set\3zso\3zso_ligand.mol2,mol2,True,,refined
3zsq,data/refined_set\3zsq\3zsq_protein.pdb,data/refined_set\3zsq\3zsq_pocket.pdb,data/refined_set\3zsq\3zsq_ligand.mol2,mol2,True,,refined
3zsx,data/refined_set\3zsx\3zsx_protein.pdb,data/refined_set\3zsx\3zsx_pocket.pdb,data/refined_set\3zsx\3zsx_ligand.mol2,mol2,True,,refined
3zsy,data/refined_set\3zsy\3zsy_protein.pdb,data/refined_set\3zsy\3zsy_pocket.pdb,data/refined_set\3zsy\3zsy_ligand.mol2,mol2,True,,refined
3zt2,data/refined_set\3zt2\3zt2_protein.pdb,data/refined_set\3zt2\3zt2_pocket.pdb,data/refined_set\3zt2\3zt2_ligand.mol2,mol2,True,,refined
3zt3,data/refined_set\3zt3\3zt3_protein.pdb,data/refined_set\3zt3\3zt3_pocket.pdb,data/refined_set\3zt3\3zt3_ligand.mol2,mol2,True,,refined
3zv7,data/refined_set\3zv7\3zv7_protein.pdb,data/refined_set\3zv7\3zv7_pocket.pdb,data/refined_set\3zv7\3zv7_ligand.mol2,mol2,True,,refined
3zxz,data/refined_set\3zxz\3zxz_protein.pdb,data/refined_set\3zxz\3zxz_pocket.pdb,data/refined_set\3zxz\3zxz_ligand.mol2,mol2,True,,refined
3zyf,data/refined_set\3zyf\3zyf_protein.pdb,data/refined_set\3zyf\3zyf_pocket.pdb,data/refined_set\3zyf\3zyf_ligand.mol2,mol2,True,,refined
3zyu,data/refined_set\3zyu\3zyu_protein.pdb,data/refined_set\3zyu\3zyu_pocket.pdb,data/refined_set\3zyu\3zyu_ligand.mol2,mol2,True,,refined
3zze,data/refined_set\3zze\3zze_protein.pdb,data/refined_set\3zze\3zze_pocket.pdb,data/refined_set\3zze\3zze_ligand.mol2,mol2,True,,refined
456c,data/refined_set\456c\456c_protein.pdb,data/refined_set\456c\456c_pocket.pdb,data/refined_set\456c\456c_ligand.mol2,mol2,True,,refined
4a4q,data/refined_set\4a4q\4a4q_protein.pdb,data/refined_set\4a4q\4a4q_pocket.pdb,data/refined_set\4a4q\4a4q_ligand.mol2,mol2,True,,refined
4a4v,data/refined_set\4a4v\4a4v_protein.pdb,data/refined_set\4a4v\4a4v_pocket.pdb,data/refined_set\4a4v\4a4v_ligand.mol2,mol2,True,,refined
4a4w,data/refined_set\4a4w\4a4w_protein.pdb,data/refined_set\4a4w\4a4w_pocket.pdb,data/refined_set\4a4w\4a4w_ligand.mol2,mol2,True,,refined
4a6b,data/refined_set\4a6b\4a6b_protein.pdb,data/refined_set\4a6b\4a6b_pocket.pdb,data/refined_set\4a6b\4a6b_ligand.mol2,mol2,True,,refined
4a6c,data/refined_set\4a6c\4a6c_protein.pdb,data/refined_set\4a6c\4a6c_pocket.pdb,data/refined_set\4a6c\4a6c_ligand.mol2,mol2,True,,refined
4a6l,data/refined_set\4a6l\4a6l_protein.pdb,data/refined_set\4a6l\4a6l_pocket.pdb,data/refined_set\4a6l\4a6l_ligand.mol2,mol2,True,,refined
4a6s,data/refined_set\4a6s\4a6s_protein.pdb,data/refined_set\4a6s\4a6s_pocket.pdb,data/refined_set\4a6s\4a6s_ligand.mol2,mol2,True,,refined
4a7i,data/refined_set\4a7i\4a7i_protein.pdb,data/refined_set\4a7i\4a7i_pocket.pdb,data/refined_set\4a7i\4a7i_ligand.mol2,mol2,True,,refined
4a95,data/refined_set\4a95\4a95_protein.pdb,data/refined_set\4a95\4a95_pocket.pdb,data/refined_set\4a95\4a95_ligand.mol2,mol2,True,,refined
4ab9,data/refined_set\4ab9\4ab9_protein.pdb,data/refined_set\4ab9\4ab9_pocket.pdb,data/refined_set\4ab9\4ab9_ligand.mol2,mol2,True,,refined
4aba,data/refined_set\4aba\4aba_protein.pdb,data/refined_set\4aba\4aba_pocket.pdb,data/refined_set\4aba\4aba_ligand.mol2,mol2,True,,refined
4abb,data/refined_set\4abb\4abb_protein.pdb,data/refined_set\4abb\4abb_pocket.pdb,data/refined_set\4abb\4abb_ligand.mol2,mol2,True,,refined
4abd,data/refined_set\4abd\4abd_protein.pdb,data/refined_set\4abd\4abd_pocket.pdb,data/refined_set\4abd\4abd_ligand.mol2,mol2,True,,refined
4abe,data/refined_set\4abe\4abe_protein.pdb,data/refined_set\4abe\4abe_pocket.pdb,data/refined_set\4abe\4abe_ligand.mol2,mol2,True,,refined
4abf,data/refined_set\4abf\4abf_protein.pdb,data/refined_set\4abf\4abf_pocket.pdb,data/refined_set\4abf\4abf_ligand.mol2,mol2,True,,refined
4abg,data/refined_set\4abg\4abg_protein.pdb,data/refined_set\4abg\4abg_pocket.pdb,data/refined_set\4abg\4abg_ligand.mol2,mol2,True,,refined
4abh,data/refined_set\4abh\4abh_protein.pdb,data/refined_set\4abh\4abh_pocket.pdb,data/refined_set\4abh\4abh_ligand.mol2,mol2,True,,refined
4acc,data/refined_set\4acc\4acc_protein.pdb,data/refined_set\4acc\4acc_pocket.pdb,data/refined_set\4acc\4acc_ligand.mol2,mol2,True,,refined
4aci,data/refined_set\4aci\4aci_protein.pdb,data/refined_set\4aci\4aci_pocket.pdb,data/refined_set\4aci\4aci_ligand.mol2,mol2,True,,refined
4ad2,data/refined_set\4ad2\4ad2_protein.pdb,data/refined_set\4ad2\4ad2_pocket.pdb,data/refined_set\4ad2\4ad2_ligand.mol2,mol2,True,,refined
4ad3,data/refined_set\4ad3\4ad3_protein.pdb,data/refined_set\4ad3\4ad3_pocket.pdb,data/refined_set\4ad3\4ad3_ligand.mol2,mol2,True,,refined
4ad6,data/refined_set\4ad6\4ad6_protein.pdb,data/refined_set\4ad6\4ad6_pocket.pdb,data/refined_set\4ad6\4ad6_ligand.mol2,mol2,True,,refined
4afg,data/refined_set\4afg\4afg_protein.pdb,data/refined_set\4afg\4afg_pocket.pdb,data/refined_set\4afg\4afg_ligand.mol2,mol2,True,,refined
4ag8,data/refined_set\4ag8\4ag8_protein.pdb,data/refined_set\4ag8\4ag8_pocket.pdb,data/refined_set\4ag8\4ag8_ligand.mol2,mol2,True,,refined
4agc,data/refined_set\4agc\4agc_protein.pdb,data/refined_set\4agc\4agc_pocket.pdb,data/refined_set\4agc\4agc_ligand.mol2,mol2,True,,refined
4agl,data/refined_set\4agl\4agl_protein.pdb,data/refined_set\4agl\4agl_pocket.pdb,data/refined_set\4agl\4agl_ligand.mol2,mol2,True,,refined
4agm,data/refined_set\4agm\4agm_protein.pdb,data/refined_set\4agm\4agm_pocket.pdb,data/refined_set\4agm\4agm_ligand.mol2,mol2,True,,refined
4agn,data/refined_set\4agn\4agn_protein.pdb,data/refined_set\4agn\4agn_pocket.pdb,data/refined_set\4agn\4agn_ligand.mol2,mol2,True,,refined
4ago,data/refined_set\4ago\4ago_protein.pdb,data/refined_set\4ago\4ago_pocket.pdb,data/refined_set\4ago\4ago_ligand.mol2,mol2,True,,refined
4agp,data/refined_set\4agp\4agp_protein.pdb,data/refined_set\4agp\4agp_pocket.pdb,data/refined_set\4agp\4agp_ligand.mol2,mol2,True,,refined
4agq,data/refined_set\4agq\4agq_protein.pdb,data/refined_set\4agq\4agq_pocket.pdb,data/refined_set\4agq\4agq_ligand.mol2,mol2,True,,refined
4ahr,data/refined_set\4ahr\4ahr_protein.pdb,data/refined_set\4ahr\4ahr_pocket.pdb,data/refined_set\4ahr\4ahr_ligand.mol2,mol2,True,,refined
4ahs,data/refined_set\4ahs\4ahs_protein.pdb,data/refined_set\4ahs\4ahs_pocket.pdb,data/refined_set\4ahs\4ahs_ligand.mol2,mol2,True,,refined
4ahu,data/refined_set\4ahu\4ahu_protein.pdb,data/refined_set\4ahu\4ahu_pocket.pdb,data/refined_set\4ahu\4ahu_ligand.mol2,mol2,True,,refined
4ai5,data/refined_set\4ai5\4ai5_protein.pdb,data/refined_set\4ai5\4ai5_pocket.pdb,data/refined_set\4ai5\4ai5_ligand.mol2,mol2,True,,refined
4aia,data/refined_set\4aia\4aia_protein.pdb,data/refined_set\4aia\4aia_pocket.pdb,data/refined_set\4aia\4aia_ligand.mol2,mol2,True,,refined
4aj4,data/refined_set\4aj4\4aj4_protein.pdb,data/refined_set\4aj4\4aj4_pocket.pdb,data/refined_set\4aj4\4aj4_ligand.mol2,mol2,True,,refined
4aje,data/refined_set\4aje\4aje_protein.pdb,data/refined_set\4aje\4aje_pocket.pdb,data/refined_set\4aje\4aje_ligand.mol2,mol2,True,,refined
4aji,data/refined_set\4aji\4aji_protein.pdb,data/refined_set\4aji\4aji_pocket.pdb,data/refined_set\4aji\4aji_ligand.mol2,mol2,True,,refined
4ajl,data/refined_set\4ajl\4ajl_protein.pdb,data/refined_set\4ajl\4ajl_pocket.pdb,data/refined_set\4ajl\4ajl_ligand.mol2,mol2,True,,refined
4alx,data/refined_set\4alx\4alx_protein.pdb,data/refined_set\4alx\4alx_pocket.pdb,data/refined_set\4alx\4alx_ligand.mol2,mol2,True,,refined
4aoi,data/refined_set\4aoi\4aoi_protein.pdb,data/refined_set\4aoi\4aoi_pocket.pdb,data/refined_set\4aoi\4aoi_ligand.mol2,mol2,True,,refined
4ap7,data/refined_set\4ap7\4ap7_protein.pdb,data/refined_set\4ap7\4ap7_pocket.pdb,data/refined_set\4ap7\4ap7_ligand.mol2,mol2,True,,refined
4app,data/refined_set\4app\4app_protein.pdb,data/refined_set\4app\4app_pocket.pdb,data/refined_set\4app\4app_ligand.mol2,mol2,True,,refined
4aq4,data/refined_set\4aq4\4aq4_protein.pdb,data/refined_set\4aq4\4aq4_pocket.pdb,data/refined_set\4aq4\4aq4_ligand.mol2,mol2,True,,refined
4aq6,data/refined_set\4aq6\4aq6_protein.pdb,data/refined_set\4aq6\4aq6_pocket.pdb,data/refined_set\4aq6\4aq6_ligand.mol2,mol2,True,,refined
4aqh,data/refined_set\4aqh\4aqh_protein.pdb,data/refined_set\4aqh\4aqh_pocket.pdb,data/refined_set\4aqh\4aqh_ligand.mol2,mol2,True,,refined
4ara,data/refined_set\4ara\4ara_protein.pdb,data/refined_set\4ara\4ara_pocket.pdb,data/refined_set\4ara\4ara_ligand.mol2,mol2,True,,refined
4arb,data/refined_set\4arb\4arb_protein.pdb,data/refined_set\4arb\4arb_pocket.pdb,data/refined_set\4arb\4arb_ligand.mol2,mol2,True,,refined
4arw,data/refined_set\4arw\4arw_protein.pdb,data/refined_set\4arw\4arw_pocket.pdb,data/refined_set\4arw\4arw_ligand.mol2,mol2,True,,refined
4asd,data/refined_set\4asd\4asd_protein.pdb,data/refined_set\4asd\4asd_pocket.pdb,data/refined_set\4asd\4asd_ligand.mol2,mol2,True,,refined
4ase,data/refined_set\4ase\4ase_protein.pdb,data/refined_set\4ase\4ase_pocket.pdb,data/refined_set\4ase\4ase_ligand.mol2,mol2,True,,refined
4asj,data/refined_set\4asj\4asj_protein.pdb,data/refined_set\4asj\4asj_pocket.pdb,data/refined_set\4asj\4asj_ligand.mol2,mol2,True,,refined
4att,data/refined_set\4att\4att_protein.pdb,data/refined_set\4att\4att_pocket.pdb,data/refined_set\4att\4att_ligand.mol2,mol2,True,,refined
4auj,data/refined_set\4auj\4auj_protein.pdb,data/refined_set\4auj\4auj_pocket.pdb,data/refined_set\4auj\4auj_ligand.mol2,mol2,True,,refined
4av4,data/refined_set\4av4\4av4_protein.pdb,data/refined_set\4av4\4av4_pocket.pdb,data/refined_set\4av4\4av4_ligand.mol2,mol2,True,,refined
4av5,data/refined_set\4av5\4av5_protein.pdb,data/refined_set\4av5\4av5_pocket.pdb,data/refined_set\4av5\4av5_ligand.mol2,mol2,True,,refined
4avh,data/refined_set\4avh\4avh_protein.pdb,data/refined_set\4avh\4avh_pocket.pdb,data/refined_set\4avh\4avh_ligand.mol2,mol2,True,,refined
4avi,data/refined_set\4avi\4avi_protein.pdb,data/refined_set\4avi\4avi_pocket.pdb,data/refined_set\4avi\4avi_ligand.mol2,mol2,True,,refined
4avj,data/refined_set\4avj\4avj_protein.pdb,data/refined_set\4avj\4avj_pocket.pdb,data/refined_set\4avj\4avj_ligand.mol2,mol2,True,,refined
4avs,data/refined_set\4avs\4avs_protein.pdb,data/refined_set\4avs\4avs_pocket.pdb,data/refined_set\4avs\4avs_ligand.mol2,mol2,True,,refined
4ax9,data/refined_set\4ax9\4ax9_protein.pdb,data/refined_set\4ax9\4ax9_pocket.pdb,data/refined_set\4ax9\4ax9_ligand.mol2,mol2,True,,refined
4axd,data/refined_set\4axd\4axd_protein.pdb,data/refined_set\4axd\4axd_pocket.pdb,data/refined_set\4axd\4axd_ligand.mol2,mol2,True,,refined
4ayp,data/refined_set\4ayp\4ayp_protein.pdb,data/refined_set\4ayp\4ayp_pocket.pdb,data/refined_set\4ayp\4ayp_ligand.mol2,mol2,True,,refined
4ayq,data/refined_set\4ayq\4ayq_protein.pdb,data/refined_set\4ayq\4ayq_pocket.pdb,data/refined_set\4ayq\4ayq_ligand.mol2,mol2,True,,refined
4ayu,data/refined_set\4ayu\4ayu_protein.pdb,data/refined_set\4ayu\4ayu_pocket.pdb,data/refined_set\4ayu\4ayu_ligand.mol2,mol2,True,,refined
4az5,data/refined_set\4az5\4az5_protein.pdb,data/refined_set\4az5\4az5_pocket.pdb,data/refined_set\4az5\4az5_ligand.mol2,mol2,True,,refined
4az6,data/refined_set\4az6\4az6_protein.pdb,data/refined_set\4az6\4az6_pocket.pdb,data/refined_set\4az6\4az6_ligand.mol2,mol2,True,,refined
4azb,data/refined_set\4azb\4azb_protein.pdb,data/refined_set\4azb\4azb_pocket.pdb,data/refined_set\4azb\4azb_ligand.mol2,mol2,True,,refined
4azc,data/refined_set\4azc\4azc_protein.pdb,data/refined_set\4azc\4azc_pocket.pdb,data/refined_set\4azc\4azc_ligand.mol2,mol2,True,,refined
4azg,data/refined_set\4azg\4azg_protein.pdb,data/refined_set\4azg\4azg_pocket.pdb,data/refined_set\4azg\4azg_ligand.mol2,mol2,True,,refined
4azi,data/refined_set\4azi\4azi_protein.pdb,data/refined_set\4azi\4azi_pocket.pdb,data/refined_set\4azi\4azi_ligand.mol2,mol2,True,,refined
4b0b,data/refined_set\4b0b\4b0b_protein.pdb,data/refined_set\4b0b\4b0b_pocket.pdb,data/refined_set\4b0b\4b0b_ligand.mol2,mol2,True,,refined
4b1j,data/refined_set\4b1j\4b1j_protein.pdb,data/refined_set\4b1j\4b1j_pocket.pdb,data/refined_set\4b1j\4b1j_ligand.mol2,mol2,True,,refined
4b2i,data/refined_set\4b2i\4b2i_protein.pdb,data/refined_set\4b2i\4b2i_pocket.pdb,data/refined_set\4b2i\4b2i_ligand.mol2,mol2,True,,refined
4b2l,data/refined_set\4b2l\4b2l_protein.pdb,data/refined_set\4b2l\4b2l_pocket.pdb,data/refined_set\4b2l\4b2l_ligand.mol2,mol2,True,,refined
4b32,data/refined_set\4b32\4b32_protein.pdb,data/refined_set\4b32\4b32_pocket.pdb,data/refined_set\4b32\4b32_ligand.mol2,mol2,True,,refined
4b33,data/refined_set\4b33\4b33_protein.pdb,data/refined_set\4b33\4b33_pocket.pdb,data/refined_set\4b33\4b33_ligand.mol2,mol2,True,,refined
4b34,data/refined_set\4b34\4b34_protein.pdb,data/refined_set\4b34\4b34_pocket.pdb,data/refined_set\4b34\4b34_ligand.mol2,mol2,True,,refined
4b35,data/refined_set\4b35\4b35_protein.pdb,data/refined_set\4b35\4b35_pocket.pdb,data/refined_set\4b35\4b35_ligand.mol2,mol2,True,,refined
4b3b,data/refined_set\4b3b\4b3b_protein.pdb,data/refined_set\4b3b\4b3b_pocket.pdb,data/refined_set\4b3b\4b3b_ligand.mol2,mol2,True,,refined
4b3c,data/refined_set\4b3c\4b3c_protein.pdb,data/refined_set\4b3c\4b3c_pocket.pdb,data/refined_set\4b3c\4b3c_ligand.mol2,mol2,True,,refined
4b3d,data/refined_set\4b3d\4b3d_protein.pdb,data/refined_set\4b3d\4b3d_pocket.pdb,data/refined_set\4b3d\4b3d_ligand.mol2,mol2,True,,refined
4b5d,data/refined_set\4b5d\4b5d_protein.pdb,data/refined_set\4b5d\4b5d_pocket.pdb,data/refined_set\4b5d\4b5d_ligand.mol2,mol2,True,,refined
4b5s,data/refined_set\4b5s\4b5s_protein.pdb,data/refined_set\4b5s\4b5s_pocket.pdb,data/refined_set\4b5s\4b5s_ligand.mol2,mol2,True,,refined
4b5t,data/refined_set\4b5t\4b5t_protein.pdb,data/refined_set\4b5t\4b5t_pocket.pdb,data/refined_set\4b5t\4b5t_ligand.mol2,mol2,True,,refined
4b5w,data/refined_set\4b5w\4b5w_protein.pdb,data/refined_set\4b5w\4b5w_pocket.pdb,data/refined_set\4b5w\4b5w_ligand.mol2,mol2,True,,refined
4b6o,data/refined_set\4b6o\4b6o_protein.pdb,data/refined_set\4b6o\4b6o_pocket.pdb,data/refined_set\4b6o\4b6o_ligand.mol2,mol2,True,,refined
4b6p,data/refined_set\4b6p\4b6p_protein.pdb,data/refined_set\4b6p\4b6p_pocket.pdb,data/refined_set\4b6p\4b6p_ligand.mol2,mol2,True,,refined
4b6r,data/refined_set\4b6r\4b6r_protein.pdb,data/refined_set\4b6r\4b6r_pocket.pdb,data/refined_set\4b6r\4b6r_ligand.mol2,mol2,True,,refined
4b6s,data/refined_set\4b6s\4b6s_protein.pdb,data/refined_set\4b6s\4b6s_pocket.pdb,data/refined_set\4b6s\4b6s_ligand.mol2,mol2,True,,refined
4b73,data/refined_set\4b73\4b73_protein.pdb,data/refined_set\4b73\4b73_pocket.pdb,data/refined_set\4b73\4b73_ligand.mol2,mol2,True,,refined
4b74,data/refined_set\4b74\4b74_protein.pdb,data/refined_set\4b74\4b74_pocket.pdb,data/refined_set\4b74\4b74_ligand.mol2,mol2,True,,refined
4b76,data/refined_set\4b76\4b76_protein.pdb,data/refined_set\4b76\4b76_pocket.pdb,data/refined_set\4b76\4b76_ligand.mol2,mol2,True,,refined
4b7j,data/refined_set\4b7j\4b7j_protein.pdb,data/refined_set\4b7j\4b7j_pocket.pdb,data/refined_set\4b7j\4b7j_ligand.mol2,mol2,True,,refined
4b7p,data/refined_set\4b7p\4b7p_protein.pdb,data/refined_set\4b7p\4b7p_pocket.pdb,data/refined_set\4b7p\4b7p_ligand.mol2,mol2,True,,refined
4b7r,data/refined_set\4b7r\4b7r_protein.pdb,data/refined_set\4b7r\4b7r_pocket.pdb,data/refined_set\4b7r\4b7r_ligand.mol2,mol2,True,,refined
4b8y,data/refined_set\4b8y\4b8y_protein.pdb,data/refined_set\4b8y\4b8y_pocket.pdb,data/refined_set\4b8y\4b8y_ligand.mol2,mol2,True,,refined
4b9k,data/refined_set\4b9k\4b9k_protein.pdb,data/refined_set\4b9k\4b9k_pocket.pdb,data/refined_set\4b9k\4b9k_ligand.mol2,mol2,True,,refined
4b9z,data/refined_set\4b9z\4b9z_protein.pdb,data/refined_set\4b9z\4b9z_pocket.pdb,data/refined_set\4b9z\4b9z_ligand.mol2,mol2,True,,refined
4bah,data/refined_set\4bah\4bah_protein.pdb,data/refined_set\4bah\4bah_pocket.pdb,data/refined_set\4bah\4bah_ligand.mol2,mol2,True,,refined
4bak,data/refined_set\4bak\4bak_protein.pdb,data/refined_set\4bak\4bak_pocket.pdb,data/refined_set\4bak\4bak_ligand.mol2,mol2,True,,refined
4bam,data/refined_set\4bam\4bam_protein.pdb,data/refined_set\4bam\4bam_pocket.pdb,data/refined_set\4bam\4bam_ligand.mol2,mol2,True,,refined
4ban,data/refined_set\4ban\4ban_protein.pdb,data/refined_set\4ban\4ban_pocket.pdb,data/refined_set\4ban\4ban_ligand.mol2,mol2,True,,refined
4bao,data/refined_set\4bao\4bao_protein.pdb,data/refined_set\4bao\4bao_pocket.pdb,data/refined_set\4bao\4bao_ligand.mol2,mol2,True,,refined
4baq,data/refined_set\4baq\4baq_protein.pdb,data/refined_set\4baq\4baq_pocket.pdb,data/refined_set\4baq\4baq_ligand.mol2,mol2,True,,refined
4bb9,data/refined_set\4bb9\4bb9_protein.pdb,data/refined_set\4bb9\4bb9_pocket.pdb,data/refined_set\4bb9\4bb9_ligand.mol2,mol2,True,,refined
4bc5,data/refined_set\4bc5\4bc5_protein.pdb,data/refined_set\4bc5\4bc5_pocket.pdb,data/refined_set\4bc5\4bc5_ligand.mol2,mol2,True,,refined
4bck,data/refined_set\4bck\4bck_protein.pdb,data/refined_set\4bck\4bck_pocket.pdb,data/refined_set\4bck\4bck_ligand.mol2,mol2,True,,refined
4bcm,data/refined_set\4bcm\4bcm_protein.pdb,data/refined_set\4bcm\4bcm_pocket.pdb,data/refined_set\4bcm\4bcm_ligand.mol2,mol2,True,,refined
4bcn,data/refined_set\4bcn\4bcn_protein.pdb,data/refined_set\4bcn\4bcn_pocket.pdb,data/refined_set\4bcn\4bcn_ligand.mol2,mol2,True,,refined
4bco,data/refined_set\4bco\4bco_protein.pdb,data/refined_set\4bco\4bco_pocket.pdb,data/refined_set\4bco\4bco_ligand.mol2,mol2,True,,refined
4bcp,data/refined_set\4bcp\4bcp_protein.pdb,data/refined_set\4bcp\4bcp_pocket.pdb,data/refined_set\4bcp\4bcp_ligand.mol2,mol2,True,,refined
4bcs,data/refined_set\4bcs\4bcs_protein.pdb,data/refined_set\4bcs\4bcs_pocket.pdb,data/refined_set\4bcs\4bcs_ligand.mol2,mol2,True,,refined
4bf1,data/refined_set\4bf1\4bf1_protein.pdb,data/refined_set\4bf1\4bf1_pocket.pdb,data/refined_set\4bf1\4bf1_ligand.mol2,mol2,True,,refined
4bf6,data/refined_set\4bf6\4bf6_protein.pdb,data/refined_set\4bf6\4bf6_pocket.pdb,data/refined_set\4bf6\4bf6_ligand.mol2,mol2,True,,refined
4bi6,data/refined_set\4bi6\4bi6_protein.pdb,data/refined_set\4bi6\4bi6_pocket.pdb,data/refined_set\4bi6\4bi6_ligand.mol2,mol2,True,,refined
4bi7,data/refined_set\4bi7\4bi7_protein.pdb,data/refined_set\4bi7\4bi7_pocket.pdb,data/refined_set\4bi7\4bi7_ligand.mol2,mol2,True,,refined
4bj8,data/refined_set\4bj8\4bj8_protein.pdb,data/refined_set\4bj8\4bj8_pocket.pdb,data/refined_set\4bj8\4bj8_ligand.mol2,mol2,True,,refined
4bks,data/refined_set\4bks\4bks_protein.pdb,data/refined_set\4bks\4bks_pocket.pdb,data/refined_set\4bks\4bks_ligand.mol2,mol2,True,,refined
4bkt,data/refined_set\4bkt\4bkt_protein.pdb,data/refined_set\4bkt\4bkt_pocket.pdb,data/refined_set\4bkt\4bkt_ligand.mol2,mol2,True,,refined
4bny,data/refined_set\4bny\4bny_protein.pdb,data/refined_set\4bny\4bny_pocket.pdb,data/refined_set\4bny\4bny_ligand.mol2,mol2,True,,refined
4bps,data/refined_set\4bps\4bps_protein.pdb,data/refined_set\4bps\4bps_pocket.pdb,data/refined_set\4bps\4bps_ligand.mol2,mol2,True,,refined
4bqg,data/refined_set\4bqg\4bqg_protein.pdb,data/refined_set\4bqg\4bqg_pocket.pdb,data/refined_set\4bqg\4bqg_ligand.mol2,mol2,True,,refined
4bqh,data/refined_set\4bqh\4bqh_protein.pdb,data/refined_set\4bqh\4bqh_pocket.pdb,data/refined_set\4bqh\4bqh_ligand.mol2,mol2,True,,refined
4bqs,data/refined_set\4bqs\4bqs_protein.pdb,data/refined_set\4bqs\4bqs_pocket.pdb,data/refined_set\4bqs\4bqs_ligand.mol2,mol2,True,,refined
4br3,data/refined_set\4br3\4br3_protein.pdb,data/refined_set\4br3\4br3_pocket.pdb,data/refined_set\4br3\4br3_ligand.mol2,mol2,True,,refined
4bs0,data/refined_set\4bs0\4bs0_protein.pdb,data/refined_set\4bs0\4bs0_pocket.pdb,data/refined_set\4bs0\4bs0_ligand.mol2,mol2,True,,refined
4bt3,data/refined_set\4bt3\4bt3_protein.pdb,data/refined_set\4bt3\4bt3_pocket.pdb,data/refined_set\4bt3\4bt3_ligand.mol2,mol2,True,,refined
4bt4,data/refined_set\4bt4\4bt4_protein.pdb,data/refined_set\4bt4\4bt4_pocket.pdb,data/refined_set\4bt4\4bt4_ligand.mol2,mol2,True,,refined
4bt5,data/refined_set\4bt5\4bt5_protein.pdb,data/refined_set\4bt5\4bt5_pocket.pdb,data/refined_set\4bt5\4bt5_ligand.mol2,mol2,True,,refined
4btk,data/refined_set\4btk\4btk_protein.pdb,data/refined_set\4btk\4btk_pocket.pdb,data/refined_set\4btk\4btk_ligand.mol2,mol2,True,,refined
4bup,data/refined_set\4bup\4bup_protein.pdb,data/refined_set\4bup\4bup_pocket.pdb,data/refined_set\4bup\4bup_ligand.mol2,mol2,True,,refined
4buq,data/refined_set\4buq\4buq_protein.pdb,data/refined_set\4buq\4buq_pocket.pdb,data/refined_set\4buq\4buq_ligand.mol2,mol2,True,,refined
4c1t,data/refined_set\4c1t\4c1t_protein.pdb,data/refined_set\4c1t\4c1t_pocket.pdb,data/refined_set\4c1t\4c1t_ligand.mol2,mol2,True,,refined
4c1u,data/refined_set\4c1u\4c1u_protein.pdb,data/refined_set\4c1u\4c1u_pocket.pdb,data/refined_set\4c1u\4c1u_ligand.mol2,mol2,True,,refined
4c1y,data/refined_set\4c1y\4c1y_protein.pdb,data/refined_set\4c1y\4c1y_pocket.pdb,data/refined_set\4c1y\4c1y_ligand.mol2,mol2,True,,refined
4c2v,data/refined_set\4c2v\4c2v_protein.pdb,data/refined_set\4c2v\4c2v_pocket.pdb,data/refined_set\4c2v\4c2v_ligand.mol2,mol2,True,,refined
4c52,data/refined_set\4c52\4c52_protein.pdb,data/refined_set\4c52\4c52_pocket.pdb,data/refined_set\4c52\4c52_ligand.mol2,mol2,True,,refined
4c5d,data/refined_set\4c5d\4c5d_protein.pdb,data/refined_set\4c5d\4c5d_pocket.pdb,data/refined_set\4c5d\4c5d_ligand.mol2,mol2,True,,refined
4c6u,data/refined_set\4c6u\4c6u_protein.pdb,data/refined_set\4c6u\4c6u_pocket.pdb,data/refined_set\4c6u\4c6u_ligand.mol2,mol2,True,,refined
4c9x,data/refined_set\4c9x\4c9x_protein.pdb,data/refined_set\4c9x\4c9x_pocket.pdb,data/refined_set\4c9x\4c9x_ligand.mol2,mol2,True,,refined
4ca5,data/refined_set\4ca5\4ca5_protein.pdb,data/refined_set\4ca5\4ca5_pocket.pdb,data/refined_set\4ca5\4ca5_ligand.mol2,mol2,True,,refined
4ca6,data/refined_set\4ca6\4ca6_protein.pdb,data/refined_set\4ca6\4ca6_pocket.pdb,data/refined_set\4ca6\4ca6_ligand.mol2,mol2,True,,refined
4ca7,data/refined_set\4ca7\4ca7_protein.pdb,data/refined_set\4ca7\4ca7_pocket.pdb,data/refined_set\4ca7\4ca7_ligand.mol2,mol2,True,,refined
4ca8,data/refined_set\4ca8\4ca8_protein.pdb,data/refined_set\4ca8\4ca8_pocket.pdb,data/refined_set\4ca8\4ca8_ligand.mol2,mol2,True,,refined
4cc5,data/refined_set\4cc5\4cc5_protein.pdb,data/refined_set\4cc5\4cc5_pocket.pdb,data/refined_set\4cc5\4cc5_ligand.mol2,mol2,True,,refined
4cd0,data/refined_set\4cd0\4cd0_protein.pdb,data/refined_set\4cd0\4cd0_pocket.pdb,data/refined_set\4cd0\4cd0_ligand.mol2,mol2,True,,refined
4cd4,data/refined_set\4cd4\4cd4_protein.pdb,data/refined_set\4cd4\4cd4_pocket.pdb,data/refined_set\4cd4\4cd4_ligand.mol2,mol2,True,,refined
4cd5,data/refined_set\4cd5\4cd5_protein.pdb,data/refined_set\4cd5\4cd5_pocket.pdb,data/refined_set\4cd5\4cd5_ligand.mol2,mol2,True,,refined
4ceb,data/refined_set\4ceb\4ceb_protein.pdb,data/refined_set\4ceb\4ceb_pocket.pdb,data/refined_set\4ceb\4ceb_ligand.mol2,mol2,True,,refined
4cfl,data/refined_set\4cfl\4cfl_protein.pdb,data/refined_set\4cfl\4cfl_pocket.pdb,data/refined_set\4cfl\4cfl_ligand.mol2,mol2,True,,refined
4cg8,data/refined_set\4cg8\4cg8_protein.pdb,data/refined_set\4cg8\4cg8_pocket.pdb,data/refined_set\4cg8\4cg8_ligand.mol2,mol2,True,,refined
4cg9,data/refined_set\4cg9\4cg9_protein.pdb,data/refined_set\4cg9\4cg9_pocket.pdb,data/refined_set\4cg9\4cg9_ligand.mol2,mol2,True,,refined
4cga,data/refined_set\4cga\4cga_protein.pdb,data/refined_set\4cga\4cga_pocket.pdb,data/refined_set\4cga\4cga_ligand.mol2,mol2,True,,refined
4cgi,data/refined_set\4cgi\4cgi_protein.pdb,data/refined_set\4cgi\4cgi_pocket.pdb,data/refined_set\4cgi\4cgi_ligand.mol2,mol2,True,,refined
4cig,data/refined_set\4cig\4cig_protein.pdb,data/refined_set\4cig\4cig_pocket.pdb,data/refined_set\4cig\4cig_ligand.mol2,mol2,True,,refined
4ciw,data/refined_set\4ciw\4ciw_protein.pdb,data/refined_set\4ciw\4ciw_pocket.pdb,data/refined_set\4ciw\4ciw_ligand.mol2,mol2,True,,refined
4cj4,data/refined_set\4cj4\4cj4_protein.pdb,data/refined_set\4cj4\4cj4_pocket.pdb,data/refined_set\4cj4\4cj4_ligand.mol2,mol2,True,,refined
4cjp,data/refined_set\4cjp\4cjp_protein.pdb,data/refined_set\4cjp\4cjp_pocket.pdb,data/refined_set\4cjp\4cjp_ligand.mol2,mol2,True,,refined
4cjq,data/refined_set\4cjq\4cjq_protein.pdb,data/refined_set\4cjq\4cjq_pocket.pdb,data/refined_set\4cjq\4cjq_ligand.mol2,mol2,True,,refined
4cjr,data/refined_set\4cjr\4cjr_protein.pdb,data/refined_set\4cjr\4cjr_pocket.pdb,data/refined_set\4cjr\4cjr_ligand.mol2,mol2,True,,refined
4ck3,data/refined_set\4ck3\4ck3_protein.pdb,data/refined_set\4ck3\4ck3_pocket.pdb,data/refined_set\4ck3\4ck3_ligand.mol2,mol2,True,,refined
4cl6,data/refined_set\4cl6\4cl6_protein.pdb,data/refined_set\4cl6\4cl6_pocket.pdb,data/refined_set\4cl6\4cl6_ligand.mol2,mol2,True,,refined
4clj,data/refined_set\4clj\4clj_protein.pdb,data/refined_set\4clj\4clj_pocket.pdb,data/refined_set\4clj\4clj_ligand.mol2,mol2,True,,refined
4cmo,data/refined_set\4cmo\4cmo_protein.pdb,data/refined_set\4cmo\4cmo_pocket.pdb,data/refined_set\4cmo\4cmo_ligand.mol2,mol2,True,,refined
4cp5,data/refined_set\4cp5\4cp5_protein.pdb,data/refined_set\4cp5\4cp5_pocket.pdb,data/refined_set\4cp5\4cp5_ligand.mol2,mol2,True,,refined
4cp7,data/refined_set\4cp7\4cp7_protein.pdb,data/refined_set\4cp7\4cp7_pocket.pdb,data/refined_set\4cp7\4cp7_ligand.mol2,mol2,True,,refined
4cpr,data/refined_set\4cpr\4cpr_protein.pdb,data/refined_set\4cpr\4cpr_pocket.pdb,data/refined_set\4cpr\4cpr_ligand.mol2,mol2,True,,refined
4cps,data/refined_set\4cps\4cps_protein.pdb,data/refined_set\4cps\4cps_pocket.pdb,data/refined_set\4cps\4cps_ligand.mol2,mol2,True,,refined
4cpt,data/refined_set\4cpt\4cpt_protein.pdb,data/refined_set\4cpt\4cpt_pocket.pdb,data/refined_set\4cpt\4cpt_ligand.mol2,mol2,True,,refined
4cpw,data/refined_set\4cpw\4cpw_protein.pdb,data/refined_set\4cpw\4cpw_pocket.pdb,data/refined_set\4cpw\4cpw_ligand.mol2,mol2,True,,refined
4cpy,data/refined_set\4cpy\4cpy_protein.pdb,data/refined_set\4cpy\4cpy_pocket.pdb,data/refined_set\4cpy\4cpy_ligand.mol2,mol2,True,,refined
4cpz,data/refined_set\4cpz\4cpz_protein.pdb,data/refined_set\4cpz\4cpz_pocket.pdb,data/refined_set\4cpz\4cpz_ligand.mol2,mol2,True,,refined
4cr5,data/refined_set\4cr5\4cr5_protein.pdb,data/refined_set\4cr5\4cr5_pocket.pdb,data/refined_set\4cr5\4cr5_ligand.mol2,mol2,True,,refined
4cr9,data/refined_set\4cr9\4cr9_protein.pdb,data/refined_set\4cr9\4cr9_pocket.pdb,data/refined_set\4cr9\4cr9_ligand.mol2,mol2,True,,refined
4cra,data/refined_set\4cra\4cra_protein.pdb,data/refined_set\4cra\4cra_pocket.pdb,data/refined_set\4cra\4cra_ligand.mol2,mol2,True,,refined
4crb,data/refined_set\4crb\4crb_protein.pdb,data/refined_set\4crb\4crb_pocket.pdb,data/refined_set\4crb\4crb_ligand.mol2,mol2,True,,refined
4crc,data/refined_set\4crc\4crc_protein.pdb,data/refined_set\4crc\4crc_pocket.pdb,data/refined_set\4crc\4crc_ligand.mol2,mol2,True,,refined
4crf,data/refined_set\4crf\4crf_protein.pdb,data/refined_set\4crf\4crf_pocket.pdb,data/refined_set\4crf\4crf_ligand.mol2,mol2,True,,refined
4crl,data/refined_set\4crl\4crl_protein.pdb,data/refined_set\4crl\4crl_pocket.pdb,data/refined_set\4crl\4crl_ligand.mol2,mol2,True,,refined
4cs9,data/refined_set\4cs9\4cs9_protein.pdb,data/refined_set\4cs9\4cs9_pocket.pdb,data/refined_set\4cs9\4cs9_ligand.mol2,mol2,True,,refined
4csd,data/refined_set\4csd\4csd_protein.pdb,data/refined_set\4csd\4csd_pocket.pdb,data/refined_set\4csd\4csd_ligand.mol2,mol2,True,,refined
4css,data/refined_set\4css\4css_protein.pdb,data/refined_set\4css\4css_pocket.pdb,data/refined_set\4css\4css_ligand.mol2,mol2,True,,refined
4cst,data/refined_set\4cst\4cst_protein.pdb,data/refined_set\4cst\4cst_pocket.pdb,data/refined_set\4cst\4cst_ligand.mol2,mol2,True,,refined
4cu7,data/refined_set\4cu7\4cu7_protein.pdb,data/refined_set\4cu7\4cu7_pocket.pdb,data/refined_set\4cu7\4cu7_ligand.mol2,mol2,True,,refined
4cu8,data/refined_set\4cu8\4cu8_protein.pdb,data/refined_set\4cu8\4cu8_pocket.pdb,data/refined_set\4cu8\4cu8_ligand.mol2,mol2,True,,refined
4cwf,data/refined_set\4cwf\4cwf_protein.pdb,data/refined_set\4cwf\4cwf_pocket.pdb,data/refined_set\4cwf\4cwf_ligand.mol2,mol2,True,,refined
4cwn,data/refined_set\4cwn\4cwn_protein.pdb,data/refined_set\4cwn\4cwn_pocket.pdb,data/refined_set\4cwn\4cwn_ligand.mol2,mol2,True,,refined
4cwo,data/refined_set\4cwo\4cwo_protein.pdb,data/refined_set\4cwo\4cwo_pocket.pdb,data/refined_set\4cwo\4cwo_ligand.mol2,mol2,True,,refined
4cwp,data/refined_set\4cwp\4cwp_protein.pdb,data/refined_set\4cwp\4cwp_pocket.pdb,data/refined_set\4cwp\4cwp_ligand.mol2,mol2,True,,refined
4cwq,data/refined_set\4cwq\4cwq_protein.pdb,data/refined_set\4cwq\4cwq_pocket.pdb,data/refined_set\4cwq\4cwq_ligand.mol2,mol2,True,,refined
4cwr,data/refined_set\4cwr\4cwr_protein.pdb,data/refined_set\4cwr\4cwr_pocket.pdb,data/refined_set\4cwr\4cwr_ligand.mol2,mol2,True,,refined
4cws,data/refined_set\4cws\4cws_protein.pdb,data/refined_set\4cws\4cws_pocket.pdb,data/refined_set\4cws\4cws_ligand.mol2,mol2,True,,refined
4cwt,data/refined_set\4cwt\4cwt_protein.pdb,data/refined_set\4cwt\4cwt_pocket.pdb,data/refined_set\4cwt\4cwt_ligand.mol2,mol2,True,,refined
4czs,data/refined_set\4czs\4czs_protein.pdb,data/refined_set\4czs\4czs_pocket.pdb,data/refined_set\4czs\4czs_ligand.mol2,mol2,True,,refined
4d1j,data/refined_set\4d1j\4d1j_protein.pdb,data/refined_set\4d1j\4d1j_pocket.pdb,data/refined_set\4d1j\4d1j_ligand.mol2,mol2,True,,refined
4d3h,data/refined_set\4d3h\4d3h_protein.pdb,data/refined_set\4d3h\4d3h_pocket.pdb,data/refined_set\4d3h\4d3h_ligand.mol2,mol2,True,,refined
4d4d,data/refined_set\4d4d\4d4d_protein.pdb,data/refined_set\4d4d\4d4d_pocket.pdb,data/refined_set\4d4d\4d4d_ligand.mol2,mol2,True,,refined
4d7b,data/refined_set\4d7b\4d7b_protein.pdb,data/refined_set\4d7b\4d7b_pocket.pdb,data/refined_set\4d7b\4d7b_ligand.mol2,mol2,True,,refined
4d8z,data/refined_set\4d8z\4d8z_protein.pdb,data/refined_set\4d8z\4d8z_pocket.pdb,data/refined_set\4d8z\4d8z_ligand.mol2,mol2,True,,refined
4da5,data/refined_set\4da5\4da5_protein.pdb,data/refined_set\4da5\4da5_pocket.pdb,data/refined_set\4da5\4da5_ligand.mol2,mol2,True,,refined
4daf,data/refined_set\4daf\4daf_protein.pdb,data/refined_set\4daf\4daf_pocket.pdb,data/refined_set\4daf\4daf_ligand.mol2,mol2,True,,refined
4db7,data/refined_set\4db7\4db7_protein.pdb,data/refined_set\4db7\4db7_pocket.pdb,data/refined_set\4db7\4db7_ligand.mol2,mol2,True,,refined
4dbm,data/refined_set\4dbm\4dbm_protein.pdb,data/refined_set\4dbm\4dbm_pocket.pdb,data/refined_set\4dbm\4dbm_ligand.mol2,mol2,True,,refined
4dcs,data/refined_set\4dcs\4dcs_protein.pdb,data/refined_set\4dcs\4dcs_pocket.pdb,data/refined_set\4dcs\4dcs_ligand.mol2,mol2,True,,refined
4ddh,data/refined_set\4ddh\4ddh_protein.pdb,data/refined_set\4ddh\4ddh_pocket.pdb,data/refined_set\4ddh\4ddh_ligand.mol2,mol2,True,,refined
4ddk,data/refined_set\4ddk\4ddk_protein.pdb,data/refined_set\4ddk\4ddk_pocket.pdb,data/refined_set\4ddk\4ddk_ligand.mol2,mol2,True,,refined
4ddm,data/refined_set\4ddm\4ddm_protein.pdb,data/refined_set\4ddm\4ddm_pocket.pdb,data/refined_set\4ddm\4ddm_ligand.mol2,mol2,True,,refined
4de0,data/refined_set\4de0\4de0_protein.pdb,data/refined_set\4de0\4de0_pocket.pdb,data/refined_set\4de0\4de0_ligand.mol2,mol2,True,,refined
4de1,data/refined_set\4de1\4de1_protein.pdb,data/refined_set\4de1\4de1_pocket.pdb,data/refined_set\4de1\4de1_ligand.mol2,mol2,True,,refined
4de2,data/refined_set\4de2\4de2_protein.pdb,data/refined_set\4de2\4de2_pocket.pdb,data/refined_set\4de2\4de2_ligand.mol2,mol2,True,,refined
4de5,data/refined_set\4de5\4de5_protein.pdb,data/refined_set\4de5\4de5_pocket.pdb,data/refined_set\4de5\4de5_ligand.mol2,mol2,True,,refined
4del,data/refined_set\4del\4del_protein.pdb,data/refined_set\4del\4del_pocket.pdb,data/refined_set\4del\4del_ligand.mol2,mol2,True,,refined
4der,data/refined_set\4der\4der_protein.pdb,data/refined_set\4der\4der_pocket.pdb,data/refined_set\4der\4der_ligand.mol2,mol2,True,,refined
4des,data/refined_set\4des\4des_protein.pdb,data/refined_set\4des\4des_pocket.pdb,data/refined_set\4des\4des_ligand.mol2,mol2,True,,refined
4det,data/refined_set\4det\4det_protein.pdb,data/refined_set\4det\4det_pocket.pdb,data/refined_set\4det\4det_ligand.mol2,mol2,True,,refined
4deu,data/refined_set\4deu\4deu_protein.pdb,data/refined_set\4deu\4deu_pocket.pdb,data/refined_set\4deu\4deu_ligand.mol2,mol2,True,,refined
4dew,data/refined_set\4dew\4dew_protein.pdb,data/refined_set\4dew\4dew_pocket.pdb,data/refined_set\4dew\4dew_ligand.mol2,mol2,True,,refined
4dff,data/refined_set\4dff\4dff_protein.pdb,data/refined_set\4dff\4dff_pocket.pdb,data/refined_set\4dff\4dff_ligand.mol2,mol2,True,,refined
4dfg,data/refined_set\4dfg\4dfg_protein.pdb,data/refined_set\4dfg\4dfg_pocket.pdb,data/refined_set\4dfg\4dfg_ligand.mol2,mol2,True,,refined
4dhl,data/refined_set\4dhl\4dhl_protein.pdb,data/refined_set\4dhl\4dhl_pocket.pdb,data/refined_set\4dhl\4dhl_ligand.mol2,mol2,True,,refined
4djo,data/refined_set\4djo\4djo_protein.pdb,data/refined_set\4djo\4djo_pocket.pdb,data/refined_set\4djo\4djo_ligand.mol2,mol2,True,,refined
4djp,data/refined_set\4djp\4djp_protein.pdb,data/refined_set\4djp\4djp_pocket.pdb,data/refined_set\4djp\4djp_ligand.mol2,mol2,True,,refined
4djq,data/refined_set\4djq\4djq_protein.pdb,data/refined_set\4djq\4djq_pocket.pdb,data/refined_set\4djq\4djq_ligand.mol2,mol2,True,,refined
4djr,data/refined_set\4djr\4djr_protein.pdb,data/refined_set\4djr\4djr_pocket.pdb,data/refined_set\4djr\4djr_ligand.mol2,mol2,True,,refined
4dju,data/refined_set\4dju\4dju_protein.pdb,data/refined_set\4dju\4dju_pocket.pdb,data/refined_set\4dju\4dju_ligand.mol2,mol2,True,,refined
4djv,data/refined_set\4djv\4djv_protein.pdb,data/refined_set\4djv\4djv_pocket.pdb,data/refined_set\4djv\4djv_ligand.mol2,mol2,True,,refined
4djw,data/refined_set\4djw\4djw_protein.pdb,data/refined_set\4djw\4djw_pocket.pdb,data/refined_set\4djw\4djw_ligand.mol2,mol2,True,,refined
4djx,data/refined_set\4djx\4djx_protein.pdb,data/refined_set\4djx\4djx_pocket.pdb,data/refined_set\4djx\4djx_ligand.mol2,mol2,True,,refined
4djy,data/refined_set\4djy\4djy_protein.pdb,data/refined_set\4djy\4djy_pocket.pdb,data/refined_set\4djy\4djy_ligand.mol2,mol2,True,,refined
4dko,data/refined_set\4dko\4dko_protein.pdb,data/refined_set\4dko\4dko_pocket.pdb,data/refined_set\4dko\4dko_ligand.mol2,mol2,True,,refined
4dkp,data/refined_set\4dkp\4dkp_protein.pdb,data/refined_set\4dkp\4dkp_pocket.pdb,data/refined_set\4dkp\4dkp_ligand.mol2,mol2,True,,refined
4dkq,data/refined_set\4dkq\4dkq_protein.pdb,data/refined_set\4dkq\4dkq_pocket.pdb,data/refined_set\4dkq\4dkq_ligand.mol2,mol2,True,,refined
4dkr,data/refined_set\4dkr\4dkr_protein.pdb,data/refined_set\4dkr\4dkr_pocket.pdb,data/refined_set\4dkr\4dkr_ligand.mol2,mol2,True,,refined
4dld,data/refined_set\4dld\4dld_protein.pdb,data/refined_set\4dld\4dld_pocket.pdb,data/refined_set\4dld\4dld_ligand.mol2,mol2,True,,refined
4dmw,data/refined_set\4dmw\4dmw_protein.pdb,data/refined_set\4dmw\4dmw_pocket.pdb,data/refined_set\4dmw\4dmw_ligand.mol2,mol2,True,,refined
4do4,data/refined_set\4do4\4do4_protein.pdb,data/refined_set\4do4\4do4_pocket.pdb,data/refined_set\4do4\4do4_ligand.mol2,mol2,True,,refined
4do5,data/refined_set\4do5\4do5_protein.pdb,data/refined_set\4do5\4do5_pocket.pdb,data/refined_set\4do5\4do5_ligand.mol2,mol2,True,,refined
4dq2,data/refined_set\4dq2\4dq2_protein.pdb,data/refined_set\4dq2\4dq2_pocket.pdb,data/refined_set\4dq2\4dq2_ligand.mol2,mol2,True,,refined
4dst,data/refined_set\4dst\4dst_protein.pdb,data/refined_set\4dst\4dst_pocket.pdb,data/refined_set\4dst\4dst_ligand.mol2,mol2,True,,refined
4dsu,data/refined_set\4dsu\4dsu_protein.pdb,data/refined_set\4dsu\4dsu_pocket.pdb,data/refined_set\4dsu\4dsu_ligand.mol2,mol2,True,,refined
4dsy,data/refined_set\4dsy\4dsy_protein.pdb,data/refined_set\4dsy\4dsy_pocket.pdb,data/refined_set\4dsy\4dsy_ligand.mol2,mol2,True,,refined
4duh,data/refined_set\4duh\4duh_protein.pdb,data/refined_set\4duh\4duh_pocket.pdb,data/refined_set\4duh\4duh_ligand.mol2,mol2,True,,refined
4dv8,data/refined_set\4dv8\4dv8_protein.pdb,data/refined_set\4dv8\4dv8_pocket.pdb,data/refined_set\4dv8\4dv8_ligand.mol2,mol2,True,,refined
4dy6,data/refined_set\4dy6\4dy6_protein.pdb,data/refined_set\4dy6\4dy6_pocket.pdb,data/refined_set\4dy6\4dy6_ligand.mol2,mol2,True,,refined
4dzy,data/refined_set\4dzy\4dzy_protein.pdb,data/refined_set\4dzy\4dzy_pocket.pdb,data/refined_set\4dzy\4dzy_ligand.mol2,mol2,True,,refined
4e0x,data/refined_set\4e0x\4e0x_protein.pdb,data/refined_set\4e0x\4e0x_pocket.pdb,data/refined_set\4e0x\4e0x_ligand.mol2,mol2,True,,refined
4e1k,data/refined_set\4e1k\4e1k_protein.pdb,data/refined_set\4e1k\4e1k_pocket.pdb,data/refined_set\4e1k\4e1k_ligand.mol2,mol2,True,,refined
4e3g,data/refined_set\4e3g\4e3g_protein.pdb,data/refined_set\4e3g\4e3g_pocket.pdb,data/refined_set\4e3g\4e3g_ligand.mol2,mol2,True,,refined
4e4l,data/refined_set\4e4l\4e4l_protein.pdb,data/refined_set\4e4l\4e4l_pocket.pdb,data/refined_set\4e4l\4e4l_ligand.mol2,mol2,True,,refined
4e4n,data/refined_set\4e4n\4e4n_protein.pdb,data/refined_set\4e4n\4e4n_pocket.pdb,data/refined_set\4e4n\4e4n_ligand.mol2,mol2,True,,refined
4e5w,data/refined_set\4e5w\4e5w_protein.pdb,data/refined_set\4e5w\4e5w_pocket.pdb,data/refined_set\4e5w\4e5w_ligand.mol2,mol2,True,,refined
4e67,data/refined_set\4e67\4e67_protein.pdb,data/refined_set\4e67\4e67_pocket.pdb,data/refined_set\4e67\4e67_ligand.mol2,mol2,True,,refined
4e6d,data/refined_set\4e6d\4e6d_protein.pdb,data/refined_set\4e6d\4e6d_pocket.pdb,data/refined_set\4e6d\4e6d_ligand.mol2,mol2,True,,refined
4e6q,data/refined_set\4e6q\4e6q_protein.pdb,data/refined_set\4e6q\4e6q_pocket.pdb,data/refined_set\4e6q\4e6q_ligand.mol2,mol2,True,,refined
4e70,data/refined_set\4e70\4e70_protein.pdb,data/refined_set\4e70\4e70_pocket.pdb,data/refined_set\4e70\4e70_ligand.mol2,mol2,True,,refined
4e7r,data/refined_set\4e7r\4e7r_protein.pdb,data/refined_set\4e7r\4e7r_pocket.pdb,data/refined_set\4e7r\4e7r_ligand.mol2,mol2,True,,refined
4e9u,data/refined_set\4e9u\4e9u_protein.pdb,data/refined_set\4e9u\4e9u_pocket.pdb,data/refined_set\4e9u\4e9u_ligand.mol2,mol2,True,,refined
4ea2,data/refined_set\4ea2\4ea2_protein.pdb,data/refined_set\4ea2\4ea2_pocket.pdb,data/refined_set\4ea2\4ea2_ligand.mol2,mol2,True,,refined
4eb8,data/refined_set\4eb8\4eb8_protein.pdb,data/refined_set\4eb8\4eb8_pocket.pdb,data/refined_set\4eb8\4eb8_ligand.mol2,mol2,True,,refined
4ef6,data/refined_set\4ef6\4ef6_protein.pdb,data/refined_set\4ef6\4ef6_pocket.pdb,data/refined_set\4ef6\4ef6_ligand.mol2,mol2,True,,refined
4efk,data/refined_set\4efk\4efk_protein.pdb,data/refined_set\4efk\4efk_pocket.pdb,data/refined_set\4efk\4efk_ligand.mol2,mol2,True,,refined
4efs,data/refined_set\4efs\4efs_protein.pdb,data/refined_set\4efs\4efs_pocket.pdb,data/refined_set\4efs\4efs_ligand.mol2,mol2,True,,refined
4egk,data/refined_set\4egk\4egk_protein.pdb,data/refined_set\4egk\4egk_pocket.pdb,data/refined_set\4egk\4egk_ligand.mol2,mol2,True,,refined
4ehz,data/refined_set\4ehz\4ehz_protein.pdb,data/refined_set\4ehz\4ehz_pocket.pdb,data/refined_set\4ehz\4ehz_ligand.mol2,mol2,True,,refined
4ei4,data/refined_set\4ei4\4ei4_protein.pdb,data/refined_set\4ei4\4ei4_pocket.pdb,data/refined_set\4ei4\4ei4_ligand.mol2,mol2,True,,refined
4ej8,data/refined_set\4ej8\4ej8_protein.pdb,data/refined_set\4ej8\4ej8_pocket.pdb,data/refined_set\4ej8\4ej8_ligand.mol2,mol2,True,,refined
4ejl,data/refined_set\4ejl\4ejl_protein.pdb,data/refined_set\4ejl\4ejl_pocket.pdb,data/refined_set\4ejl\4ejl_ligand.mol2,mol2,True,,refined
4ek9,data/refined_set\4ek9\4ek9_protein.pdb,data/refined_set\4ek9\4ek9_pocket.pdb,data/refined_set\4ek9\4ek9_ligand.mol2,mol2,True,,refined
4elf,data/refined_set\4elf\4elf_protein.pdb,data/refined_set\4elf\4elf_pocket.pdb,data/refined_set\4elf\4elf_ligand.mol2,mol2,True,,refined
4elg,data/refined_set\4elg\4elg_protein.pdb,data/refined_set\4elg\4elg_pocket.pdb,data/refined_set\4elg\4elg_ligand.mol2,mol2,True,,refined
4elh,data/refined_set\4elh\4elh_protein.pdb,data/refined_set\4elh\4elh_pocket.pdb,data/refined_set\4elh\4elh_ligand.mol2,mol2,True,,refined
4emf,data/refined_set\4emf\4emf_protein.pdb,data/refined_set\4emf\4emf_pocket.pdb,data/refined_set\4emf\4emf_ligand.mol2,mol2,True,,refined
4emr,data/refined_set\4emr\4emr_protein.pdb,data/refined_set\4emr\4emr_pocket.pdb,data/refined_set\4emr\4emr_ligand.mol2,mol2,True,,refined
4en4,data/refined_set\4en4\4en4_protein.pdb,data/refined_set\4en4\4en4_pocket.pdb,data/refined_set\4en4\4en4_ligand.mol2,mol2,True,,refined
4eo6,data/refined_set\4eo6\4eo6_protein.pdb,data/refined_set\4eo6\4eo6_pocket.pdb,data/refined_set\4eo6\4eo6_ligand.mol2,mol2,True,,refined
4eo8,data/refined_set\4eo8\4eo8_protein.pdb,data/refined_set\4eo8\4eo8_pocket.pdb,data/refined_set\4eo8\4eo8_ligand.mol2,mol2,True,,refined
4eoh,data/refined_set\4eoh\4eoh_protein.pdb,data/refined_set\4eoh\4eoh_pocket.pdb,data/refined_set\4eoh\4eoh_ligand.mol2,mol2,True,,refined
4eor,data/refined_set\4eor\4eor_protein.pdb,data/refined_set\4eor\4eor_pocket.pdb,data/refined_set\4eor\4eor_ligand.mol2,mol2,True,,refined
4epy,data/refined_set\4epy\4epy_protein.pdb,data/refined_set\4epy\4epy_pocket.pdb,data/refined_set\4epy\4epy_ligand.mol2,mol2,True,,refined
4er1,data/refined_set\4er1\4er1_protein.pdb,data/refined_set\4er1\4er1_pocket.pdb,data/refined_set\4er1\4er1_ligand.mol2,mol2,True,,refined
4er2,data/refined_set\4er2\4er2_protein.pdb,data/refined_set\4er2\4er2_pocket.pdb,data/refined_set\4er2\4er2_ligand.mol2,mol2,True,,refined
4erf,data/refined_set\4erf\4erf_protein.pdb,data/refined_set\4erf\4erf_pocket.pdb,data/refined_set\4erf\4erf_ligand.mol2,mol2,True,,refined
4etz,data/refined_set\4etz\4etz_protein.pdb,data/refined_set\4etz\4etz_pocket.pdb,data/refined_set\4etz\4etz_ligand.mol2,mol2,True,,refined
4eu0,data/refined_set\4eu0\4eu0_protein.pdb,data/refined_set\4eu0\4eu0_pocket.pdb,data/refined_set\4eu0\4eu0_ligand.mol2,mol2,True,,refined
4euo,data/refined_set\4euo\4euo_protein.pdb,data/refined_set\4euo\4euo_pocket.pdb,data/refined_set\4euo\4euo_ligand.mol2,mol2,True,,refined
4ew2,data/refined_set\4ew2\4ew2_protein.pdb,data/refined_set\4ew2\4ew2_pocket.pdb,data/refined_set\4ew2\4ew2_ligand.mol2,mol2,True,,refined
4ew3,data/refined_set\4ew3\4ew3_protein.pdb,data/refined_set\4ew3\4ew3_pocket.pdb,data/refined_set\4ew3\4ew3_ligand.mol2,mol2,True,,refined
4ewn,data/refined_set\4ewn\4ewn_protein.pdb,data/refined_set\4ewn\4ewn_pocket.pdb,data/refined_set\4ewn\4ewn_ligand.mol2,mol2,True,,refined
4exs,data/refined_set\4exs\4exs_protein.pdb,data/refined_set\4exs\4exs_pocket.pdb,data/refined_set\4exs\4exs_ligand.mol2,mol2,True,,refined
4ezr,data/refined_set\4ezr\4ezr_protein.pdb,data/refined_set\4ezr\4ezr_pocket.pdb,data/refined_set\4ezr\4ezr_ligand.mol2,mol2,True,,refined
4ezx,data/refined_set\4ezx\4ezx_protein.pdb,data/refined_set\4ezx\4ezx_pocket.pdb,data/refined_set\4ezx\4ezx_ligand.mol2,mol2,True,,refined
4ezz,data/refined_set\4ezz\4ezz_protein.pdb,data/refined_set\4ezz\4ezz_pocket.pdb,data/refined_set\4ezz\4ezz_ligand.mol2,mol2,True,,refined
4f09,data/refined_set\4f09\4f09_protein.pdb,data/refined_set\4f09\4f09_pocket.pdb,data/refined_set\4f09\4f09_ligand.mol2,mol2,True,,refined
4f0c,data/refined_set\4f0c\4f0c_protein.pdb,data/refined_set\4f0c\4f0c_pocket.pdb,data/refined_set\4f0c\4f0c_ligand.mol2,mol2,True,,refined
4f1l,data/refined_set\4f1l\4f1l_protein.pdb,data/refined_set\4f1l\4f1l_pocket.pdb,data/refined_set\4f1l\4f1l_ligand.mol2,mol2,True,,refined
4f2w,data/refined_set\4f2w\4f2w_protein.pdb,data/refined_set\4f2w\4f2w_pocket.pdb,data/refined_set\4f2w\4f2w_ligand.mol2,mol2,True,,refined
4f39,data/refined_set\4f39\4f39_protein.pdb,data/refined_set\4f39\4f39_pocket.pdb,data/refined_set\4f39\4f39_ligand.mol2,mol2,True,,refined
4f3c,data/refined_set\4f3c\4f3c_protein.pdb,data/refined_set\4f3c\4f3c_pocket.pdb,data/refined_set\4f3c\4f3c_ligand.mol2,mol2,True,,refined
4f3k,data/refined_set\4f3k\4f3k_protein.pdb,data/refined_set\4f3k\4f3k_pocket.pdb,data/refined_set\4f3k\4f3k_ligand.mol2,mol2,True,,refined
4f5y,data/refined_set\4f5y\4f5y_protein.pdb,data/refined_set\4f5y\4f5y_pocket.pdb,data/refined_set\4f5y\4f5y_ligand.mol2,mol2,True,,refined
4f6u,data/refined_set\4f6u\4f6u_protein.pdb,data/refined_set\4f6u\4f6u_pocket.pdb,data/refined_set\4f6u\4f6u_ligand.mol2,mol2,True,,refined
4f6w,data/refined_set\4f6w\4f6w_protein.pdb,data/refined_set\4f6w\4f6w_pocket.pdb,data/refined_set\4f6w\4f6w_ligand.mol2,mol2,True,,refined
4f7v,data/refined_set\4f7v\4f7v_protein.pdb,data/refined_set\4f7v\4f7v_pocket.pdb,data/refined_set\4f7v\4f7v_ligand.mol2,mol2,True,,refined
4f9u,data/refined_set\4f9u\4f9u_protein.pdb,data/refined_set\4f9u\4f9u_pocket.pdb,data/refined_set\4f9u\4f9u_ligand.mol2,mol2,True,,refined
4f9w,data/refined_set\4f9w\4f9w_protein.pdb,data/refined_set\4f9w\4f9w_pocket.pdb,data/refined_set\4f9w\4f9w_ligand.mol2,mol2,True,,refined
4f9y,data/refined_set\4f9y\4f9y_protein.pdb,data/refined_set\4f9y\4f9y_pocket.pdb,data/refined_set\4f9y\4f9y_ligand.mol2,mol2,True,,refined
4fai,data/refined_set\4fai\4fai_protein.pdb,data/refined_set\4fai\4fai_pocket.pdb,data/refined_set\4fai\4fai_ligand.mol2,mol2,True,,refined
4fcq,data/refined_set\4fcq\4fcq_protein.pdb,data/refined_set\4fcq\4fcq_pocket.pdb,data/refined_set\4fcq\4fcq_ligand.mol2,mol2,True,,refined
4fev,data/refined_set\4fev\4fev_protein.pdb,data/refined_set\4fev\4fev_pocket.pdb,data/refined_set\4fev\4fev_ligand.mol2,mol2,True,,refined
4few,data/refined_set\4few\4few_protein.pdb,data/refined_set\4few\4few_pocket.pdb,data/refined_set\4few\4few_ligand.mol2,mol2,True,,refined
4ffs,data/refined_set\4ffs\4ffs_protein.pdb,data/refined_set\4ffs\4ffs_pocket.pdb,data/refined_set\4ffs\4ffs_ligand.mol2,mol2,True,,refined
4fht,data/refined_set\4fht\4fht_protein.pdb,data/refined_set\4fht\4fht_pocket.pdb,data/refined_set\4fht\4fht_ligand.mol2,mol2,True,,refined
4fk6,data/refined_set\4fk6\4fk6_protein.pdb,data/refined_set\4fk6\4fk6_pocket.pdb,data/refined_set\4fk6\4fk6_ligand.mol2,mol2,True,,refined
4fl1,data/refined_set\4fl1\4fl1_protein.pdb,data/refined_set\4fl1\4fl1_pocket.pdb,data/refined_set\4fl1\4fl1_ligand.mol2,mol2,True,,refined
4fl2,data/refined_set\4fl2\4fl2_protein.pdb,data/refined_set\4fl2\4fl2_pocket.pdb,data/refined_set\4fl2\4fl2_ligand.mol2,mol2,True,,refined
4flp,data/refined_set\4flp\4flp_protein.pdb,data/refined_set\4flp\4flp_pocket.pdb,data/refined_set\4flp\4flp_ligand.mol2,mol2,True,,refined
4fm7,data/refined_set\4fm7\4fm7_protein.pdb,data/refined_set\4fm7\4fm7_pocket.pdb,data/refined_set\4fm7\4fm7_ligand.mol2,mol2,True,,refined
4fm8,data/refined_set\4fm8\4fm8_protein.pdb,data/refined_set\4fm8\4fm8_pocket.pdb,data/refined_set\4fm8\4fm8_ligand.mol2,mol2,True,,refined
4fnn,data/refined_set\4fnn\4fnn_protein.pdb,data/refined_set\4fnn\4fnn_pocket.pdb,data/refined_set\4fnn\4fnn_ligand.mol2,mol2,True,,refined
4fp1,data/refined_set\4fp1\4fp1_protein.pdb,data/refined_set\4fp1\4fp1_pocket.pdb,data/refined_set\4fp1\4fp1_ligand.mol2,mol2,True,,refined
4fs4,data/refined_set\4fs4\4fs4_protein.pdb,data/refined_set\4fs4\4fs4_pocket.pdb,data/refined_set\4fs4\4fs4_ligand.mol2,mol2,True,,refined
4fsl,data/refined_set\4fsl\4fsl_protein.pdb,data/refined_set\4fsl\4fsl_pocket.pdb,data/refined_set\4fsl\4fsl_ligand.mol2,mol2,True,,refined
4fxp,data/refined_set\4fxp\4fxp_protein.pdb,data/refined_set\4fxp\4fxp_pocket.pdb,data/refined_set\4fxp\4fxp_ligand.mol2,mol2,True,,refined
4fxq,data/refined_set\4fxq\4fxq_protein.pdb,data/refined_set\4fxq\4fxq_pocket.pdb,data/refined_set\4fxq\4fxq_ligand.mol2,mol2,True,,refined
4fys,data/refined_set\4fys\4fys_protein.pdb,data/refined_set\4fys\4fys_pocket.pdb,data/refined_set\4fys\4fys_ligand.mol2,mol2,True,,refined
4fz3,data/refined_set\4fz3\4fz3_protein.pdb,data/refined_set\4fz3\4fz3_pocket.pdb,data/refined_set\4fz3\4fz3_ligand.mol2,mol2,True,,refined
4fzj,data/refined_set\4fzj\4fzj_protein.pdb,data/refined_set\4fzj\4fzj_pocket.pdb,data/refined_set\4fzj\4fzj_ligand.mol2,mol2,True,,refined
4g0p,data/refined_set\4g0p\4g0p_protein.pdb,data/refined_set\4g0p\4g0p_pocket.pdb,data/refined_set\4g0p\4g0p_ligand.mol2,mol2,True,,refined
4g0q,data/refined_set\4g0q\4g0q_protein.pdb,data/refined_set\4g0q\4g0q_pocket.pdb,data/refined_set\4g0q\4g0q_ligand.mol2,mol2,True,,refined
4g0y,data/refined_set\4g0y\4g0y_protein.pdb,data/refined_set\4g0y\4g0y_pocket.pdb,data/refined_set\4g0y\4g0y_ligand.mol2,mol2,True,,refined
4g0z,data/refined_set\4g0z\4g0z_protein.pdb,data/refined_set\4g0z\4g0z_pocket.pdb,data/refined_set\4g0z\4g0z_ligand.mol2,mol2,True,,refined
4g4p,data/refined_set\4g4p\4g4p_protein.pdb,data/refined_set\4g4p\4g4p_pocket.pdb,data/refined_set\4g4p\4g4p_ligand.mol2,mol2,True,,refined
4g5f,data/refined_set\4g5f\4g5f_protein.pdb,data/refined_set\4g5f\4g5f_pocket.pdb,data/refined_set\4g5f\4g5f_ligand.mol2,mol2,True,,refined
4g8m,data/refined_set\4g8m\4g8m_protein.pdb,data/refined_set\4g8m\4g8m_pocket.pdb,data/refined_set\4g8m\4g8m_ligand.mol2,mol2,True,,refined
4g8n,data/refined_set\4g8n\4g8n_protein.pdb,data/refined_set\4g8n\4g8n_pocket.pdb,data/refined_set\4g8n\4g8n_ligand.mol2,mol2,True,,refined
4g8v,data/refined_set\4g8v\4g8v_protein.pdb,data/refined_set\4g8v\4g8v_pocket.pdb,data/refined_set\4g8v\4g8v_ligand.mol2,mol2,True,,refined
4g8y,data/refined_set\4g8y\4g8y_protein.pdb,data/refined_set\4g8y\4g8y_pocket.pdb,data/refined_set\4g8y\4g8y_ligand.mol2,mol2,True,,refined
4g90,data/refined_set\4g90\4g90_protein.pdb,data/refined_set\4g90\4g90_pocket.pdb,data/refined_set\4g90\4g90_ligand.mol2,mol2,True,,refined
4g95,data/refined_set\4g95\4g95_protein.pdb,data/refined_set\4g95\4g95_pocket.pdb,data/refined_set\4g95\4g95_ligand.mol2,mol2,True,,refined
4gah,data/refined_set\4gah\4gah_protein.pdb,data/refined_set\4gah\4gah_pocket.pdb,data/refined_set\4gah\4gah_ligand.mol2,mol2,True,,refined
4gbd,data/refined_set\4gbd\4gbd_protein.pdb,data/refined_set\4gbd\4gbd_pocket.pdb,data/refined_set\4gbd\4gbd_ligand.mol2,mol2,True,,refined
4ge1,data/refined_set\4ge1\4ge1_protein.pdb,data/refined_set\4ge1\4ge1_pocket.pdb,data/refined_set\4ge1\4ge1_ligand.mol2,mol2,True,,refined
4gfm,data/refined_set\4gfm\4gfm_protein.pdb,data/refined_set\4gfm\4gfm_pocket.pdb,data/refined_set\4gfm\4gfm_ligand.mol2,mol2,True,,refined
4gfo,data/refined_set\4gfo\4gfo_protein.pdb,data/refined_set\4gfo\4gfo_pocket.pdb,data/refined_set\4gfo\4gfo_ligand.mol2,mol2,True,,refined
4gg7,data/refined_set\4gg7\4gg7_protein.pdb,data/refined_set\4gg7\4gg7_pocket.pdb,data/refined_set\4gg7\4gg7_ligand.mol2,mol2,True,,refined
4ggz,data/refined_set\4ggz\4ggz_protein.pdb,data/refined_set\4ggz\4ggz_pocket.pdb,data/refined_set\4ggz\4ggz_ligand.mol2,mol2,True,,refined
4ghi,data/refined_set\4ghi\4ghi_protein.pdb,data/refined_set\4ghi\4ghi_pocket.pdb,data/refined_set\4ghi\4ghi_ligand.mol2,mol2,True,,refined
4gid,data/refined_set\4gid\4gid_protein.pdb,data/refined_set\4gid\4gid_pocket.pdb,data/refined_set\4gid\4gid_ligand.mol2,mol2,True,,refined
4gih,data/refined_set\4gih\4gih_protein.pdb,data/refined_set\4gih\4gih_pocket.pdb,data/refined_set\4gih\4gih_ligand.mol2,mol2,True,,refined
4gii,data/refined_set\4gii\4gii_protein.pdb,data/refined_set\4gii\4gii_pocket.pdb,data/refined_set\4gii\4gii_ligand.mol2,mol2,True,,refined
4gj2,data/refined_set\4gj2\4gj2_protein.pdb,data/refined_set\4gj2\4gj2_pocket.pdb,data/refined_set\4gj2\4gj2_ligand.mol2,mol2,True,,refined
4gj3,data/refined_set\4gj3\4gj3_protein.pdb,data/refined_set\4gj3\4gj3_pocket.pdb,data/refined_set\4gj3\4gj3_ligand.mol2,mol2,True,,refined
4gkh,data/refined_set\4gkh\4gkh_protein.pdb,data/refined_set\4gkh\4gkh_pocket.pdb,data/refined_set\4gkh\4gkh_ligand.mol2,mol2,True,,refined
4gki,data/refined_set\4gki\4gki_protein.pdb,data/refined_set\4gki\4gki_pocket.pdb,data/refined_set\4gki\4gki_ligand.mol2,mol2,True,,refined
4gkm,data/refined_set\4gkm\4gkm_protein.pdb,data/refined_set\4gkm\4gkm_pocket.pdb,data/refined_set\4gkm\4gkm_ligand.mol2,mol2,True,,refined
4gny,data/refined_set\4gny\4gny_protein.pdb,data/refined_set\4gny\4gny_pocket.pdb,data/refined_set\4gny\4gny_ligand.mol2,mol2,True,,refined
4gq4,data/refined_set\4gq4\4gq4_protein.pdb,data/refined_set\4gq4\4gq4_pocket.pdb,data/refined_set\4gq4\4gq4_ligand.mol2,mol2,True,,refined
4gql,data/refined_set\4gql\4gql_protein.pdb,data/refined_set\4gql\4gql_pocket.pdb,data/refined_set\4gql\4gql_ligand.mol2,mol2,True,,refined
4gqp,data/refined_set\4gqp\4gqp_protein.pdb,data/refined_set\4gqp\4gqp_pocket.pdb,data/refined_set\4gqp\4gqp_ligand.mol2,mol2,True,,refined
4gqq,data/refined_set\4gqq\4gqq_protein.pdb,data/refined_set\4gqq\4gqq_pocket.pdb,data/refined_set\4gqq\4gqq_ligand.mol2,mol2,True,,refined
4gqr,data/refined_set\4gqr\4gqr_protein.pdb,data/refined_set\4gqr\4gqr_pocket.pdb,data/refined_set\4gqr\4gqr_ligand.mol2,mol2,True,,refined
4gr0,data/refined_set\4gr0\4gr0_protein.pdb,data/refined_set\4gr0\4gr0_pocket.pdb,data/refined_set\4gr0\4gr0_ligand.mol2,mol2,True,,refined
4gr3,data/refined_set\4gr3\4gr3_protein.pdb,data/refined_set\4gr3\4gr3_pocket.pdb,data/refined_set\4gr3\4gr3_ligand.mol2,mol2,True,,refined
4gr8,data/refined_set\4gr8\4gr8_protein.pdb,data/refined_set\4gr8\4gr8_pocket.pdb,data/refined_set\4gr8\4gr8_ligand.mol2,mol2,True,,refined
4gu6,data/refined_set\4gu6\4gu6_protein.pdb,data/refined_set\4gu6\4gu6_pocket.pdb,data/refined_set\4gu6\4gu6_ligand.mol2,mol2,True,,refined
4gu9,data/refined_set\4gu9\4gu9_protein.pdb,data/refined_set\4gu9\4gu9_pocket.pdb,data/refined_set\4gu9\4gu9_ligand.mol2,mol2,True,,refined
4gue,data/refined_set\4gue\4gue_protein.pdb,data/refined_set\4gue\4gue_pocket.pdb,data/refined_set\4gue\4gue_ligand.mol2,mol2,True,,refined
4gzp,data/refined_set\4gzp\4gzp_protein.pdb,data/refined_set\4gzp\4gzp_pocket.pdb,data/refined_set\4gzp\4gzp_ligand.mol2,mol2,True,,refined
4gzt,data/refined_set\4gzt\4gzt_protein.pdb,data/refined_set\4gzt\4gzt_pocket.pdb,data/refined_set\4gzt\4gzt_ligand.mol2,mol2,True,,refined
4gzw,data/refined_set\4gzw\4gzw_protein.pdb,data/refined_set\4gzw\4gzw_pocket.pdb,data/refined_set\4gzw\4gzw_ligand.mol2,mol2,True,,refined
4gzx,data/refined_set\4gzx\4gzx_protein.pdb,data/refined_set\4gzx\4gzx_pocket.pdb,data/refined_set\4gzx\4gzx_ligand.mol2,mol2,True,,refined
4h3f,data/refined_set\4h3f\4h3f_protein.pdb,data/refined_set\4h3f\4h3f_pocket.pdb,data/refined_set\4h3f\4h3f_ligand.mol2,mol2,True,,refined
4h3g,data/refined_set\4h3g\4h3g_protein.pdb,data/refined_set\4h3g\4h3g_pocket.pdb,data/refined_set\4h3g\4h3g_ligand.mol2,mol2,True,,refined
4h3j,data/refined_set\4h3j\4h3j_protein.pdb,data/refined_set\4h3j\4h3j_pocket.pdb,data/refined_set\4h3j\4h3j_ligand.mol2,mol2,True,,refined
4h42,data/refined_set\4h42\4h42_protein.pdb,data/refined_set\4h42\4h42_pocket.pdb,data/refined_set\4h42\4h42_ligand.mol2,mol2,True,,refined
4h75,data/refined_set\4h75\4h75_protein.pdb,data/refined_set\4h75\4h75_pocket.pdb,data/refined_set\4h75\4h75_ligand.mol2,mol2,True,,refined
4h7q,data/refined_set\4h7q\4h7q_protein.pdb,data/refined_set\4h7q\4h7q_pocket.pdb,data/refined_set\4h7q\4h7q_ligand.mol2,mol2,True,,refined
4h81,data/refined_set\4h81\4h81_protein.pdb,data/refined_set\4h81\4h81_pocket.pdb,data/refined_set\4h81\4h81_ligand.mol2,mol2,True,,refined
4h85,data/refined_set\4h85\4h85_protein.pdb,data/refined_set\4h85\4h85_pocket.pdb,data/refined_set\4h85\4h85_ligand.mol2,mol2,True,,refined
4ha5,data/refined_set\4ha5\4ha5_protein.pdb,data/refined_set\4ha5\4ha5_pocket.pdb,data/refined_set\4ha5\4ha5_ligand.mol2,mol2,True,,refined
4hbm,data/refined_set\4hbm\4hbm_protein.pdb,data/refined_set\4hbm\4hbm_pocket.pdb,data/refined_set\4hbm\4hbm_ligand.mol2,mol2,True,,refined
4hdb,data/refined_set\4hdb\4hdb_protein.pdb,data/refined_set\4hdb\4hdb_pocket.pdb,data/refined_set\4hdb\4hdb_ligand.mol2,mol2,True,,refined
4hdf,data/refined_set\4hdf\4hdf_protein.pdb,data/refined_set\4hdf\4hdf_pocket.pdb,data/refined_set\4hdf\4hdf_ligand.mol2,mol2,True,,refined
4hdp,data/refined_set\4hdp\4hdp_protein.pdb,data/refined_set\4hdp\4hdp_pocket.pdb,data/refined_set\4hdp\4hdp_ligand.mol2,mol2,True,,refined
4heg,data/refined_set\4heg\4heg_protein.pdb,data/refined_set\4heg\4heg_pocket.pdb,data/refined_set\4heg\4heg_ligand.mol2,mol2,True,,refined
4hf4,data/refined_set\4hf4\4hf4_protein.pdb,data/refined_set\4hf4\4hf4_pocket.pdb,data/refined_set\4hf4\4hf4_ligand.mol2,mol2,True,,refined
4hfp,data/refined_set\4hfp\4hfp_protein.pdb,data/refined_set\4hfp\4hfp_pocket.pdb,data/refined_set\4hfp\4hfp_ligand.mol2,mol2,True,,refined
4hge,data/refined_set\4hge\4hge_protein.pdb,data/refined_set\4hge\4hge_pocket.pdb,data/refined_set\4hge\4hge_ligand.mol2,mol2,True,,refined
4hj2,data/refined_set\4hj2\4hj2_protein.pdb,data/refined_set\4hj2\4hj2_pocket.pdb,data/refined_set\4hj2\4hj2_ligand.mol2,mol2,True,,refined
4hla,data/refined_set\4hla\4hla_protein.pdb,data/refined_set\4hla\4hla_pocket.pdb,data/refined_set\4hla\4hla_ligand.mol2,mol2,True,,refined
4hp0,data/refined_set\4hp0\4hp0_protein.pdb,data/refined_set\4hp0\4hp0_pocket.pdb,data/refined_set\4hp0\4hp0_ligand.mol2,mol2,True,,refined
4hpi,data/refined_set\4hpi\4hpi_protein.pdb,data/refined_set\4hpi\4hpi_pocket.pdb,data/refined_set\4hpi\4hpi_ligand.mol2,mol2,True,,refined
4ht0,data/refined_set\4ht0\4ht0_protein.pdb,data/refined_set\4ht0\4ht0_pocket.pdb,data/refined_set\4ht0\4ht0_ligand.mol2,mol2,True,,refined
4ht2,data/refined_set\4ht2\4ht2_protein.pdb,data/refined_set\4ht2\4ht2_pocket.pdb,data/refined_set\4ht2\4ht2_ligand.mol2,mol2,True,,refined
4hu1,data/refined_set\4hu1\4hu1_protein.pdb,data/refined_set\4hu1\4hu1_pocket.pdb,data/refined_set\4hu1\4hu1_ligand.mol2,mol2,True,,refined
4hw3,data/refined_set\4hw3\4hw3_protein.pdb,data/refined_set\4hw3\4hw3_pocket.pdb,data/refined_set\4hw3\4hw3_ligand.mol2,mol2,True,,refined
4hwo,data/refined_set\4hwo\4hwo_protein.pdb,data/refined_set\4hwo\4hwo_pocket.pdb,data/refined_set\4hwo\4hwo_ligand.mol2,mol2,True,,refined
4hwp,data/refined_set\4hwp\4hwp_protein.pdb,data/refined_set\4hwp\4hwp_pocket.pdb,data/refined_set\4hwp\4hwp_ligand.mol2,mol2,True,,refined
4hws,data/refined_set\4hws\4hws_protein.pdb,data/refined_set\4hws\4hws_pocket.pdb,data/refined_set\4hws\4hws_ligand.mol2,mol2,True,,refined
4hy1,data/refined_set\4hy1\4hy1_protein.pdb,data/refined_set\4hy1\4hy1_pocket.pdb,data/refined_set\4hy1\4hy1_ligand.mol2,mol2,True,,refined
4hym,data/refined_set\4hym\4hym_protein.pdb,data/refined_set\4hym\4hym_pocket.pdb,data/refined_set\4hym\4hym_ligand.mol2,mol2,True,,refined
4hzm,data/refined_set\4hzm\4hzm_protein.pdb,data/refined_set\4hzm\4hzm_pocket.pdb,data/refined_set\4hzm\4hzm_ligand.mol2,mol2,True,,refined
4i3z,data/refined_set\4i3z\4i3z_protein.pdb,data/refined_set\4i3z\4i3z_pocket.pdb,data/refined_set\4i3z\4i3z_ligand.mol2,mol2,True,,refined
4i54,data/refined_set\4i54\4i54_protein.pdb,data/refined_set\4i54\4i54_pocket.pdb,data/refined_set\4i54\4i54_ligand.mol2,mol2,True,,refined
4i5c,data/refined_set\4i5c\4i5c_protein.pdb,data/refined_set\4i5c\4i5c_pocket.pdb,data/refined_set\4i5c\4i5c_ligand.mol2,mol2,True,,refined
4i71,data/refined_set\4i71\4i71_protein.pdb,data/refined_set\4i71\4i71_pocket.pdb,data/refined_set\4i71\4i71_ligand.mol2,mol2,True,,refined
4i72,data/refined_set\4i72\4i72_protein.pdb,data/refined_set\4i72\4i72_pocket.pdb,data/refined_set\4i72\4i72_ligand.mol2,mol2,True,,refined
4i74,data/refined_set\4i74\4i74_protein.pdb,data/refined_set\4i74\4i74_pocket.pdb,data/refined_set\4i74\4i74_ligand.mol2,mol2,True,,refined
4i7j,data/refined_set\4i7j\4i7j_protein.pdb,data/refined_set\4i7j\4i7j_pocket.pdb,data/refined_set\4i7j\4i7j_ligand.mol2,mol2,True,,refined
4i7k,data/refined_set\4i7k\4i7k_protein.pdb,data/refined_set\4i7k\4i7k_pocket.pdb,data/refined_set\4i7k\4i7k_ligand.mol2,mol2,True,,refined
4i7l,data/refined_set\4i7l\4i7l_protein.pdb,data/refined_set\4i7l\4i7l_pocket.pdb,data/refined_set\4i7l\4i7l_ligand.mol2,mol2,True,,refined
4i7m,data/refined_set\4i7m\4i7m_protein.pdb,data/refined_set\4i7m\4i7m_pocket.pdb,data/refined_set\4i7m\4i7m_ligand.mol2,mol2,True,,refined
4i7p,data/refined_set\4i7p\4i7p_protein.pdb,data/refined_set\4i7p\4i7p_pocket.pdb,data/refined_set\4i7p\4i7p_ligand.mol2,mol2,True,,refined
4i8n,data/refined_set\4i8n\4i8n_protein.pdb,data/refined_set\4i8n\4i8n_pocket.pdb,data/refined_set\4i8n\4i8n_ligand.mol2,mol2,True,,refined
4i8w,data/refined_set\4i8w\4i8w_protein.pdb,data/refined_set\4i8w\4i8w_pocket.pdb,data/refined_set\4i8w\4i8w_ligand.mol2,mol2,True,,refined
4i8x,data/refined_set\4i8x\4i8x_protein.pdb,data/refined_set\4i8x\4i8x_pocket.pdb,data/refined_set\4i8x\4i8x_ligand.mol2,mol2,True,,refined
4i8z,data/refined_set\4i8z\4i8z_protein.pdb,data/refined_set\4i8z\4i8z_pocket.pdb,data/refined_set\4i8z\4i8z_ligand.mol2,mol2,True,,refined
4i9h,data/refined_set\4i9h\4i9h_protein.pdb,data/refined_set\4i9h\4i9h_pocket.pdb,data/refined_set\4i9h\4i9h_ligand.mol2,mol2,True,,refined
4i9u,data/refined_set\4i9u\4i9u_protein.pdb,data/refined_set\4i9u\4i9u_pocket.pdb,data/refined_set\4i9u\4i9u_ligand.mol2,mol2,True,,refined
4ibb,data/refined_set\4ibb\4ibb_protein.pdb,data/refined_set\4ibb\4ibb_pocket.pdb,data/refined_set\4ibb\4ibb_ligand.mol2,mol2,True,,refined
4ibc,data/refined_set\4ibc\4ibc_protein.pdb,data/refined_set\4ibc\4ibc_pocket.pdb,data/refined_set\4ibc\4ibc_ligand.mol2,mol2,True,,refined
4ibd,data/refined_set\4ibd\4ibd_protein.pdb,data/refined_set\4ibd\4ibd_pocket.pdb,data/refined_set\4ibd\4ibd_ligand.mol2,mol2,True,,refined
4ibe,data/refined_set\4ibe\4ibe_protein.pdb,data/refined_set\4ibe\4ibe_pocket.pdb,data/refined_set\4ibe\4ibe_ligand.mol2,mol2,True,,refined
4ibf,data/refined_set\4ibf\4ibf_protein.pdb,data/refined_set\4ibf\4ibf_pocket.pdb,data/refined_set\4ibf\4ibf_ligand.mol2,mol2,True,,refined
4ibg,data/refined_set\4ibg\4ibg_protein.pdb,data/refined_set\4ibg\4ibg_pocket.pdb,data/refined_set\4ibg\4ibg_ligand.mol2,mol2,True,,refined
4ibi,data/refined_set\4ibi\4ibi_protein.pdb,data/refined_set\4ibi\4ibi_pocket.pdb,data/refined_set\4ibi\4ibi_ligand.mol2,mol2,True,,refined
4ibj,data/refined_set\4ibj\4ibj_protein.pdb,data/refined_set\4ibj\4ibj_pocket.pdb,data/refined_set\4ibj\4ibj_ligand.mol2,mol2,True,,refined
4ibk,data/refined_set\4ibk\4ibk_protein.pdb,data/refined_set\4ibk\4ibk_pocket.pdb,data/refined_set\4ibk\4ibk_ligand.mol2,mol2,True,,refined
4idn,data/refined_set\4idn\4idn_protein.pdb,data/refined_set\4idn\4idn_pocket.pdb,data/refined_set\4idn\4idn_ligand.mol2,mol2,True,,refined
4ido,data/refined_set\4ido\4ido_protein.pdb,data/refined_set\4ido\4ido_pocket.pdb,data/refined_set\4ido\4ido_ligand.mol2,mol2,True,,refined
4ieh,data/refined_set\4ieh\4ieh_protein.pdb,data/refined_set\4ieh\4ieh_pocket.pdb,data/refined_set\4ieh\4ieh_ligand.mol2,mol2,True,,refined
4igt,data/refined_set\4igt\4igt_protein.pdb,data/refined_set\4igt\4igt_pocket.pdb,data/refined_set\4igt\4igt_ligand.mol2,mol2,True,,refined
4ih3,data/refined_set\4ih3\4ih3_protein.pdb,data/refined_set\4ih3\4ih3_pocket.pdb,data/refined_set\4ih3\4ih3_ligand.mol2,mol2,True,,refined
4ih5,data/refined_set\4ih5\4ih5_protein.pdb,data/refined_set\4ih5\4ih5_pocket.pdb,data/refined_set\4ih5\4ih5_ligand.mol2,mol2,True,,refined
4ih6,data/refined_set\4ih6\4ih6_protein.pdb,data/refined_set\4ih6\4ih6_pocket.pdb,data/refined_set\4ih6\4ih6_ligand.mol2,mol2,True,,refined
4ih7,data/refined_set\4ih7\4ih7_protein.pdb,data/refined_set\4ih7\4ih7_pocket.pdb,data/refined_set\4ih7\4ih7_ligand.mol2,mol2,True,,refined
4iic,data/refined_set\4iic\4iic_protein.pdb,data/refined_set\4iic\4iic_pocket.pdb,data/refined_set\4iic\4iic_ligand.mol2,mol2,True,,refined
4iid,data/refined_set\4iid\4iid_protein.pdb,data/refined_set\4iid\4iid_pocket.pdb,data/refined_set\4iid\4iid_ligand.mol2,mol2,True,,refined
4iie,data/refined_set\4iie\4iie_protein.pdb,data/refined_set\4iie\4iie_pocket.pdb,data/refined_set\4iie\4iie_ligand.mol2,mol2,True,,refined
4iif,data/refined_set\4iif\4iif_protein.pdb,data/refined_set\4iif\4iif_pocket.pdb,data/refined_set\4iif\4iif_ligand.mol2,mol2,True,,refined
4ij1,data/refined_set\4ij1\4ij1_protein.pdb,data/refined_set\4ij1\4ij1_pocket.pdb,data/refined_set\4ij1\4ij1_ligand.mol2,mol2,True,,refined
4in9,data/refined_set\4in9\4in9_protein.pdb,data/refined_set\4in9\4in9_pocket.pdb,data/refined_set\4in9\4in9_ligand.mol2,mol2,True,,refined
4io2,data/refined_set\4io2\4io2_protein.pdb,data/refined_set\4io2\4io2_pocket.pdb,data/refined_set\4io2\4io2_ligand.mol2,mol2,True,,refined
4io3,data/refined_set\4io3\4io3_protein.pdb,data/refined_set\4io3\4io3_pocket.pdb,data/refined_set\4io3\4io3_ligand.mol2,mol2,True,,refined
4io4,data/refined_set\4io4\4io4_protein.pdb,data/refined_set\4io4\4io4_pocket.pdb,data/refined_set\4io4\4io4_ligand.mol2,mol2,True,,refined
4io5,data/refined_set\4io5\4io5_protein.pdb,data/refined_set\4io5\4io5_pocket.pdb,data/refined_set\4io5\4io5_ligand.mol2,mol2,True,,refined
4io6,data/refined_set\4io6\4io6_protein.pdb,data/refined_set\4io6\4io6_pocket.pdb,data/refined_set\4io6\4io6_ligand.mol2,mol2,True,,refined
4io7,data/refined_set\4io7\4io7_protein.pdb,data/refined_set\4io7\4io7_pocket.pdb,data/refined_set\4io7\4io7_ligand.mol2,mol2,True,,refined
4ipi,data/refined_set\4ipi\4ipi_protein.pdb,data/refined_set\4ipi\4ipi_pocket.pdb,data/refined_set\4ipi\4ipi_ligand.mol2,mol2,True,,refined
4ipj,data/refined_set\4ipj\4ipj_protein.pdb,data/refined_set\4ipj\4ipj_pocket.pdb,data/refined_set\4ipj\4ipj_ligand.mol2,mol2,True,,refined
4ipn,data/refined_set\4ipn\4ipn_protein.pdb,data/refined_set\4ipn\4ipn_pocket.pdb,data/refined_set\4ipn\4ipn_ligand.mol2,mol2,True,,refined
4ish,data/refined_set\4ish\4ish_protein.pdb,data/refined_set\4ish\4ish_pocket.pdb,data/refined_set\4ish\4ish_ligand.mol2,mol2,True,,refined
4isi,data/refined_set\4isi\4isi_protein.pdb,data/refined_set\4isi\4isi_pocket.pdb,data/refined_set\4isi\4isi_ligand.mol2,mol2,True,,refined
4isu,data/refined_set\4isu\4isu_protein.pdb,data/refined_set\4isu\4isu_pocket.pdb,data/refined_set\4isu\4isu_ligand.mol2,mol2,True,,refined
4itp,data/refined_set\4itp\4itp_protein.pdb,data/refined_set\4itp\4itp_pocket.pdb,data/refined_set\4itp\4itp_ligand.mol2,mol2,True,,refined
4iue,data/refined_set\4iue\4iue_protein.pdb,data/refined_set\4iue\4iue_pocket.pdb,data/refined_set\4iue\4iue_ligand.mol2,mol2,True,,refined
4iuo,data/refined_set\4iuo\4iuo_protein.pdb,data/refined_set\4iuo\4iuo_pocket.pdb,data/refined_set\4iuo\4iuo_ligand.mol2,mol2,True,,refined
4iva,data/refined_set\4iva\4iva_protein.pdb,data/refined_set\4iva\4iva_pocket.pdb,data/refined_set\4iva\4iva_ligand.mol2,mol2,True,,refined
4ivb,data/refined_set\4ivb\4ivb_protein.pdb,data/refined_set\4ivb\4ivb_pocket.pdb,data/refined_set\4ivb\4ivb_ligand.mol2,mol2,True,,refined
4ivc,data/refined_set\4ivc\4ivc_protein.pdb,data/refined_set\4ivc\4ivc_pocket.pdb,data/refined_set\4ivc\4ivc_ligand.mol2,mol2,True,,refined
4ivd,data/refined_set\4ivd\4ivd_protein.pdb,data/refined_set\4ivd\4ivd_pocket.pdb,data/refined_set\4ivd\4ivd_ligand.mol2,mol2,True,,refined
4iwz,data/refined_set\4iwz\4iwz_protein.pdb,data/refined_set\4iwz\4iwz_pocket.pdb,data/refined_set\4iwz\4iwz_ligand.mol2,mol2,True,,refined
4j21,data/refined_set\4j21\4j21_protein.pdb,data/refined_set\4j21\4j21_pocket.pdb,data/refined_set\4j21\4j21_ligand.mol2,mol2,True,,refined
4j22,data/refined_set\4j22\4j22_protein.pdb,data/refined_set\4j22\4j22_pocket.pdb,data/refined_set\4j22\4j22_ligand.mol2,mol2,True,,refined
4j28,data/refined_set\4j28\4j28_protein.pdb,data/refined_set\4j28\4j28_pocket.pdb,data/refined_set\4j28\4j28_ligand.mol2,mol2,True,,refined
4j3l,data/refined_set\4j3l\4j3l_protein.pdb,data/refined_set\4j3l\4j3l_pocket.pdb,data/refined_set\4j3l\4j3l_ligand.mol2,mol2,True,,refined
4j44,data/refined_set\4j44\4j44_protein.pdb,data/refined_set\4j44\4j44_pocket.pdb,data/refined_set\4j44\4j44_ligand.mol2,mol2,True,,refined
4j45,data/refined_set\4j45\4j45_protein.pdb,data/refined_set\4j45\4j45_pocket.pdb,data/refined_set\4j45\4j45_ligand.mol2,mol2,True,,refined
4j46,data/refined_set\4j46\4j46_protein.pdb,data/refined_set\4j46\4j46_pocket.pdb,data/refined_set\4j46\4j46_ligand.mol2,mol2,True,,refined
4j47,data/refined_set\4j47\4j47_protein.pdb,data/refined_set\4j47\4j47_pocket.pdb,data/refined_set\4j47\4j47_ligand.mol2,mol2,True,,refined
4j48,data/refined_set\4j48\4j48_protein.pdb,data/refined_set\4j48\4j48_pocket.pdb,data/refined_set\4j48\4j48_ligand.mol2,mol2,True,,refined
4j7d,data/refined_set\4j7d\4j7d_protein.pdb,data/refined_set\4j7d\4j7d_pocket.pdb,data/refined_set\4j7d\4j7d_ligand.mol2,mol2,True,,refined
4j7e,data/refined_set\4j7e\4j7e_protein.pdb,data/refined_set\4j7e\4j7e_pocket.pdb,data/refined_set\4j7e\4j7e_ligand.mol2,mol2,True,,refined
4j93,data/refined_set\4j93\4j93_protein.pdb,data/refined_set\4j93\4j93_pocket.pdb,data/refined_set\4j93\4j93_ligand.mol2,mol2,True,,refined
4jal,data/refined_set\4jal\4jal_protein.pdb,data/refined_set\4jal\4jal_pocket.pdb,data/refined_set\4jal\4jal_ligand.mol2,mol2,True,,refined
4je7,data/refined_set\4je7\4je7_protein.pdb,data/refined_set\4je7\4je7_pocket.pdb,data/refined_set\4je7\4je7_ligand.mol2,mol2,True,,refined
4je8,data/refined_set\4je8\4je8_protein.pdb,data/refined_set\4je8\4je8_pocket.pdb,data/refined_set\4je8\4je8_ligand.mol2,mol2,True,,refined
4jfk,data/refined_set\4jfk\4jfk_protein.pdb,data/refined_set\4jfk\4jfk_pocket.pdb,data/refined_set\4jfk\4jfk_ligand.mol2,mol2,True,,refined
4jfm,data/refined_set\4jfm\4jfm_protein.pdb,data/refined_set\4jfm\4jfm_pocket.pdb,data/refined_set\4jfm\4jfm_ligand.mol2,mol2,True,,refined
4jfs,data/refined_set\4jfs\4jfs_protein.pdb,data/refined_set\4jfs\4jfs_pocket.pdb,data/refined_set\4jfs\4jfs_ligand.mol2,mol2,True,,refined
4jh0,data/refined_set\4jh0\4jh0_protein.pdb,data/refined_set\4jh0\4jh0_pocket.pdb,data/refined_set\4jh0\4jh0_ligand.mol2,mol2,True,,refined
4jia,data/refined_set\4jia\4jia_protein.pdb,data/refined_set\4jia\4jia_pocket.pdb,data/refined_set\4jia\4jia_ligand.mol2,mol2,True,,refined
4jkw,data/refined_set\4jkw\4jkw_protein.pdb,data/refined_set\4jkw\4jkw_pocket.pdb,data/refined_set\4jkw\4jkw_ligand.mol2,mol2,True,,refined
4jn2,data/refined_set\4jn2\4jn2_protein.pdb,data/refined_set\4jn2\4jn2_pocket.pdb,data/refined_set\4jn2\4jn2_ligand.mol2,mol2,True,,refined
4jne,data/refined_set\4jne\4jne_protein.pdb,data/refined_set\4jne\4jne_pocket.pdb,data/refined_set\4jne\4jne_ligand.mol2,mol2,True,,refined
4jpx,data/refined_set\4jpx\4jpx_protein.pdb,data/refined_set\4jpx\4jpx_pocket.pdb,data/refined_set\4jpx\4jpx_ligand.mol2,mol2,True,,refined
4jpy,data/refined_set\4jpy\4jpy_protein.pdb,data/refined_set\4jpy\4jpy_pocket.pdb,data/refined_set\4jpy\4jpy_ligand.mol2,mol2,True,,refined
4jsa,data/refined_set\4jsa\4jsa_protein.pdb,data/refined_set\4jsa\4jsa_pocket.pdb,data/refined_set\4jsa\4jsa_ligand.mol2,mol2,True,,refined
4jss,data/refined_set\4jss\4jss_protein.pdb,data/refined_set\4jss\4jss_pocket.pdb,data/refined_set\4jss\4jss_ligand.mol2,mol2,True,,refined
4jsz,data/refined_set\4jsz\4jsz_protein.pdb,data/refined_set\4jsz\4jsz_pocket.pdb,data/refined_set\4jsz\4jsz_ligand.mol2,mol2,True,,refined
4jwk,data/refined_set\4jwk\4jwk_protein.pdb,data/refined_set\4jwk\4jwk_pocket.pdb,data/refined_set\4jwk\4jwk_ligand.mol2,mol2,True,,refined
4jx9,data/refined_set\4jx9\4jx9_protein.pdb,data/refined_set\4jx9\4jx9_pocket.pdb,data/refined_set\4jx9\4jx9_ligand.mol2,mol2,True,,refined
4jxs,data/refined_set\4jxs\4jxs_protein.pdb,data/refined_set\4jxs\4jxs_pocket.pdb,data/refined_set\4jxs\4jxs_ligand.mol2,mol2,True,,refined
4jyb,data/refined_set\4jyb\4jyb_protein.pdb,data/refined_set\4jyb\4jyb_pocket.pdb,data/refined_set\4jyb\4jyb_ligand.mol2,mol2,True,,refined
4jyc,data/refined_set\4jyc\4jyc_protein.pdb,data/refined_set\4jyc\4jyc_pocket.pdb,data/refined_set\4jyc\4jyc_ligand.mol2,mol2,True,,refined
4jym,data/refined_set\4jym\4jym_protein.pdb,data/refined_set\4jym\4jym_pocket.pdb,data/refined_set\4jym\4jym_ligand.mol2,mol2,True,,refined
4jyt,data/refined_set\4jyt\4jyt_protein.pdb,data/refined_set\4jyt\4jyt_pocket.pdb,data/refined_set\4jyt\4jyt_ligand.mol2,mol2,True,,refined
4jz1,data/refined_set\4jz1\4jz1_protein.pdb,data/refined_set\4jz1\4jz1_pocket.pdb,data/refined_set\4jz1\4jz1_ligand.mol2,mol2,True,,refined
4jzi,data/refined_set\4jzi\4jzi_protein.pdb,data/refined_set\4jzi\4jzi_pocket.pdb,data/refined_set\4jzi\4jzi_ligand.mol2,mol2,True,,refined
4k0o,data/refined_set\4k0o\4k0o_protein.pdb,data/refined_set\4k0o\4k0o_pocket.pdb,data/refined_set\4k0o\4k0o_ligand.mol2,mol2,True,,refined
4k0y,data/refined_set\4k0y\4k0y_protein.pdb,data/refined_set\4k0y\4k0y_pocket.pdb,data/refined_set\4k0y\4k0y_ligand.mol2,mol2,True,,refined
4k18,data/refined_set\4k18\4k18_protein.pdb,data/refined_set\4k18\4k18_pocket.pdb,data/refined_set\4k18\4k18_ligand.mol2,mol2,True,,refined
4k3h,data/refined_set\4k3h\4k3h_protein.pdb,data/refined_set\4k3h\4k3h_pocket.pdb,data/refined_set\4k3h\4k3h_ligand.mol2,mol2,True,,refined
4k3n,data/refined_set\4k3n\4k3n_protein.pdb,data/refined_set\4k3n\4k3n_pocket.pdb,data/refined_set\4k3n\4k3n_ligand.mol2,mol2,True,,refined
4k4j,data/refined_set\4k4j\4k4j_protein.pdb,data/refined_set\4k4j\4k4j_pocket.pdb,data/refined_set\4k4j\4k4j_ligand.mol2,mol2,True,,refined
4k55,data/refined_set\4k55\4k55_protein.pdb,data/refined_set\4k55\4k55_pocket.pdb,data/refined_set\4k55\4k55_ligand.mol2,mol2,True,,refined
4k5p,data/refined_set\4k5p\4k5p_protein.pdb,data/refined_set\4k5p\4k5p_pocket.pdb,data/refined_set\4k5p\4k5p_ligand.mol2,mol2,True,,refined
4k6i,data/refined_set\4k6i\4k6i_protein.pdb,data/refined_set\4k6i\4k6i_pocket.pdb,data/refined_set\4k6i\4k6i_ligand.mol2,mol2,True,,refined
4k77,data/refined_set\4k77\4k77_protein.pdb,data/refined_set\4k77\4k77_pocket.pdb,data/refined_set\4k77\4k77_ligand.mol2,mol2,True,,refined
4k7i,data/refined_set\4k7i\4k7i_protein.pdb,data/refined_set\4k7i\4k7i_pocket.pdb,data/refined_set\4k7i\4k7i_ligand.mol2,mol2,True,,refined
4k7n,data/refined_set\4k7n\4k7n_protein.pdb,data/refined_set\4k7n\4k7n_pocket.pdb,data/refined_set\4k7n\4k7n_ligand.mol2,mol2,True,,refined
4k7o,data/refined_set\4k7o\4k7o_protein.pdb,data/refined_set\4k7o\4k7o_pocket.pdb,data/refined_set\4k7o\4k7o_ligand.mol2,mol2,True,,refined
4k9y,data/refined_set\4k9y\4k9y_protein.pdb,data/refined_set\4k9y\4k9y_pocket.pdb,data/refined_set\4k9y\4k9y_ligand.mol2,mol2,True,,refined
4kao,data/refined_set\4kao\4kao_protein.pdb,data/refined_set\4kao\4kao_pocket.pdb,data/refined_set\4kao\4kao_ligand.mol2,mol2,True,,refined
4kax,data/refined_set\4kax\4kax_protein.pdb,data/refined_set\4kax\4kax_pocket.pdb,data/refined_set\4kax\4kax_ligand.mol2,mol2,True,,refined
4kb9,data/refined_set\4kb9\4kb9_protein.pdb,data/refined_set\4kb9\4kb9_pocket.pdb,data/refined_set\4kb9\4kb9_ligand.mol2,mol2,True,,refined
4kcx,data/refined_set\4kcx\4kcx_protein.pdb,data/refined_set\4kcx\4kcx_pocket.pdb,data/refined_set\4kcx\4kcx_ligand.sdf,sdf,True,,refined
4keq,data/refined_set\4keq\4keq_protein.pdb,data/refined_set\4keq\4keq_pocket.pdb,data/refined_set\4keq\4keq_ligand.mol2,mol2,True,,refined
4kfq,data/refined_set\4kfq\4kfq_protein.pdb,data/refined_set\4kfq\4kfq_pocket.pdb,data/refined_set\4kfq\4kfq_ligand.mol2,mol2,True,,refined
4kif,data/refined_set\4kif\4kif_protein.pdb,data/refined_set\4kif\4kif_pocket.pdb,data/refined_set\4kif\4kif_ligand.mol2,mol2,True,,refined
4kiu,data/refined_set\4kiu\4kiu_protein.pdb,data/refined_set\4kiu\4kiu_pocket.pdb,data/refined_set\4kiu\4kiu_ligand.mol2,mol2,True,,refined
4km0,data/refined_set\4km0\4km0_protein.pdb,data/refined_set\4km0\4km0_pocket.pdb,data/refined_set\4km0\4km0_ligand.mol2,mol2,True,,refined
4km2,data/refined_set\4km2\4km2_protein.pdb,data/refined_set\4km2\4km2_pocket.pdb,data/refined_set\4km2\4km2_ligand.mol2,mol2,True,,refined
4kmz,data/refined_set\4kmz\4kmz_protein.pdb,data/refined_set\4kmz\4kmz_pocket.pdb,data/refined_set\4kmz\4kmz_ligand.mol2,mol2,True,,refined
4kn0,data/refined_set\4kn0\4kn0_protein.pdb,data/refined_set\4kn0\4kn0_pocket.pdb,data/refined_set\4kn0\4kn0_ligand.mol2,mol2,True,,refined
4kn1,data/refined_set\4kn1\4kn1_protein.pdb,data/refined_set\4kn1\4kn1_pocket.pdb,data/refined_set\4kn1\4kn1_ligand.mol2,mol2,True,,refined
4kni,data/refined_set\4kni\4kni_protein.pdb,data/refined_set\4kni\4kni_pocket.pdb,data/refined_set\4kni\4kni_ligand.mol2,mol2,True,,refined
4knj,data/refined_set\4knj\4knj_protein.pdb,data/refined_set\4knj\4knj_pocket.pdb,data/refined_set\4knj\4knj_ligand.mol2,mol2,True,,refined
4knm,data/refined_set\4knm\4knm_protein.pdb,data/refined_set\4knm\4knm_pocket.pdb,data/refined_set\4knm\4knm_ligand.mol2,mol2,True,,refined
4knn,data/refined_set\4knn\4knn_protein.pdb,data/refined_set\4knn\4knn_pocket.pdb,data/refined_set\4knn\4knn_ligand.mol2,mol2,True,,refined
4ko8,data/refined_set\4ko8\4ko8_protein.pdb,data/refined_set\4ko8\4ko8_pocket.pdb,data/refined_set\4ko8\4ko8_ligand.mol2,mol2,True,,refined
4kow,data/refined_set\4kow\4kow_protein.pdb,data/refined_set\4kow\4kow_pocket.pdb,data/refined_set\4kow\4kow_ligand.mol2,mol2,True,,refined
4kp5,data/refined_set\4kp5\4kp5_protein.pdb,data/refined_set\4kp5\4kp5_pocket.pdb,data/refined_set\4kp5\4kp5_ligand.mol2,mol2,True,,refined
4kp8,data/refined_set\4kp8\4kp8_protein.pdb,data/refined_set\4kp8\4kp8_pocket.pdb,data/refined_set\4kp8\4kp8_ligand.mol2,mol2,True,,refined
4kqp,data/refined_set\4kqp\4kqp_protein.pdb,data/refined_set\4kqp\4kqp_pocket.pdb,data/refined_set\4kqp\4kqp_ligand.mol2,mol2,True,,refined
4ks1,data/refined_set\4ks1\4ks1_protein.pdb,data/refined_set\4ks1\4ks1_pocket.pdb,data/refined_set\4ks1\4ks1_ligand.mol2,mol2,True,,refined
4ks4,data/refined_set\4ks4\4ks4_protein.pdb,data/refined_set\4ks4\4ks4_pocket.pdb,data/refined_set\4ks4\4ks4_ligand.mol2,mol2,True,,refined
4ksy,data/refined_set\4ksy\4ksy_protein.pdb,data/refined_set\4ksy\4ksy_pocket.pdb,data/refined_set\4ksy\4ksy_ligand.mol2,mol2,True,,refined
4kwf,data/refined_set\4kwf\4kwf_protein.pdb,data/refined_set\4kwf\4kwf_pocket.pdb,data/refined_set\4kwf\4kwf_ligand.mol2,mol2,True,,refined
4kwg,data/refined_set\4kwg\4kwg_protein.pdb,data/refined_set\4kwg\4kwg_pocket.pdb,data/refined_set\4kwg\4kwg_ligand.mol2,mol2,True,,refined
4kwo,data/refined_set\4kwo\4kwo_protein.pdb,data/refined_set\4kwo\4kwo_pocket.pdb,data/refined_set\4kwo\4kwo_ligand.mol2,mol2,True,,refined
4kx8,data/refined_set\4kx8\4kx8_protein.pdb,data/refined_set\4kx8\4kx8_pocket.pdb,data/refined_set\4kx8\4kx8_ligand.mol2,mol2,True,,refined
4kxb,data/refined_set\4kxb\4kxb_protein.pdb,data/refined_set\4kxb\4kxb_pocket.pdb,data/refined_set\4kxb\4kxb_ligand.mol2,mol2,True,,refined
4kxn,data/refined_set\4kxn\4kxn_protein.pdb,data/refined_set\4kxn\4kxn_pocket.pdb,data/refined_set\4kxn\4kxn_ligand.mol2,mol2,True,,refined
4kyh,data/refined_set\4kyh\4kyh_protein.pdb,data/refined_set\4kyh\4kyh_pocket.pdb,data/refined_set\4kyh\4kyh_ligand.mol2,mol2,True,,refined
4kyk,data/refined_set\4kyk\4kyk_protein.pdb,data/refined_set\4kyk\4kyk_pocket.pdb,data/refined_set\4kyk\4kyk_ligand.mol2,mol2,True,,refined
4kz3,data/refined_set\4kz3\4kz3_protein.pdb,data/refined_set\4kz3\4kz3_pocket.pdb,data/refined_set\4kz3\4kz3_ligand.mol2,mol2,True,,refined
4kz4,data/refined_set\4kz4\4kz4_protein.pdb,data/refined_set\4kz4\4kz4_pocket.pdb,data/refined_set\4kz4\4kz4_ligand.mol2,mol2,True,,refined
4kz6,data/refined_set\4kz6\4kz6_protein.pdb,data/refined_set\4kz6\4kz6_pocket.pdb,data/refined_set\4kz6\4kz6_ligand.mol2,mol2,True,,refined
4kz7,data/refined_set\4kz7\4kz7_protein.pdb,data/refined_set\4kz7\4kz7_pocket.pdb,data/refined_set\4kz7\4kz7_ligand.mol2,mol2,True,,refined
4kzq,data/refined_set\4kzq\4kzq_protein.pdb,data/refined_set\4kzq\4kzq_pocket.pdb,data/refined_set\4kzq\4kzq_ligand.mol2,mol2,True,,refined
4kzu,data/refined_set\4kzu\4kzu_protein.pdb,data/refined_set\4kzu\4kzu_pocket.pdb,data/refined_set\4kzu\4kzu_ligand.mol2,mol2,True,,refined
4l19,data/refined_set\4l19\4l19_protein.pdb,data/refined_set\4l19\4l19_pocket.pdb,data/refined_set\4l19\4l19_ligand.mol2,mol2,True,,refined
4l2l,data/refined_set\4l2l\4l2l_protein.pdb,data/refined_set\4l2l\4l2l_pocket.pdb,data/refined_set\4l2l\4l2l_ligand.mol2,mol2,True,,refined
4l4v,data/refined_set\4l4v\4l4v_protein.pdb,data/refined_set\4l4v\4l4v_pocket.pdb,data/refined_set\4l4v\4l4v_ligand.mol2,mol2,True,,refined
4l4z,data/refined_set\4l4z\4l4z_protein.pdb,data/refined_set\4l4z\4l4z_pocket.pdb,data/refined_set\4l4z\4l4z_ligand.mol2,mol2,True,,refined
4l50,data/refined_set\4l50\4l50_protein.pdb,data/refined_set\4l50\4l50_pocket.pdb,data/refined_set\4l50\4l50_ligand.mol2,mol2,True,,refined
4l51,data/refined_set\4l51\4l51_protein.pdb,data/refined_set\4l51\4l51_pocket.pdb,data/refined_set\4l51\4l51_ligand.mol2,mol2,True,,refined
4l6t,data/refined_set\4l6t\4l6t_protein.pdb,data/refined_set\4l6t\4l6t_pocket.pdb,data/refined_set\4l6t\4l6t_ligand.mol2,mol2,True,,refined
4l9i,data/refined_set\4l9i\4l9i_protein.pdb,data/refined_set\4l9i\4l9i_pocket.pdb,data/refined_set\4l9i\4l9i_ligand.mol2,mol2,True,,refined
4lar,data/refined_set\4lar\4lar_protein.pdb,data/refined_set\4lar\4lar_pocket.pdb,data/refined_set\4lar\4lar_ligand.mol2,mol2,True,,refined
4lbu,data/refined_set\4lbu\4lbu_protein.pdb,data/refined_set\4lbu\4lbu_pocket.pdb,data/refined_set\4lbu\4lbu_ligand.mol2,mol2,True,,refined
4lch,data/refined_set\4lch\4lch_protein.pdb,data/refined_set\4lch\4lch_pocket.pdb,data/refined_set\4lch\4lch_ligand.mol2,mol2,True,,refined
4leq,data/refined_set\4leq\4leq_protein.pdb,data/refined_set\4leq\4leq_pocket.pdb,data/refined_set\4leq\4leq_ligand.mol2,mol2,True,,refined
4lhm,data/refined_set\4lhm\4lhm_protein.pdb,data/refined_set\4lhm\4lhm_pocket.pdb,data/refined_set\4lhm\4lhm_ligand.sdf,sdf,True,,refined
4lhv,data/refined_set\4lhv\4lhv_protein.pdb,data/refined_set\4lhv\4lhv_pocket.pdb,data/refined_set\4lhv\4lhv_ligand.mol2,mol2,True,,refined
4lj5,data/refined_set\4lj5\4lj5_protein.pdb,data/refined_set\4lj5\4lj5_pocket.pdb,data/refined_set\4lj5\4lj5_ligand.mol2,mol2,True,,refined
4lj8,data/refined_set\4lj8\4lj8_protein.pdb,data/refined_set\4lj8\4lj8_pocket.pdb,data/refined_set\4lj8\4lj8_ligand.mol2,mol2,True,,refined
4ljh,data/refined_set\4ljh\4ljh_protein.pdb,data/refined_set\4ljh\4ljh_pocket.pdb,data/refined_set\4ljh\4ljh_ligand.mol2,mol2,True,,refined
4lk7,data/refined_set\4lk7\4lk7_protein.pdb,data/refined_set\4lk7\4lk7_pocket.pdb,data/refined_set\4lk7\4lk7_ligand.mol2,mol2,True,,refined
4lkk,data/refined_set\4lkk\4lkk_protein.pdb,data/refined_set\4lkk\4lkk_pocket.pdb,data/refined_set\4lkk\4lkk_ligand.mol2,mol2,True,,refined
4lko,data/refined_set\4lko\4lko_protein.pdb,data/refined_set\4lko\4lko_pocket.pdb,data/refined_set\4lko\4lko_ligand.mol2,mol2,True,,refined
4lkq,data/refined_set\4lkq\4lkq_protein.pdb,data/refined_set\4lkq\4lkq_pocket.pdb,data/refined_set\4lkq\4lkq_ligand.mol2,mol2,True,,refined
4ll3,data/refined_set\4ll3\4ll3_protein.pdb,data/refined_set\4ll3\4ll3_pocket.pdb,data/refined_set\4ll3\4ll3_ligand.mol2,mol2,True,,refined
4llj,data/refined_set\4llj\4llj_protein.pdb,data/refined_set\4llj\4llj_pocket.pdb,data/refined_set\4llj\4llj_ligand.mol2,mol2,True,,refined
4llk,data/refined_set\4llk\4llk_protein.pdb,data/refined_set\4llk\4llk_pocket.pdb,data/refined_set\4llk\4llk_ligand.mol2,mol2,True,,refined
4llp,data/refined_set\4llp\4llp_protein.pdb,data/refined_set\4llp\4llp_pocket.pdb,data/refined_set\4llp\4llp_ligand.mol2,mol2,True,,refined
4llx,data/refined_set\4llx\4llx_protein.pdb,data/refined_set\4llx\4llx_pocket.pdb,data/refined_set\4llx\4llx_ligand.mol2,mol2,True,,refined
4lm0,data/refined_set\4lm0\4lm0_protein.pdb,data/refined_set\4lm0\4lm0_pocket.pdb,data/refined_set\4lm0\4lm0_ligand.mol2,mol2,True,,refined
4lm1,data/refined_set\4lm1\4lm1_protein.pdb,data/refined_set\4lm1\4lm1_pocket.pdb,data/refined_set\4lm1\4lm1_ligand.mol2,mol2,True,,refined
4lm2,data/refined_set\4lm2\4lm2_protein.pdb,data/refined_set\4lm2\4lm2_pocket.pdb,data/refined_set\4lm2\4lm2_ligand.mol2,mol2,True,,refined
4lm3,data/refined_set\4lm3\4lm3_protein.pdb,data/refined_set\4lm3\4lm3_pocket.pdb,data/refined_set\4lm3\4lm3_ligand.mol2,mol2,True,,refined
4lm4,data/refined_set\4lm4\4lm4_protein.pdb,data/refined_set\4lm4\4lm4_pocket.pdb,data/refined_set\4lm4\4lm4_ligand.mol2,mol2,True,,refined
4loh,data/refined_set\4loh\4loh_protein.pdb,data/refined_set\4loh\4loh_pocket.pdb,data/refined_set\4loh\4loh_ligand.mol2,mol2,True,,refined
4loi,data/refined_set\4loi\4loi_protein.pdb,data/refined_set\4loi\4loi_pocket.pdb,data/refined_set\4loi\4loi_ligand.mol2,mol2,True,,refined
4loo,data/refined_set\4loo\4loo_protein.pdb,data/refined_set\4loo\4loo_pocket.pdb,data/refined_set\4loo\4loo_ligand.mol2,mol2,True,,refined
4lov,data/refined_set\4lov\4lov_protein.pdb,data/refined_set\4lov\4lov_pocket.pdb,data/refined_set\4lov\4lov_ligand.mol2,mol2,True,,refined
4loy,data/refined_set\4loy\4loy_protein.pdb,data/refined_set\4loy\4loy_pocket.pdb,data/refined_set\4loy\4loy_ligand.mol2,mol2,True,,refined
4lps,data/refined_set\4lps\4lps_protein.pdb,data/refined_set\4lps\4lps_pocket.pdb,data/refined_set\4lps\4lps_ligand.mol2,mol2,True,,refined
4lrr,data/refined_set\4lrr\4lrr_protein.pdb,data/refined_set\4lrr\4lrr_pocket.pdb,data/refined_set\4lrr\4lrr_ligand.mol2,mol2,True,,refined
4luz,data/refined_set\4luz\4luz_protein.pdb,data/refined_set\4luz\4luz_pocket.pdb,data/refined_set\4luz\4luz_ligand.mol2,mol2,True,,refined
4lvt,data/refined_set\4lvt\4lvt_protein.pdb,data/refined_set\4lvt\4lvt_pocket.pdb,data/refined_set\4lvt\4lvt_ligand.mol2,mol2,True,,refined
4lxd,data/refined_set\4lxd\4lxd_protein.pdb,data/refined_set\4lxd\4lxd_pocket.pdb,data/refined_set\4lxd\4lxd_ligand.mol2,mol2,True,,refined
4lxz,data/refined_set\4lxz\4lxz_protein.pdb,data/refined_set\4lxz\4lxz_pocket.pdb,data/refined_set\4lxz\4lxz_ligand.mol2,mol2,True,,refined
4ly1,data/refined_set\4ly1\4ly1_protein.pdb,data/refined_set\4ly1\4ly1_pocket.pdb,data/refined_set\4ly1\4ly1_ligand.mol2,mol2,True,,refined
4ly9,data/refined_set\4ly9\4ly9_protein.pdb,data/refined_set\4ly9\4ly9_pocket.pdb,data/refined_set\4ly9\4ly9_ligand.mol2,mol2,True,,refined
4lyw,data/refined_set\4lyw\4lyw_protein.pdb,data/refined_set\4lyw\4lyw_pocket.pdb,data/refined_set\4lyw\4lyw_ligand.mol2,mol2,True,,refined
4lzr,data/refined_set\4lzr\4lzr_protein.pdb,data/refined_set\4lzr\4lzr_pocket.pdb,data/refined_set\4lzr\4lzr_ligand.mol2,mol2,True,,refined
4lzs,data/refined_set\4lzs\4lzs_protein.pdb,data/refined_set\4lzs\4lzs_pocket.pdb,data/refined_set\4lzs\4lzs_ligand.mol2,mol2,True,,refined
4m0e,data/refined_set\4m0e\4m0e_protein.pdb,data/refined_set\4m0e\4m0e_pocket.pdb,data/refined_set\4m0e\4m0e_ligand.mol2,mol2,True,,refined
4m0f,data/refined_set\4m0f\4m0f_protein.pdb,data/refined_set\4m0f\4m0f_pocket.pdb,data/refined_set\4m0f\4m0f_ligand.mol2,mol2,True,,refined
4m0r,data/refined_set\4m0r\4m0r_protein.pdb,data/refined_set\4m0r\4m0r_pocket.pdb,data/refined_set\4m0r\4m0r_ligand.mol2,mol2,True,,refined
4m0y,data/refined_set\4m0y\4m0y_protein.pdb,data/refined_set\4m0y\4m0y_pocket.pdb,data/refined_set\4m0y\4m0y_ligand.mol2,mol2,True,,refined
4m12,data/refined_set\4m12\4m12_protein.pdb,data/refined_set\4m12\4m12_pocket.pdb,data/refined_set\4m12\4m12_ligand.mol2,mol2,True,,refined
4m13,data/refined_set\4m13\4m13_protein.pdb,data/refined_set\4m13\4m13_pocket.pdb,data/refined_set\4m13\4m13_ligand.mol2,mol2,True,,refined
4m14,data/refined_set\4m14\4m14_protein.pdb,data/refined_set\4m14\4m14_pocket.pdb,data/refined_set\4m14\4m14_ligand.mol2,mol2,True,,refined
4m2r,data/refined_set\4m2r\4m2r_protein.pdb,data/refined_set\4m2r\4m2r_pocket.pdb,data/refined_set\4m2r\4m2r_ligand.mol2,mol2,True,,refined
4m2u,data/refined_set\4m2u\4m2u_protein.pdb,data/refined_set\4m2u\4m2u_pocket.pdb,data/refined_set\4m2u\4m2u_ligand.mol2,mol2,True,,refined
4m2v,data/refined_set\4m2v\4m2v_protein.pdb,data/refined_set\4m2v\4m2v_pocket.pdb,data/refined_set\4m2v\4m2v_ligand.mol2,mol2,True,,refined
4m2w,data/refined_set\4m2w\4m2w_protein.pdb,data/refined_set\4m2w\4m2w_pocket.pdb,data/refined_set\4m2w\4m2w_ligand.mol2,mol2,True,,refined
4m3p,data/refined_set\4m3p\4m3p_protein.pdb,data/refined_set\4m3p\4m3p_pocket.pdb,data/refined_set\4m3p\4m3p_ligand.mol2,mol2,True,,refined
4m6u,data/refined_set\4m6u\4m6u_protein.pdb,data/refined_set\4m6u\4m6u_pocket.pdb,data/refined_set\4m6u\4m6u_ligand.mol2,mol2,True,,refined
4m7j,data/refined_set\4m7j\4m7j_protein.pdb,data/refined_set\4m7j\4m7j_pocket.pdb,data/refined_set\4m7j\4m7j_ligand.mol2,mol2,True,,refined
4m8e,data/refined_set\4m8e\4m8e_protein.pdb,data/refined_set\4m8e\4m8e_pocket.pdb,data/refined_set\4m8e\4m8e_ligand.mol2,mol2,True,,refined
4m8h,data/refined_set\4m8h\4m8h_protein.pdb,data/refined_set\4m8h\4m8h_pocket.pdb,data/refined_set\4m8h\4m8h_ligand.mol2,mol2,True,,refined
4m8x,data/refined_set\4m8x\4m8x_protein.pdb,data/refined_set\4m8x\4m8x_pocket.pdb,data/refined_set\4m8x\4m8x_ligand.mol2,mol2,True,,refined
4m8y,data/refined_set\4m8y\4m8y_protein.pdb,data/refined_set\4m8y\4m8y_pocket.pdb,data/refined_set\4m8y\4m8y_ligand.mol2,mol2,True,,refined
4mc1,data/refined_set\4mc1\4mc1_protein.pdb,data/refined_set\4mc1\4mc1_pocket.pdb,data/refined_set\4mc1\4mc1_ligand.mol2,mol2,True,,refined
4mc2,data/refined_set\4mc2\4mc2_protein.pdb,data/refined_set\4mc2\4mc2_pocket.pdb,data/refined_set\4mc2\4mc2_ligand.mol2,mol2,True,,refined
4mc6,data/refined_set\4mc6\4mc6_protein.pdb,data/refined_set\4mc6\4mc6_pocket.pdb,data/refined_set\4mc6\4mc6_ligand.mol2,mol2,True,,refined
4mc9,data/refined_set\4mc9\4mc9_protein.pdb,data/refined_set\4mc9\4mc9_pocket.pdb,data/refined_set\4mc9\4mc9_ligand.mol2,mol2,True,,refined
4mdn,data/refined_set\4mdn\4mdn_protein.pdb,data/refined_set\4mdn\4mdn_pocket.pdb,data/refined_set\4mdn\4mdn_ligand.mol2,mol2,True,,refined
4mgd,data/refined_set\4mgd\4mgd_protein.pdb,data/refined_set\4mgd\4mgd_pocket.pdb,data/refined_set\4mgd\4mgd_ligand.mol2,mol2,True,,refined
4mhy,data/refined_set\4mhy\4mhy_protein.pdb,data/refined_set\4mhy\4mhy_pocket.pdb,data/refined_set\4mhy\4mhy_ligand.mol2,mol2,True,,refined
4mhz,data/refined_set\4mhz\4mhz_protein.pdb,data/refined_set\4mhz\4mhz_pocket.pdb,data/refined_set\4mhz\4mhz_ligand.mol2,mol2,True,,refined
4mjp,data/refined_set\4mjp\4mjp_protein.pdb,data/refined_set\4mjp\4mjp_pocket.pdb,data/refined_set\4mjp\4mjp_ligand.mol2,mol2,True,,refined
4mme,data/refined_set\4mme\4mme_protein.pdb,data/refined_set\4mme\4mme_pocket.pdb,data/refined_set\4mme\4mme_ligand.mol2,mol2,True,,refined
4mmm,data/refined_set\4mmm\4mmm_protein.pdb,data/refined_set\4mmm\4mmm_pocket.pdb,data/refined_set\4mmm\4mmm_ligand.mol2,mol2,True,,refined
4mmp,data/refined_set\4mmp\4mmp_protein.pdb,data/refined_set\4mmp\4mmp_pocket.pdb,data/refined_set\4mmp\4mmp_ligand.mol2,mol2,True,,refined
4mn3,data/refined_set\4mn3\4mn3_protein.pdb,data/refined_set\4mn3\4mn3_pocket.pdb,data/refined_set\4mn3\4mn3_ligand.mol2,mol2,True,,refined
4mnp,data/refined_set\4mnp\4mnp_protein.pdb,data/refined_set\4mnp\4mnp_pocket.pdb,data/refined_set\4mnp\4mnp_ligand.mol2,mol2,True,,refined
4mo4,data/refined_set\4mo4\4mo4_protein.pdb,data/refined_set\4mo4\4mo4_pocket.pdb,data/refined_set\4mo4\4mo4_ligand.mol2,mol2,True,,refined
4mo8,data/refined_set\4mo8\4mo8_protein.pdb,data/refined_set\4mo8\4mo8_pocket.pdb,data/refined_set\4mo8\4mo8_ligand.mol2,mol2,True,,refined
4mpn,data/refined_set\4mpn\4mpn_protein.pdb,data/refined_set\4mpn\4mpn_pocket.pdb,data/refined_set\4mpn\4mpn_ligand.mol2,mol2,True,,refined
4mq6,data/refined_set\4mq6\4mq6_protein.pdb,data/refined_set\4mq6\4mq6_pocket.pdb,data/refined_set\4mq6\4mq6_ligand.mol2,mol2,True,,refined
4mr3,data/refined_set\4mr3\4mr3_protein.pdb,data/refined_set\4mr3\4mr3_pocket.pdb,data/refined_set\4mr3\4mr3_ligand.mol2,mol2,True,,refined
4mr6,data/refined_set\4mr6\4mr6_protein.pdb,data/refined_set\4mr6\4mr6_pocket.pdb,data/refined_set\4mr6\4mr6_ligand.mol2,mol2,True,,refined
4mre,data/refined_set\4mre\4mre_protein.pdb,data/refined_set\4mre\4mre_pocket.pdb,data/refined_set\4mre\4mre_ligand.mol2,mol2,True,,refined
4mrg,data/refined_set\4mrg\4mrg_protein.pdb,data/refined_set\4mrg\4mrg_pocket.pdb,data/refined_set\4mrg\4mrg_ligand.mol2,mol2,True,,refined
4mrw,data/refined_set\4mrw\4mrw_protein.pdb,data/refined_set\4mrw\4mrw_pocket.pdb,data/refined_set\4mrw\4mrw_ligand.mol2,mol2,True,,refined
4mrz,data/refined_set\4mrz\4mrz_protein.pdb,data/refined_set\4mrz\4mrz_pocket.pdb,data/refined_set\4mrz\4mrz_ligand.mol2,mol2,True,,refined
4msa,data/refined_set\4msa\4msa_protein.pdb,data/refined_set\4msa\4msa_pocket.pdb,data/refined_set\4msa\4msa_ligand.mol2,mol2,True,,refined
4msc,data/refined_set\4msc\4msc_protein.pdb,data/refined_set\4msc\4msc_pocket.pdb,data/refined_set\4msc\4msc_ligand.mol2,mol2,True,,refined
4msn,data/refined_set\4msn\4msn_protein.pdb,data/refined_set\4msn\4msn_pocket.pdb,data/refined_set\4msn\4msn_ligand.mol2,mol2,True,,refined
4mss,data/refined_set\4mss\4mss_protein.pdb,data/refined_set\4mss\4mss_pocket.pdb,data/refined_set\4mss\4mss_ligand.mol2,mol2,True,,refined
4muf,data/refined_set\4muf\4muf_protein.pdb,data/refined_set\4muf\4muf_pocket.pdb,data/refined_set\4muf\4muf_ligand.mol2,mol2,True,,refined
4mul,data/refined_set\4mul\4mul_protein.pdb,data/refined_set\4mul\4mul_pocket.pdb,data/refined_set\4mul\4mul_ligand.mol2,mol2,True,,refined
4muv,data/refined_set\4muv\4muv_protein.pdb,data/refined_set\4muv\4muv_pocket.pdb,data/refined_set\4muv\4muv_ligand.mol2,mol2,True,,refined
4myd,data/refined_set\4myd\4myd_protein.pdb,data/refined_set\4myd\4myd_pocket.pdb,data/refined_set\4myd\4myd_ligand.mol2,mol2,True,,refined
4n07,data/refined_set\4n07\4n07_protein.pdb,data/refined_set\4n07\4n07_pocket.pdb,data/refined_set\4n07\4n07_ligand.mol2,mol2,True,,refined
4n5d,data/refined_set\4n5d\4n5d_protein.pdb,data/refined_set\4n5d\4n5d_pocket.pdb,data/refined_set\4n5d\4n5d_ligand.mol2,mol2,True,,refined
4n6g,data/refined_set\4n6g\4n6g_protein.pdb,data/refined_set\4n6g\4n6g_pocket.pdb,data/refined_set\4n6g\4n6g_ligand.mol2,mol2,True,,refined
4n6z,data/refined_set\4n6z\4n6z_protein.pdb,data/refined_set\4n6z\4n6z_pocket.pdb,data/refined_set\4n6z\4n6z_ligand.mol2,mol2,True,,refined
4n7m,data/refined_set\4n7m\4n7m_protein.pdb,data/refined_set\4n7m\4n7m_pocket.pdb,data/refined_set\4n7m\4n7m_ligand.mol2,mol2,True,,refined
4n7u,data/refined_set\4n7u\4n7u_protein.pdb,data/refined_set\4n7u\4n7u_pocket.pdb,data/refined_set\4n7u\4n7u_ligand.mol2,mol2,True,,refined
4n8q,data/refined_set\4n8q\4n8q_protein.pdb,data/refined_set\4n8q\4n8q_pocket.pdb,data/refined_set\4n8q\4n8q_ligand.mol2,mol2,True,,refined
4n9a,data/refined_set\4n9a\4n9a_protein.pdb,data/refined_set\4n9a\4n9a_pocket.pdb,data/refined_set\4n9a\4n9a_ligand.mol2,mol2,True,,refined
4n9c,data/refined_set\4n9c\4n9c_protein.pdb,data/refined_set\4n9c\4n9c_pocket.pdb,data/refined_set\4n9c\4n9c_ligand.mol2,mol2,True,,refined
4na9,data/refined_set\4na9\4na9_protein.pdb,data/refined_set\4na9\4na9_pocket.pdb,data/refined_set\4na9\4na9_ligand.mol2,mol2,True,,refined
4nbk,data/refined_set\4nbk\4nbk_protein.pdb,data/refined_set\4nbk\4nbk_pocket.pdb,data/refined_set\4nbk\4nbk_ligand.mol2,mol2,True,,refined
4nbl,data/refined_set\4nbl\4nbl_protein.pdb,data/refined_set\4nbl\4nbl_pocket.pdb,data/refined_set\4nbl\4nbl_ligand.mol2,mol2,True,,refined
4nbn,data/refined_set\4nbn\4nbn_protein.pdb,data/refined_set\4nbn\4nbn_pocket.pdb,data/refined_set\4nbn\4nbn_ligand.mol2,mol2,True,,refined
4ncn,data/refined_set\4ncn\4ncn_protein.pdb,data/refined_set\4ncn\4ncn_pocket.pdb,data/refined_set\4ncn\4ncn_ligand.mol2,mol2,True,,refined
4ndu,data/refined_set\4ndu\4ndu_protein.pdb,data/refined_set\4ndu\4ndu_pocket.pdb,data/refined_set\4ndu\4ndu_ligand.mol2,mol2,True,,refined
4ngm,data/refined_set\4ngm\4ngm_protein.pdb,data/refined_set\4ngm\4ngm_pocket.pdb,data/refined_set\4ngm\4ngm_ligand.mol2,mol2,True,,refined
4ngn,data/refined_set\4ngn\4ngn_protein.pdb,data/refined_set\4ngn\4ngn_pocket.pdb,data/refined_set\4ngn\4ngn_ligand.mol2,mol2,True,,refined
4ngp,data/refined_set\4ngp\4ngp_protein.pdb,data/refined_set\4ngp\4ngp_pocket.pdb,data/refined_set\4ngp\4ngp_ligand.mol2,mol2,True,,refined
4nh7,data/refined_set\4nh7\4nh7_protein.pdb,data/refined_set\4nh7\4nh7_pocket.pdb,data/refined_set\4nh7\4nh7_ligand.mol2,mol2,True,,refined
4nh8,data/refined_set\4nh8\4nh8_protein.pdb,data/refined_set\4nh8\4nh8_pocket.pdb,data/refined_set\4nh8\4nh8_ligand.mol2,mol2,True,,refined
4nj9,data/refined_set\4nj9\4nj9_protein.pdb,data/refined_set\4nj9\4nj9_pocket.pdb,data/refined_set\4nj9\4nj9_ligand.mol2,mol2,True,,refined
4nja,data/refined_set\4nja\4nja_protein.pdb,data/refined_set\4nja\4nja_pocket.pdb,data/refined_set\4nja\4nja_ligand.mol2,mol2,True,,refined
4nkt,data/refined_set\4nkt\4nkt_protein.pdb,data/refined_set\4nkt\4nkt_pocket.pdb,data/refined_set\4nkt\4nkt_ligand.mol2,mol2,True,,refined
4nku,data/refined_set\4nku\4nku_protein.pdb,data/refined_set\4nku\4nku_pocket.pdb,data/refined_set\4nku\4nku_ligand.mol2,mol2,True,,refined
4nl1,data/refined_set\4nl1\4nl1_protein.pdb,data/refined_set\4nl1\4nl1_pocket.pdb,data/refined_set\4nl1\4nl1_ligand.mol2,mol2,True,,refined
4nnr,data/refined_set\4nnr\4nnr_protein.pdb,data/refined_set\4nnr\4nnr_pocket.pdb,data/refined_set\4nnr\4nnr_ligand.mol2,mol2,True,,refined
4non,data/refined_set\4non\4non_protein.pdb,data/refined_set\4non\4non_pocket.pdb,data/refined_set\4non\4non_ligand.mol2,mol2,True,,refined
4np2,data/refined_set\4np2\4np2_protein.pdb,data/refined_set\4np2\4np2_pocket.pdb,data/refined_set\4np2\4np2_ligand.mol2,mol2,True,,refined
4np3,data/refined_set\4np3\4np3_protein.pdb,data/refined_set\4np3\4np3_pocket.pdb,data/refined_set\4np3\4np3_ligand.mol2,mol2,True,,refined
4np9,data/refined_set\4np9\4np9_protein.pdb,data/refined_set\4np9\4np9_pocket.pdb,data/refined_set\4np9\4np9_ligand.mol2,mol2,True,,refined
4nra,data/refined_set\4nra\4nra_protein.pdb,data/refined_set\4nra\4nra_pocket.pdb,data/refined_set\4nra\4nra_ligand.mol2,mol2,True,,refined
4nuc,data/refined_set\4nuc\4nuc_protein.pdb,data/refined_set\4nuc\4nuc_pocket.pdb,data/refined_set\4nuc\4nuc_ligand.mol2,mol2,True,,refined
4nue,data/refined_set\4nue\4nue_protein.pdb,data/refined_set\4nue\4nue_pocket.pdb,data/refined_set\4nue\4nue_ligand.mol2,mol2,True,,refined
4nvp,data/refined_set\4nvp\4nvp_protein.pdb,data/refined_set\4nvp\4nvp_pocket.pdb,data/refined_set\4nvp\4nvp_ligand.mol2,mol2,True,,refined
4nwc,data/refined_set\4nwc\4nwc_protein.pdb,data/refined_set\4nwc\4nwc_pocket.pdb,data/refined_set\4nwc\4nwc_ligand.mol2,mol2,True,,refined
4nxu,data/refined_set\4nxu\4nxu_protein.pdb,data/refined_set\4nxu\4nxu_pocket.pdb,data/refined_set\4nxu\4nxu_ligand.mol2,mol2,True,,refined
4nxv,data/refined_set\4nxv\4nxv_protein.pdb,data/refined_set\4nxv\4nxv_pocket.pdb,data/refined_set\4nxv\4nxv_ligand.mol2,mol2,True,,refined
4nyf,data/refined_set\4nyf\4nyf_protein.pdb,data/refined_set\4nyf\4nyf_pocket.pdb,data/refined_set\4nyf\4nyf_ligand.mol2,mol2,True,,refined
4o04,data/refined_set\4o04\4o04_protein.pdb,data/refined_set\4o04\4o04_pocket.pdb,data/refined_set\4o04\4o04_ligand.mol2,mol2,True,,refined
4o05,data/refined_set\4o05\4o05_protein.pdb,data/refined_set\4o05\4o05_pocket.pdb,data/refined_set\4o05\4o05_ligand.mol2,mol2,True,,refined
4o07,data/refined_set\4o07\4o07_protein.pdb,data/refined_set\4o07\4o07_pocket.pdb,data/refined_set\4o07\4o07_ligand.mol2,mol2,True,,refined
4o09,data/refined_set\4o09\4o09_protein.pdb,data/refined_set\4o09\4o09_pocket.pdb,data/refined_set\4o09\4o09_ligand.mol2,mol2,True,,refined
4o0a,data/refined_set\4o0a\4o0a_protein.pdb,data/refined_set\4o0a\4o0a_pocket.pdb,data/refined_set\4o0a\4o0a_ligand.mol2,mol2,True,,refined
4o0b,data/refined_set\4o0b\4o0b_protein.pdb,data/refined_set\4o0b\4o0b_pocket.pdb,data/refined_set\4o0b\4o0b_ligand.mol2,mol2,True,,refined
4o0x,data/refined_set\4o0x\4o0x_protein.pdb,data/refined_set\4o0x\4o0x_pocket.pdb,data/refined_set\4o0x\4o0x_ligand.mol2,mol2,True,,refined
4o0y,data/refined_set\4o0y\4o0y_protein.pdb,data/refined_set\4o0y\4o0y_pocket.pdb,data/refined_set\4o0y\4o0y_ligand.mol2,mol2,True,,refined
4o2b,data/refined_set\4o2b\4o2b_protein.pdb,data/refined_set\4o2b\4o2b_pocket.pdb,data/refined_set\4o2b\4o2b_ligand.mol2,mol2,True,,refined
4o2c,data/refined_set\4o2c\4o2c_protein.pdb,data/refined_set\4o2c\4o2c_pocket.pdb,data/refined_set\4o2c\4o2c_ligand.mol2,mol2,True,,refined
4o2p,data/refined_set\4o2p\4o2p_protein.pdb,data/refined_set\4o2p\4o2p_pocket.pdb,data/refined_set\4o2p\4o2p_ligand.mol2,mol2,True,,refined
4o3c,data/refined_set\4o3c\4o3c_protein.pdb,data/refined_set\4o3c\4o3c_pocket.pdb,data/refined_set\4o3c\4o3c_ligand.mol2,mol2,True,,refined
4o3f,data/refined_set\4o3f\4o3f_protein.pdb,data/refined_set\4o3f\4o3f_pocket.pdb,data/refined_set\4o3f\4o3f_ligand.mol2,mol2,True,,refined
4o61,data/refined_set\4o61\4o61_protein.pdb,data/refined_set\4o61\4o61_pocket.pdb,data/refined_set\4o61\4o61_ligand.mol2,mol2,True,,refined
4o6w,data/refined_set\4o6w\4o6w_protein.pdb,data/refined_set\4o6w\4o6w_pocket.pdb,data/refined_set\4o6w\4o6w_ligand.mol2,mol2,True,,refined
4o97,data/refined_set\4o97\4o97_protein.pdb,data/refined_set\4o97\4o97_pocket.pdb,data/refined_set\4o97\4o97_ligand.mol2,mol2,True,,refined
4o9v,data/refined_set\4o9v\4o9v_protein.pdb,data/refined_set\4o9v\4o9v_pocket.pdb,data/refined_set\4o9v\4o9v_ligand.mol2,mol2,True,,refined
4o9w,data/refined_set\4o9w\4o9w_protein.pdb,data/refined_set\4o9w\4o9w_pocket.pdb,data/refined_set\4o9w\4o9w_ligand.mol2,mol2,True,,refined
4oag,data/refined_set\4oag\4oag_protein.pdb,data/refined_set\4oag\4oag_pocket.pdb,data/refined_set\4oag\4oag_ligand.mol2,mol2,True,,refined
4oak,data/refined_set\4oak\4oak_protein.pdb,data/refined_set\4oak\4oak_pocket.pdb,data/refined_set\4oak\4oak_ligand.mol2,mol2,True,,refined
4oc0,data/refined_set\4oc0\4oc0_protein.pdb,data/refined_set\4oc0\4oc0_pocket.pdb,data/refined_set\4oc0\4oc0_ligand.mol2,mol2,True,,refined
4oc1,data/refined_set\4oc1\4oc1_protein.pdb,data/refined_set\4oc1\4oc1_pocket.pdb,data/refined_set\4oc1\4oc1_ligand.mol2,mol2,True,,refined
4oc2,data/refined_set\4oc2\4oc2_protein.pdb,data/refined_set\4oc2\4oc2_pocket.pdb,data/refined_set\4oc2\4oc2_ligand.mol2,mol2,True,,refined
4oc3,data/refined_set\4oc3\4oc3_protein.pdb,data/refined_set\4oc3\4oc3_pocket.pdb,data/refined_set\4oc3\4oc3_ligand.mol2,mol2,True,,refined
4oc5,data/refined_set\4oc5\4oc5_protein.pdb,data/refined_set\4oc5\4oc5_pocket.pdb,data/refined_set\4oc5\4oc5_ligand.mol2,mol2,True,,refined
4ocq,data/refined_set\4ocq\4ocq_protein.pdb,data/refined_set\4ocq\4ocq_pocket.pdb,data/refined_set\4ocq\4ocq_ligand.mol2,mol2,True,,refined
4oct,data/refined_set\4oct\4oct_protein.pdb,data/refined_set\4oct\4oct_pocket.pdb,data/refined_set\4oct\4oct_ligand.mol2,mol2,True,,refined
4oeu,data/refined_set\4oeu\4oeu_protein.pdb,data/refined_set\4oeu\4oeu_pocket.pdb,data/refined_set\4oeu\4oeu_ligand.mol2,mol2,True,,refined
4og3,data/refined_set\4og3\4og3_protein.pdb,data/refined_set\4og3\4og3_pocket.pdb,data/refined_set\4og3\4og3_ligand.mol2,mol2,True,,refined
4og4,data/refined_set\4og4\4og4_protein.pdb,data/refined_set\4og4\4og4_pocket.pdb,data/refined_set\4og4\4og4_ligand.mol2,mol2,True,,refined
4ogj,data/refined_set\4ogj\4ogj_protein.pdb,data/refined_set\4ogj\4ogj_pocket.pdb,data/refined_set\4ogj\4ogj_ligand.mol2,mol2,True,,refined
4oiv,data/refined_set\4oiv\4oiv_protein.pdb,data/refined_set\4oiv\4oiv_pocket.pdb,data/refined_set\4oiv\4oiv_ligand.mol2,mol2,True,,refined
4oks,data/refined_set\4oks\4oks_protein.pdb,data/refined_set\4oks\4oks_pocket.pdb,data/refined_set\4oks\4oks_ligand.mol2,mol2,True,,refined
4oma,data/refined_set\4oma\4oma_protein.pdb,data/refined_set\4oma\4oma_pocket.pdb,data/refined_set\4oma\4oma_ligand.mol2,mol2,True,,refined
4omc,data/refined_set\4omc\4omc_protein.pdb,data/refined_set\4omc\4omc_pocket.pdb,data/refined_set\4omc\4omc_ligand.mol2,mol2,True,,refined
4omj,data/refined_set\4omj\4omj_protein.pdb,data/refined_set\4omj\4omj_pocket.pdb,data/refined_set\4omj\4omj_ligand.mol2,mol2,True,,refined
4omk,data/refined_set\4omk\4omk_protein.pdb,data/refined_set\4omk\4omk_pocket.pdb,data/refined_set\4omk\4omk_ligand.mol2,mol2,True,,refined
4or4,data/refined_set\4or4\4or4_protein.pdb,data/refined_set\4or4\4or4_pocket.pdb,data/refined_set\4or4\4or4_ligand.mol2,mol2,True,,refined
4or6,data/refined_set\4or6\4or6_protein.pdb,data/refined_set\4or6\4or6_pocket.pdb,data/refined_set\4or6\4or6_ligand.mol2,mol2,True,,refined
4ou3,data/refined_set\4ou3\4ou3_protein.pdb,data/refined_set\4ou3\4ou3_pocket.pdb,data/refined_set\4ou3\4ou3_ligand.mol2,mol2,True,,refined
4ovf,data/refined_set\4ovf\4ovf_protein.pdb,data/refined_set\4ovf\4ovf_pocket.pdb,data/refined_set\4ovf\4ovf_ligand.mol2,mol2,True,,refined
4ovg,data/refined_set\4ovg\4ovg_protein.pdb,data/refined_set\4ovg\4ovg_pocket.pdb,data/refined_set\4ovg\4ovg_ligand.mol2,mol2,True,,refined
4ovh,data/refined_set\4ovh\4ovh_protein.pdb,data/refined_set\4ovh\4ovh_pocket.pdb,data/refined_set\4ovh\4ovh_ligand.mol2,mol2,True,,refined
4owm,data/refined_set\4owm\4owm_protein.pdb,data/refined_set\4owm\4owm_pocket.pdb,data/refined_set\4owm\4owm_ligand.mol2,mol2,True,,refined
4owv,data/refined_set\4owv\4owv_protein.pdb,data/refined_set\4owv\4owv_pocket.pdb,data/refined_set\4owv\4owv_ligand.mol2,mol2,True,,refined
4ozj,data/refined_set\4ozj\4ozj_protein.pdb,data/refined_set\4ozj\4ozj_pocket.pdb,data/refined_set\4ozj\4ozj_ligand.mol2,mol2,True,,refined
4p3h,data/refined_set\4p3h\4p3h_protein.pdb,data/refined_set\4p3h\4p3h_pocket.pdb,data/refined_set\4p3h\4p3h_ligand.mol2,mol2,True,,refined
4p58,data/refined_set\4p58\4p58_protein.pdb,data/refined_set\4p58\4p58_pocket.pdb,data/refined_set\4p58\4p58_ligand.mol2,mol2,True,,refined
4p5d,data/refined_set\4p5d\4p5d_protein.pdb,data/refined_set\4p5d\4p5d_pocket.pdb,data/refined_set\4p5d\4p5d_ligand.mol2,mol2,True,,refined
4p5z,data/refined_set\4p5z\4p5z_protein.pdb,data/refined_set\4p5z\4p5z_pocket.pdb,data/refined_set\4p5z\4p5z_ligand.mol2,mol2,True,,refined
4p6c,data/refined_set\4p6c\4p6c_protein.pdb,data/refined_set\4p6c\4p6c_pocket.pdb,data/refined_set\4p6c\4p6c_ligand.mol2,mol2,True,,refined
4p6w,data/refined_set\4p6w\4p6w_protein.pdb,data/refined_set\4p6w\4p6w_pocket.pdb,data/refined_set\4p6w\4p6w_ligand.mol2,mol2,True,,refined
4p6x,data/refined_set\4p6x\4p6x_protein.pdb,data/refined_set\4p6x\4p6x_pocket.pdb,data/refined_set\4p6x\4p6x_ligand.mol2,mol2,True,,refined
4pb2,data/refined_set\4pb2\4pb2_protein.pdb,data/refined_set\4pb2\4pb2_pocket.pdb,data/refined_set\4pb2\4pb2_ligand.mol2,mol2,True,,refined
4pcs,data/refined_set\4pcs\4pcs_protein.pdb,data/refined_set\4pcs\4pcs_pocket.pdb,data/refined_set\4pcs\4pcs_ligand.mol2,mol2,True,,refined
4pee,data/refined_set\4pee\4pee_protein.pdb,data/refined_set\4pee\4pee_pocket.pdb,data/refined_set\4pee\4pee_ligand.mol2,mol2,True,,refined
4pf5,data/refined_set\4pf5\4pf5_protein.pdb,data/refined_set\4pf5\4pf5_pocket.pdb,data/refined_set\4pf5\4pf5_ligand.mol2,mol2,True,,refined
4pft,data/refined_set\4pft\4pft_protein.pdb,data/refined_set\4pft\4pft_pocket.pdb,data/refined_set\4pft\4pft_ligand.mol2,mol2,True,,refined
4pfu,data/refined_set\4pfu\4pfu_protein.pdb,data/refined_set\4pfu\4pfu_pocket.pdb,data/refined_set\4pfu\4pfu_ligand.mol2,mol2,True,,refined
4pg9,data/refined_set\4pg9\4pg9_protein.pdb,data/refined_set\4pg9\4pg9_pocket.pdb,data/refined_set\4pg9\4pg9_ligand.mol2,mol2,True,,refined
4phu,data/refined_set\4phu\4phu_protein.pdb,data/refined_set\4phu\4phu_pocket.pdb,data/refined_set\4phu\4phu_ligand.mol2,mol2,True,,refined
4pin,data/refined_set\4pin\4pin_protein.pdb,data/refined_set\4pin\4pin_pocket.pdb,data/refined_set\4pin\4pin_ligand.mol2,mol2,True,,refined
4pmm,data/refined_set\4pmm\4pmm_protein.pdb,data/refined_set\4pmm\4pmm_pocket.pdb,data/refined_set\4pmm\4pmm_ligand.mol2,mol2,True,,refined
4pnu,data/refined_set\4pnu\4pnu_protein.pdb,data/refined_set\4pnu\4pnu_pocket.pdb,data/refined_set\4pnu\4pnu_ligand.mol2,mol2,True,,refined
4poh,data/refined_set\4poh\4poh_protein.pdb,data/refined_set\4poh\4poh_pocket.pdb,data/refined_set\4poh\4poh_ligand.mol2,mol2,True,,refined
4poj,data/refined_set\4poj\4poj_protein.pdb,data/refined_set\4poj\4poj_pocket.pdb,data/refined_set\4poj\4poj_ligand.mol2,mol2,True,,refined
4pop,data/refined_set\4pop\4pop_protein.pdb,data/refined_set\4pop\4pop_pocket.pdb,data/refined_set\4pop\4pop_ligand.mol2,mol2,True,,refined
4pow,data/refined_set\4pow\4pow_protein.pdb,data/refined_set\4pow\4pow_pocket.pdb,data/refined_set\4pow\4pow_ligand.mol2,mol2,True,,refined
4pox,data/refined_set\4pox\4pox_protein.pdb,data/refined_set\4pox\4pox_pocket.pdb,data/refined_set\4pox\4pox_ligand.mol2,mol2,True,,refined
4pp0,data/refined_set\4pp0\4pp0_protein.pdb,data/refined_set\4pp0\4pp0_pocket.pdb,data/refined_set\4pp0\4pp0_ligand.mol2,mol2,True,,refined
4pp3,data/refined_set\4pp3\4pp3_protein.pdb,data/refined_set\4pp3\4pp3_pocket.pdb,data/refined_set\4pp3\4pp3_ligand.mol2,mol2,True,,refined
4pp5,data/refined_set\4pp5\4pp5_protein.pdb,data/refined_set\4pp5\4pp5_pocket.pdb,data/refined_set\4pp5\4pp5_ligand.mol2,mol2,True,,refined
4pqa,data/refined_set\4pqa\4pqa_protein.pdb,data/refined_set\4pqa\4pqa_pocket.pdb,data/refined_set\4pqa\4pqa_ligand.mol2,mol2,True,,refined
4psb,data/refined_set\4psb\4psb_protein.pdb,data/refined_set\4psb\4psb_pocket.pdb,data/refined_set\4psb\4psb_ligand.mol2,mol2,True,,refined
4pum,data/refined_set\4pum\4pum_protein.pdb,data/refined_set\4pum\4pum_pocket.pdb,data/refined_set\4pum\4pum_ligand.mol2,mol2,True,,refined
4pv5,data/refined_set\4pv5\4pv5_protein.pdb,data/refined_set\4pv5\4pv5_pocket.pdb,data/refined_set\4pv5\4pv5_ligand.mol2,mol2,True,,refined
4pvx,data/refined_set\4pvx\4pvx_protein.pdb,data/refined_set\4pvx\4pvx_pocket.pdb,data/refined_set\4pvx\4pvx_ligand.mol2,mol2,True,,refined
4pvy,data/refined_set\4pvy\4pvy_protein.pdb,data/refined_set\4pvy\4pvy_pocket.pdb,data/refined_set\4pvy\4pvy_ligand.mol2,mol2,True,,refined
4pzv,data/refined_set\4pzv\4pzv_protein.pdb,data/refined_set\4pzv\4pzv_pocket.pdb,data/refined_set\4pzv\4pzv_ligand.mol2,mol2,True,,refined
4q08,data/refined_set\4q08\4q08_protein.pdb,data/refined_set\4q08\4q08_pocket.pdb,data/refined_set\4q08\4q08_ligand.mol2,mol2,True,,refined
4q09,data/refined_set\4q09\4q09_protein.pdb,data/refined_set\4q09\4q09_pocket.pdb,data/refined_set\4q09\4q09_ligand.mol2,mol2,True,,refined
4q0k,data/refined_set\4q0k\4q0k_protein.pdb,data/refined_set\4q0k\4q0k_pocket.pdb,data/refined_set\4q0k\4q0k_ligand.mol2,mol2,True,,refined
4q19,data/refined_set\4q19\4q19_protein.pdb,data/refined_set\4q19\4q19_pocket.pdb,data/refined_set\4q19\4q19_ligand.mol2,mol2,True,,refined
4q1w,data/refined_set\4q1w\4q1w_protein.pdb,data/refined_set\4q1w\4q1w_pocket.pdb,data/refined_set\4q1w\4q1w_ligand.mol2,mol2,True,,refined
4q1x,data/refined_set\4q1x\4q1x_protein.pdb,data/refined_set\4q1x\4q1x_pocket.pdb,data/refined_set\4q1x\4q1x_ligand.mol2,mol2,True,,refined
4q1y,data/refined_set\4q1y\4q1y_protein.pdb,data/refined_set\4q1y\4q1y_pocket.pdb,data/refined_set\4q1y\4q1y_ligand.mol2,mol2,True,,refined
4q3t,data/refined_set\4q3t\4q3t_protein.pdb,data/refined_set\4q3t\4q3t_pocket.pdb,data/refined_set\4q3t\4q3t_ligand.mol2,mol2,True,,refined
4q3u,data/refined_set\4q3u\4q3u_protein.pdb,data/refined_set\4q3u\4q3u_pocket.pdb,data/refined_set\4q3u\4q3u_ligand.mol2,mol2,True,,refined
4q46,data/refined_set\4q46\4q46_protein.pdb,data/refined_set\4q46\4q46_pocket.pdb,data/refined_set\4q46\4q46_ligand.mol2,mol2,True,,refined
4q4o,data/refined_set\4q4o\4q4o_protein.pdb,data/refined_set\4q4o\4q4o_pocket.pdb,data/refined_set\4q4o\4q4o_ligand.mol2,mol2,True,,refined
4q4p,data/refined_set\4q4p\4q4p_protein.pdb,data/refined_set\4q4p\4q4p_pocket.pdb,data/refined_set\4q4p\4q4p_ligand.mol2,mol2,True,,refined
4q4q,data/refined_set\4q4q\4q4q_protein.pdb,data/refined_set\4q4q\4q4q_pocket.pdb,data/refined_set\4q4q\4q4q_ligand.mol2,mol2,True,,refined
4q4r,data/refined_set\4q4r\4q4r_protein.pdb,data/refined_set\4q4r\4q4r_pocket.pdb,data/refined_set\4q4r\4q4r_ligand.mol2,mol2,True,,refined
4q4s,data/refined_set\4q4s\4q4s_protein.pdb,data/refined_set\4q4s\4q4s_pocket.pdb,data/refined_set\4q4s\4q4s_ligand.mol2,mol2,True,,refined
4q6d,data/refined_set\4q6d\4q6d_protein.pdb,data/refined_set\4q6d\4q6d_pocket.pdb,data/refined_set\4q6d\4q6d_ligand.mol2,mol2,True,,refined
4q6e,data/refined_set\4q6e\4q6e_protein.pdb,data/refined_set\4q6e\4q6e_pocket.pdb,data/refined_set\4q6e\4q6e_ligand.mol2,mol2,True,,refined
4q7p,data/refined_set\4q7p\4q7p_protein.pdb,data/refined_set\4q7p\4q7p_pocket.pdb,data/refined_set\4q7p\4q7p_ligand.mol2,mol2,True,,refined
4q7s,data/refined_set\4q7s\4q7s_protein.pdb,data/refined_set\4q7s\4q7s_pocket.pdb,data/refined_set\4q7s\4q7s_ligand.mol2,mol2,True,,refined
4q7v,data/refined_set\4q7v\4q7v_protein.pdb,data/refined_set\4q7v\4q7v_pocket.pdb,data/refined_set\4q7v\4q7v_ligand.mol2,mol2,True,,refined
4q7w,data/refined_set\4q7w\4q7w_protein.pdb,data/refined_set\4q7w\4q7w_pocket.pdb,data/refined_set\4q7w\4q7w_ligand.mol2,mol2,True,,refined
4q81,data/refined_set\4q81\4q81_protein.pdb,data/refined_set\4q81\4q81_pocket.pdb,data/refined_set\4q81\4q81_ligand.mol2,mol2,True,,refined
4q83,data/refined_set\4q83\4q83_protein.pdb,data/refined_set\4q83\4q83_pocket.pdb,data/refined_set\4q83\4q83_ligand.mol2,mol2,True,,refined
4q87,data/refined_set\4q87\4q87_protein.pdb,data/refined_set\4q87\4q87_pocket.pdb,data/refined_set\4q87\4q87_ligand.mol2,mol2,True,,refined
4q8x,data/refined_set\4q8x\4q8x_protein.pdb,data/refined_set\4q8x\4q8x_pocket.pdb,data/refined_set\4q8x\4q8x_ligand.mol2,mol2,True,,refined
4q8y,data/refined_set\4q8y\4q8y_protein.pdb,data/refined_set\4q8y\4q8y_pocket.pdb,data/refined_set\4q8y\4q8y_ligand.mol2,mol2,True,,refined
4q90,data/refined_set\4q90\4q90_protein.pdb,data/refined_set\4q90\4q90_pocket.pdb,data/refined_set\4q90\4q90_ligand.mol2,mol2,True,,refined
4q93,data/refined_set\4q93\4q93_protein.pdb,data/refined_set\4q93\4q93_pocket.pdb,data/refined_set\4q93\4q93_ligand.mol2,mol2,True,,refined
4q99,data/refined_set\4q99\4q99_protein.pdb,data/refined_set\4q99\4q99_pocket.pdb,data/refined_set\4q99\4q99_ligand.mol2,mol2,True,,refined
4q9o,data/refined_set\4q9o\4q9o_protein.pdb,data/refined_set\4q9o\4q9o_pocket.pdb,data/refined_set\4q9o\4q9o_ligand.mol2,mol2,True,,refined
4q9y,data/refined_set\4q9y\4q9y_protein.pdb,data/refined_set\4q9y\4q9y_pocket.pdb,data/refined_set\4q9y\4q9y_ligand.mol2,mol2,True,,refined
4qac,data/refined_set\4qac\4qac_protein.pdb,data/refined_set\4qac\4qac_pocket.pdb,data/refined_set\4qac\4qac_ligand.mol2,mol2,True,,refined
4qb3,data/refined_set\4qb3\4qb3_protein.pdb,data/refined_set\4qb3\4qb3_pocket.pdb,data/refined_set\4qb3\4qb3_ligand.mol2,mol2,True,,refined
4qd6,data/refined_set\4qd6\4qd6_protein.pdb,data/refined_set\4qd6\4qd6_pocket.pdb,data/refined_set\4qd6\4qd6_ligand.mol2,mol2,True,,refined
4qdk,data/refined_set\4qdk\4qdk_protein.pdb,data/refined_set\4qdk\4qdk_pocket.pdb,data/refined_set\4qdk\4qdk_ligand.mol2,mol2,True,,refined
4qem,data/refined_set\4qem\4qem_protein.pdb,data/refined_set\4qem\4qem_pocket.pdb,data/refined_set\4qem\4qem_ligand.mol2,mol2,True,,refined
4qer,data/refined_set\4qer\4qer_protein.pdb,data/refined_set\4qer\4qer_pocket.pdb,data/refined_set\4qer\4qer_ligand.mol2,mol2,True,,refined
4qev,data/refined_set\4qev\4qev_protein.pdb,data/refined_set\4qev\4qev_pocket.pdb,data/refined_set\4qev\4qev_ligand.mol2,mol2,True,,refined
4qew,data/refined_set\4qew\4qew_protein.pdb,data/refined_set\4qew\4qew_pocket.pdb,data/refined_set\4qew\4qew_ligand.mol2,mol2,True,,refined
4qf7,data/refined_set\4qf7\4qf7_protein.pdb,data/refined_set\4qf7\4qf7_pocket.pdb,data/refined_set\4qf7\4qf7_ligand.mol2,mol2,True,,refined
4qf8,data/refined_set\4qf8\4qf8_protein.pdb,data/refined_set\4qf8\4qf8_pocket.pdb,data/refined_set\4qf8\4qf8_ligand.mol2,mol2,True,,refined
4qf9,data/refined_set\4qf9\4qf9_protein.pdb,data/refined_set\4qf9\4qf9_pocket.pdb,data/refined_set\4qf9\4qf9_ligand.mol2,mol2,True,,refined
4qfl,data/refined_set\4qfl\4qfl_protein.pdb,data/refined_set\4qfl\4qfl_pocket.pdb,data/refined_set\4qfl\4qfl_ligand.mol2,mol2,True,,refined
4qfn,data/refined_set\4qfn\4qfn_protein.pdb,data/refined_set\4qfn\4qfn_pocket.pdb,data/refined_set\4qfn\4qfn_ligand.mol2,mol2,True,,refined
4qfo,data/refined_set\4qfo\4qfo_protein.pdb,data/refined_set\4qfo\4qfo_pocket.pdb,data/refined_set\4qfo\4qfo_ligand.mol2,mol2,True,,refined
4qfp,data/refined_set\4qfp\4qfp_protein.pdb,data/refined_set\4qfp\4qfp_pocket.pdb,data/refined_set\4qfp\4qfp_ligand.mol2,mol2,True,,refined
4qgd,data/refined_set\4qgd\4qgd_protein.pdb,data/refined_set\4qgd\4qgd_pocket.pdb,data/refined_set\4qgd\4qgd_ligand.mol2,mol2,True,,refined
4qge,data/refined_set\4qge\4qge_protein.pdb,data/refined_set\4qge\4qge_pocket.pdb,data/refined_set\4qge\4qge_ligand.mol2,mol2,True,,refined
4qgi,data/refined_set\4qgi\4qgi_protein.pdb,data/refined_set\4qgi\4qgi_pocket.pdb,data/refined_set\4qgi\4qgi_ligand.mol2,mol2,True,,refined
4qij,data/refined_set\4qij\4qij_protein.pdb,data/refined_set\4qij\4qij_pocket.pdb,data/refined_set\4qij\4qij_ligand.mol2,mol2,True,,refined
4qj0,data/refined_set\4qj0\4qj0_protein.pdb,data/refined_set\4qj0\4qj0_pocket.pdb,data/refined_set\4qj0\4qj0_ligand.mol2,mol2,True,,refined
4qjw,data/refined_set\4qjw\4qjw_protein.pdb,data/refined_set\4qjw\4qjw_pocket.pdb,data/refined_set\4qjw\4qjw_ligand.mol2,mol2,True,,refined
4qjx,data/refined_set\4qjx\4qjx_protein.pdb,data/refined_set\4qjx\4qjx_pocket.pdb,data/refined_set\4qjx\4qjx_ligand.mol2,mol2,True,,refined
4ql1,data/refined_set\4ql1\4ql1_protein.pdb,data/refined_set\4ql1\4ql1_pocket.pdb,data/refined_set\4ql1\4ql1_ligand.mol2,mol2,True,,refined
4qlk,data/refined_set\4qlk\4qlk_protein.pdb,data/refined_set\4qlk\4qlk_pocket.pdb,data/refined_set\4qlk\4qlk_ligand.mol2,mol2,True,,refined
4qll,data/refined_set\4qll\4qll_protein.pdb,data/refined_set\4qll\4qll_pocket.pdb,data/refined_set\4qll\4qll_ligand.mol2,mol2,True,,refined
4qnb,data/refined_set\4qnb\4qnb_protein.pdb,data/refined_set\4qnb\4qnb_pocket.pdb,data/refined_set\4qnb\4qnb_ligand.mol2,mol2,True,,refined
4qp2,data/refined_set\4qp2\4qp2_protein.pdb,data/refined_set\4qp2\4qp2_pocket.pdb,data/refined_set\4qp2\4qp2_ligand.mol2,mol2,True,,refined
4qpd,data/refined_set\4qpd\4qpd_protein.pdb,data/refined_set\4qpd\4qpd_pocket.pdb,data/refined_set\4qpd\4qpd_ligand.mol2,mol2,True,,refined
4qpl,data/refined_set\4qpl\4qpl_protein.pdb,data/refined_set\4qpl\4qpl_pocket.pdb,data/refined_set\4qpl\4qpl_ligand.mol2,mol2,True,,refined
4qrh,data/refined_set\4qrh\4qrh_protein.pdb,data/refined_set\4qrh\4qrh_pocket.pdb,data/refined_set\4qrh\4qrh_ligand.mol2,mol2,True,,refined
4qsu,data/refined_set\4qsu\4qsu_protein.pdb,data/refined_set\4qsu\4qsu_pocket.pdb,data/refined_set\4qsu\4qsu_ligand.mol2,mol2,True,,refined
4qsv,data/refined_set\4qsv\4qsv_protein.pdb,data/refined_set\4qsv\4qsv_pocket.pdb,data/refined_set\4qsv\4qsv_ligand.mol2,mol2,True,,refined
4qtl,data/refined_set\4qtl\4qtl_protein.pdb,data/refined_set\4qtl\4qtl_pocket.pdb,data/refined_set\4qtl\4qtl_ligand.mol2,mol2,True,,refined
4qxo,data/refined_set\4qxo\4qxo_protein.pdb,data/refined_set\4qxo\4qxo_pocket.pdb,data/refined_set\4qxo\4qxo_ligand.mol2,mol2,True,,refined
4qy3,data/refined_set\4qy3\4qy3_protein.pdb,data/refined_set\4qy3\4qy3_pocket.pdb,data/refined_set\4qy3\4qy3_ligand.mol2,mol2,True,,refined
4qyy,data/refined_set\4qyy\4qyy_protein.pdb,data/refined_set\4qyy\4qyy_pocket.pdb,data/refined_set\4qyy\4qyy_ligand.mol2,mol2,True,,refined
4r06,data/refined_set\4r06\4r06_protein.pdb,data/refined_set\4r06\4r06_pocket.pdb,data/refined_set\4r06\4r06_ligand.mol2,mol2,True,,refined
4r0a,data/refined_set\4r0a\4r0a_protein.pdb,data/refined_set\4r0a\4r0a_pocket.pdb,data/refined_set\4r0a\4r0a_ligand.mol2,mol2,True,,refined
4r3w,data/refined_set\4r3w\4r3w_protein.pdb,data/refined_set\4r3w\4r3w_pocket.pdb,data/refined_set\4r3w\4r3w_ligand.mol2,mol2,True,,refined
4r4c,data/refined_set\4r4c\4r4c_protein.pdb,data/refined_set\4r4c\4r4c_pocket.pdb,data/refined_set\4r4c\4r4c_ligand.mol2,mol2,True,,refined
4r4i,data/refined_set\4r4i\4r4i_protein.pdb,data/refined_set\4r4i\4r4i_pocket.pdb,data/refined_set\4r4i\4r4i_ligand.mol2,mol2,True,,refined
4r4o,data/refined_set\4r4o\4r4o_protein.pdb,data/refined_set\4r4o\4r4o_pocket.pdb,data/refined_set\4r4o\4r4o_ligand.mol2,mol2,True,,refined
4r4t,data/refined_set\4r4t\4r4t_protein.pdb,data/refined_set\4r4t\4r4t_pocket.pdb,data/refined_set\4r4t\4r4t_ligand.mol2,mol2,True,,refined
4r59,data/refined_set\4r59\4r59_protein.pdb,data/refined_set\4r59\4r59_pocket.pdb,data/refined_set\4r59\4r59_ligand.mol2,mol2,True,,refined
4r5a,data/refined_set\4r5a\4r5a_protein.pdb,data/refined_set\4r5a\4r5a_pocket.pdb,data/refined_set\4r5a\4r5a_ligand.mol2,mol2,True,,refined
4r5b,data/refined_set\4r5b\4r5b_protein.pdb,data/refined_set\4r5b\4r5b_pocket.pdb,data/refined_set\4r5b\4r5b_ligand.mol2,mol2,True,,refined
4r5t,data/refined_set\4r5t\4r5t_protein.pdb,data/refined_set\4r5t\4r5t_pocket.pdb,data/refined_set\4r5t\4r5t_ligand.mol2,mol2,True,,refined
4r73,data/refined_set\4r73\4r73_protein.pdb,data/refined_set\4r73\4r73_pocket.pdb,data/refined_set\4r73\4r73_ligand.mol2,mol2,True,,refined
4r74,data/refined_set\4r74\4r74_protein.pdb,data/refined_set\4r74\4r74_pocket.pdb,data/refined_set\4r74\4r74_ligand.mol2,mol2,True,,refined
4r75,data/refined_set\4r75\4r75_protein.pdb,data/refined_set\4r75\4r75_pocket.pdb,data/refined_set\4r75\4r75_ligand.mol2,mol2,True,,refined
4r76,data/refined_set\4r76\4r76_protein.pdb,data/refined_set\4r76\4r76_pocket.pdb,data/refined_set\4r76\4r76_ligand.mol2,mol2,True,,refined
4ra1,data/refined_set\4ra1\4ra1_protein.pdb,data/refined_set\4ra1\4ra1_pocket.pdb,data/refined_set\4ra1\4ra1_ligand.mol2,mol2,True,,refined
4rak,data/refined_set\4rak\4rak_protein.pdb,data/refined_set\4rak\4rak_pocket.pdb,data/refined_set\4rak\4rak_ligand.mol2,mol2,True,,refined
4rd0,data/refined_set\4rd0\4rd0_protein.pdb,data/refined_set\4rd0\4rd0_pocket.pdb,data/refined_set\4rd0\4rd0_ligand.mol2,mol2,True,,refined
4rd3,data/refined_set\4rd3\4rd3_protein.pdb,data/refined_set\4rd3\4rd3_pocket.pdb,data/refined_set\4rd3\4rd3_ligand.mol2,mol2,True,,refined
4rd6,data/refined_set\4rd6\4rd6_protein.pdb,data/refined_set\4rd6\4rd6_pocket.pdb,data/refined_set\4rd6\4rd6_ligand.mol2,mol2,True,,refined
4rdn,data/refined_set\4rdn\4rdn_protein.pdb,data/refined_set\4rdn\4rdn_pocket.pdb,data/refined_set\4rdn\4rdn_ligand.mol2,mol2,True,,refined
4re2,data/refined_set\4re2\4re2_protein.pdb,data/refined_set\4re2\4re2_pocket.pdb,data/refined_set\4re2\4re2_ligand.mol2,mol2,True,,refined
4re4,data/refined_set\4re4\4re4_protein.pdb,data/refined_set\4re4\4re4_pocket.pdb,data/refined_set\4re4\4re4_ligand.mol2,mol2,True,,refined
4rfc,data/refined_set\4rfc\4rfc_protein.pdb,data/refined_set\4rfc\4rfc_pocket.pdb,data/refined_set\4rfc\4rfc_ligand.mol2,mol2,True,,refined
4rfd,data/refined_set\4rfd\4rfd_protein.pdb,data/refined_set\4rfd\4rfd_pocket.pdb,data/refined_set\4rfd\4rfd_ligand.mol2,mol2,True,,refined
4rfm,data/refined_set\4rfm\4rfm_protein.pdb,data/refined_set\4rfm\4rfm_pocket.pdb,data/refined_set\4rfm\4rfm_ligand.mol2,mol2,True,,refined
4rfr,data/refined_set\4rfr\4rfr_protein.pdb,data/refined_set\4rfr\4rfr_pocket.pdb,data/refined_set\4rfr\4rfr_ligand.mol2,mol2,True,,refined
4rhx,data/refined_set\4rhx\4rhx_protein.pdb,data/refined_set\4rhx\4rhx_pocket.pdb,data/refined_set\4rhx\4rhx_ligand.mol2,mol2,True,,refined
4riu,data/refined_set\4riu\4riu_protein.pdb,data/refined_set\4riu\4riu_pocket.pdb,data/refined_set\4riu\4riu_ligand.mol2,mol2,True,,refined
4riv,data/refined_set\4riv\4riv_protein.pdb,data/refined_set\4riv\4riv_pocket.pdb,data/refined_set\4riv\4riv_ligand.mol2,mol2,True,,refined
4rj8,data/refined_set\4rj8\4rj8_protein.pdb,data/refined_set\4rj8\4rj8_pocket.pdb,data/refined_set\4rj8\4rj8_ligand.mol2,mol2,True,,refined
4rlt,data/refined_set\4rlt\4rlt_protein.pdb,data/refined_set\4rlt\4rlt_pocket.pdb,data/refined_set\4rlt\4rlt_ligand.mol2,mol2,True,,refined
4rlu,data/refined_set\4rlu\4rlu_protein.pdb,data/refined_set\4rlu\4rlu_pocket.pdb,data/refined_set\4rlu\4rlu_ligand.mol2,mol2,True,,refined
4rlw,data/refined_set\4rlw\4rlw_protein.pdb,data/refined_set\4rlw\4rlw_pocket.pdb,data/refined_set\4rlw\4rlw_ligand.mol2,mol2,True,,refined
4rn4,data/refined_set\4rn4\4rn4_protein.pdb,data/refined_set\4rn4\4rn4_pocket.pdb,data/refined_set\4rn4\4rn4_ligand.mol2,mol2,True,,refined
4rpn,data/refined_set\4rpn\4rpn_protein.pdb,data/refined_set\4rpn\4rpn_pocket.pdb,data/refined_set\4rpn\4rpn_ligand.mol2,mol2,True,,refined
4rpo,data/refined_set\4rpo\4rpo_protein.pdb,data/refined_set\4rpo\4rpo_pocket.pdb,data/refined_set\4rpo\4rpo_ligand.mol2,mol2,True,,refined
4rqk,data/refined_set\4rqk\4rqk_protein.pdb,data/refined_set\4rqk\4rqk_pocket.pdb,data/refined_set\4rqk\4rqk_ligand.mol2,mol2,True,,refined
4rqv,data/refined_set\4rqv\4rqv_protein.pdb,data/refined_set\4rqv\4rqv_pocket.pdb,data/refined_set\4rqv\4rqv_ligand.mol2,mol2,True,,refined
4rr6,data/refined_set\4rr6\4rr6_protein.pdb,data/refined_set\4rr6\4rr6_pocket.pdb,data/refined_set\4rr6\4rr6_ligand.mol2,mol2,True,,refined
4rra,data/refined_set\4rra\4rra_protein.pdb,data/refined_set\4rra\4rra_pocket.pdb,data/refined_set\4rra\4rra_ligand.mol2,mol2,True,,refined
4rrf,data/refined_set\4rrf\4rrf_protein.pdb,data/refined_set\4rrf\4rrf_pocket.pdb,data/refined_set\4rrf\4rrf_ligand.mol2,mol2,True,,refined
4rrg,data/refined_set\4rrg\4rrg_protein.pdb,data/refined_set\4rrg\4rrg_pocket.pdb,data/refined_set\4rrg\4rrg_ligand.mol2,mol2,True,,refined
4rsk,data/refined_set\4rsk\4rsk_protein.pdb,data/refined_set\4rsk\4rsk_pocket.pdb,data/refined_set\4rsk\4rsk_ligand.mol2,mol2,True,,refined
4rux,data/refined_set\4rux\4rux_protein.pdb,data/refined_set\4rux\4rux_pocket.pdb,data/refined_set\4rux\4rux_ligand.mol2,mol2,True,,refined
4ruy,data/refined_set\4ruy\4ruy_protein.pdb,data/refined_set\4ruy\4ruy_pocket.pdb,data/refined_set\4ruy\4ruy_ligand.mol2,mol2,True,,refined
4ruz,data/refined_set\4ruz\4ruz_protein.pdb,data/refined_set\4ruz\4ruz_pocket.pdb,data/refined_set\4ruz\4ruz_ligand.mol2,mol2,True,,refined
4rvr,data/refined_set\4rvr\4rvr_protein.pdb,data/refined_set\4rvr\4rvr_pocket.pdb,data/refined_set\4rvr\4rvr_ligand.mol2,mol2,True,,refined
4rwj,data/refined_set\4rwj\4rwj_protein.pdb,data/refined_set\4rwj\4rwj_pocket.pdb,data/refined_set\4rwj\4rwj_ligand.mol2,mol2,True,,refined
4rww,data/refined_set\4rww\4rww_protein.pdb,data/refined_set\4rww\4rww_pocket.pdb,data/refined_set\4rww\4rww_ligand.mol2,mol2,True,,refined
4ryd,data/refined_set\4ryd\4ryd_protein.pdb,data/refined_set\4ryd\4ryd_pocket.pdb,data/refined_set\4ryd\4ryd_ligand.mol2,mol2,True,,refined
4s1g,data/refined_set\4s1g\4s1g_protein.pdb,data/refined_set\4s1g\4s1g_pocket.pdb,data/refined_set\4s1g\4s1g_ligand.mol2,mol2,True,,refined
4sga,data/refined_set\4sga\4sga_protein.pdb,data/refined_set\4sga\4sga_pocket.pdb,data/refined_set\4sga\4sga_ligand.mol2,mol2,True,,refined
4std,data/refined_set\4std\4std_protein.pdb,data/refined_set\4std\4std_pocket.pdb,data/refined_set\4std\4std_ligand.mol2,mol2,True,,refined
4tim,data/refined_set\4tim\4tim_protein.pdb,data/refined_set\4tim\4tim_pocket.pdb,data/refined_set\4tim\4tim_ligand.mol2,mol2,True,,refined
4tjz,data/refined_set\4tjz\4tjz_protein.pdb,data/refined_set\4tjz\4tjz_pocket.pdb,data/refined_set\4tjz\4tjz_ligand.mol2,mol2,True,,refined
4tkb,data/refined_set\4tkb\4tkb_protein.pdb,data/refined_set\4tkb\4tkb_pocket.pdb,data/refined_set\4tkb\4tkb_ligand.mol2,mol2,True,,refined
4tkh,data/refined_set\4tkh\4tkh_protein.pdb,data/refined_set\4tkh\4tkh_pocket.pdb,data/refined_set\4tkh\4tkh_ligand.mol2,mol2,True,,refined
4tkj,data/refined_set\4tkj\4tkj_protein.pdb,data/refined_set\4tkj\4tkj_pocket.pdb,data/refined_set\4tkj\4tkj_ligand.mol2,mol2,True,,refined
4tln,data/refined_set\4tln\4tln_protein.pdb,data/refined_set\4tln\4tln_pocket.pdb,data/refined_set\4tln\4tln_ligand.mol2,mol2,True,,refined
4tmk,data/refined_set\4tmk\4tmk_protein.pdb,data/refined_set\4tmk\4tmk_pocket.pdb,data/refined_set\4tmk\4tmk_ligand.mol2,mol2,True,,refined
4tmn,data/refined_set\4tmn\4tmn_protein.pdb,data/refined_set\4tmn\4tmn_pocket.pdb,data/refined_set\4tmn\4tmn_ligand.mol2,mol2,True,,refined
4tpw,data/refined_set\4tpw\4tpw_protein.pdb,data/refined_set\4tpw\4tpw_pocket.pdb,data/refined_set\4tpw\4tpw_ligand.mol2,mol2,True,,refined
4tqn,data/refined_set\4tqn\4tqn_protein.pdb,data/refined_set\4tqn\4tqn_pocket.pdb,data/refined_set\4tqn\4tqn_ligand.mol2,mol2,True,,refined
4trc,data/refined_set\4trc\4trc_protein.pdb,data/refined_set\4trc\4trc_pocket.pdb,data/refined_set\4trc\4trc_ligand.mol2,mol2,True,,refined
4ts1,data/refined_set\4ts1\4ts1_protein.pdb,data/refined_set\4ts1\4ts1_pocket.pdb,data/refined_set\4ts1\4ts1_ligand.mol2,mol2,True,,refined
4tt2,data/refined_set\4tt2\4tt2_protein.pdb,data/refined_set\4tt2\4tt2_pocket.pdb,data/refined_set\4tt2\4tt2_ligand.mol2,mol2,True,,refined
4tte,data/refined_set\4tte\4tte_protein.pdb,data/refined_set\4tte\4tte_pocket.pdb,data/refined_set\4tte\4tte_ligand.mol2,mol2,True,,refined
4tu4,data/refined_set\4tu4\4tu4_protein.pdb,data/refined_set\4tu4\4tu4_pocket.pdb,data/refined_set\4tu4\4tu4_ligand.mol2,mol2,True,,refined
4tun,data/refined_set\4tun\4tun_protein.pdb,data/refined_set\4tun\4tun_pocket.pdb,data/refined_set\4tun\4tun_ligand.mol2,mol2,True,,refined
4twp,data/refined_set\4twp\4twp_protein.pdb,data/refined_set\4twp\4twp_pocket.pdb,data/refined_set\4twp\4twp_ligand.mol2,mol2,True,,refined
4ty6,data/refined_set\4ty6\4ty6_protein.pdb,data/refined_set\4ty6\4ty6_pocket.pdb,data/refined_set\4ty6\4ty6_ligand.mol2,mol2,True,,refined
4ty7,data/refined_set\4ty7\4ty7_protein.pdb,data/refined_set\4ty7\4ty7_pocket.pdb,data/refined_set\4ty7\4ty7_ligand.mol2,mol2,True,,refined
4tz2,data/refined_set\4tz2\4tz2_protein.pdb,data/refined_set\4tz2\4tz2_pocket.pdb,data/refined_set\4tz2\4tz2_ligand.mol2,mol2,True,,refined
4u0f,data/refined_set\4u0f\4u0f_protein.pdb,data/refined_set\4u0f\4u0f_pocket.pdb,data/refined_set\4u0f\4u0f_ligand.mol2,mol2,True,,refined
4u0w,data/refined_set\4u0w\4u0w_protein.pdb,data/refined_set\4u0w\4u0w_pocket.pdb,data/refined_set\4u0w\4u0w_ligand.mol2,mol2,True,,refined
4u1b,data/refined_set\4u1b\4u1b_protein.pdb,data/refined_set\4u1b\4u1b_pocket.pdb,data/refined_set\4u1b\4u1b_ligand.mol2,mol2,True,,refined
4u43,data/refined_set\4u43\4u43_protein.pdb,data/refined_set\4u43\4u43_pocket.pdb,data/refined_set\4u43\4u43_ligand.mol2,mol2,True,,refined
4u54,data/refined_set\4u54\4u54_protein.pdb,data/refined_set\4u54\4u54_pocket.pdb,data/refined_set\4u54\4u54_ligand.mol2,mol2,True,,refined
4u5n,data/refined_set\4u5n\4u5n_protein.pdb,data/refined_set\4u5n\4u5n_pocket.pdb,data/refined_set\4u5n\4u5n_ligand.mol2,mol2,True,,refined
4u5o,data/refined_set\4u5o\4u5o_protein.pdb,data/refined_set\4u5o\4u5o_pocket.pdb,data/refined_set\4u5o\4u5o_ligand.mol2,mol2,True,,refined
4u5s,data/refined_set\4u5s\4u5s_protein.pdb,data/refined_set\4u5s\4u5s_pocket.pdb,data/refined_set\4u5s\4u5s_ligand.mol2,mol2,True,,refined
4u69,data/refined_set\4u69\4u69_protein.pdb,data/refined_set\4u69\4u69_pocket.pdb,data/refined_set\4u69\4u69_ligand.mol2,mol2,True,,refined
4u6c,data/refined_set\4u6c\4u6c_protein.pdb,data/refined_set\4u6c\4u6c_pocket.pdb,data/refined_set\4u6c\4u6c_ligand.mol2,mol2,True,,refined
4u6w,data/refined_set\4u6w\4u6w_protein.pdb,data/refined_set\4u6w\4u6w_pocket.pdb,data/refined_set\4u6w\4u6w_ligand.mol2,mol2,True,,refined
4u6z,data/refined_set\4u6z\4u6z_protein.pdb,data/refined_set\4u6z\4u6z_pocket.pdb,data/refined_set\4u6z\4u6z_ligand.mol2,mol2,True,,refined
4u70,data/refined_set\4u70\4u70_protein.pdb,data/refined_set\4u70\4u70_pocket.pdb,data/refined_set\4u70\4u70_ligand.mol2,mol2,True,,refined
4u71,data/refined_set\4u71\4u71_protein.pdb,data/refined_set\4u71\4u71_pocket.pdb,data/refined_set\4u71\4u71_ligand.mol2,mol2,True,,refined
4u73,data/refined_set\4u73\4u73_protein.pdb,data/refined_set\4u73\4u73_pocket.pdb,data/refined_set\4u73\4u73_ligand.mol2,mol2,True,,refined
4u8w,data/refined_set\4u8w\4u8w_protein.pdb,data/refined_set\4u8w\4u8w_pocket.pdb,data/refined_set\4u8w\4u8w_ligand.mol2,mol2,True,,refined
4ua8,data/refined_set\4ua8\4ua8_protein.pdb,data/refined_set\4ua8\4ua8_pocket.pdb,data/refined_set\4ua8\4ua8_ligand.mol2,mol2,True,,refined
4uac,data/refined_set\4uac\4uac_protein.pdb,data/refined_set\4uac\4uac_pocket.pdb,data/refined_set\4uac\4uac_ligand.mol2,mol2,True,,refined
4ual,data/refined_set\4ual\4ual_protein.pdb,data/refined_set\4ual\4ual_pocket.pdb,data/refined_set\4ual\4ual_ligand.mol2,mol2,True,,refined
4uc5,data/refined_set\4uc5\4uc5_protein.pdb,data/refined_set\4uc5\4uc5_pocket.pdb,data/refined_set\4uc5\4uc5_ligand.mol2,mol2,True,,refined
4ucc,data/refined_set\4ucc\4ucc_protein.pdb,data/refined_set\4ucc\4ucc_pocket.pdb,data/refined_set\4ucc\4ucc_ligand.mol2,mol2,True,,refined
4ufh,data/refined_set\4ufh\4ufh_protein.pdb,data/refined_set\4ufh\4ufh_pocket.pdb,data/refined_set\4ufh\4ufh_ligand.mol2,mol2,True,,refined
4ufi,data/refined_set\4ufi\4ufi_protein.pdb,data/refined_set\4ufi\4ufi_pocket.pdb,data/refined_set\4ufi\4ufi_ligand.mol2,mol2,True,,refined
4ufj,data/refined_set\4ufj\4ufj_protein.pdb,data/refined_set\4ufj\4ufj_pocket.pdb,data/refined_set\4ufj\4ufj_ligand.mol2,mol2,True,,refined
4ufk,data/refined_set\4ufk\4ufk_protein.pdb,data/refined_set\4ufk\4ufk_pocket.pdb,data/refined_set\4ufk\4ufk_ligand.mol2,mol2,True,,refined
4ufl,data/refined_set\4ufl\4ufl_protein.pdb,data/refined_set\4ufl\4ufl_pocket.pdb,data/refined_set\4ufl\4ufl_ligand.mol2,mol2,True,,refined
4ufm,data/refined_set\4ufm\4ufm_protein.pdb,data/refined_set\4ufm\4ufm_pocket.pdb,data/refined_set\4ufm\4ufm_ligand.mol2,mol2,True,,refined
4uin,data/refined_set\4uin\4uin_protein.pdb,data/refined_set\4uin\4uin_pocket.pdb,data/refined_set\4uin\4uin_ligand.mol2,mol2,True,,refined
4uj1,data/refined_set\4uj1\4uj1_protein.pdb,data/refined_set\4uj1\4uj1_pocket.pdb,data/refined_set\4uj1\4uj1_ligand.mol2,mol2,True,,refined
4uj2,data/refined_set\4uj2\4uj2_protein.pdb,data/refined_set\4uj2\4uj2_pocket.pdb,data/refined_set\4uj2\4uj2_ligand.mol2,mol2,True,,refined
4uja,data/refined_set\4uja\4uja_protein.pdb,data/refined_set\4uja\4uja_pocket.pdb,data/refined_set\4uja\4uja_ligand.mol2,mol2,True,,refined
4ujb,data/refined_set\4ujb\4ujb_protein.pdb,data/refined_set\4ujb\4ujb_pocket.pdb,data/refined_set\4ujb\4ujb_ligand.mol2,mol2,True,,refined
4uma,data/refined_set\4uma\4uma_protein.pdb,data/refined_set\4uma\4uma_pocket.pdb,data/refined_set\4uma\4uma_ligand.mol2,mol2,True,,refined
4umb,data/refined_set\4umb\4umb_protein.pdb,data/refined_set\4umb\4umb_pocket.pdb,data/refined_set\4umb\4umb_ligand.mol2,mol2,True,,refined
4umc,data/refined_set\4umc\4umc_protein.pdb,data/refined_set\4umc\4umc_pocket.pdb,data/refined_set\4umc\4umc_ligand.mol2,mol2,True,,refined
4und,data/refined_set\4und\4und_protein.pdb,data/refined_set\4und\4und_pocket.pdb,data/refined_set\4und\4und_ligand.mol2,mol2,True,,refined
4unp,data/refined_set\4unp\4unp_protein.pdb,data/refined_set\4unp\4unp_pocket.pdb,data/refined_set\4unp\4unp_ligand.mol2,mol2,True,,refined
4uof,data/refined_set\4uof\4uof_protein.pdb,data/refined_set\4uof\4uof_pocket.pdb,data/refined_set\4uof\4uof_ligand.mol2,mol2,True,,refined
4uoh,data/refined_set\4uoh\4uoh_protein.pdb,data/refined_set\4uoh\4uoh_pocket.pdb,data/refined_set\4uoh\4uoh_ligand.mol2,mol2,True,,refined
4up5,data/refined_set\4up5\4up5_protein.pdb,data/refined_set\4up5\4up5_pocket.pdb,data/refined_set\4up5\4up5_ligand.mol2,mol2,True,,refined
4ury,data/refined_set\4ury\4ury_protein.pdb,data/refined_set\4ury\4ury_pocket.pdb,data/refined_set\4ury\4ury_ligand.mol2,mol2,True,,refined
4urz,data/refined_set\4urz\4urz_protein.pdb,data/refined_set\4urz\4urz_pocket.pdb,data/refined_set\4urz\4urz_ligand.mol2,mol2,True,,refined
4us3,data/refined_set\4us3\4us3_protein.pdb,data/refined_set\4us3\4us3_pocket.pdb,data/refined_set\4us3\4us3_ligand.mol2,mol2,True,,refined
4uye,data/refined_set\4uye\4uye_protein.pdb,data/refined_set\4uye\4uye_pocket.pdb,data/refined_set\4uye\4uye_ligand.mol2,mol2,True,,refined
4uyf,data/refined_set\4uyf\4uyf_protein.pdb,data/refined_set\4uyf\4uyf_pocket.pdb,data/refined_set\4uyf\4uyf_ligand.mol2,mol2,True,,refined
4v01,data/refined_set\4v01\4v01_protein.pdb,data/refined_set\4v01\4v01_pocket.pdb,data/refined_set\4v01\4v01_ligand.mol2,mol2,True,,refined
4v24,data/refined_set\4v24\4v24_protein.pdb,data/refined_set\4v24\4v24_pocket.pdb,data/refined_set\4v24\4v24_ligand.mol2,mol2,True,,refined
4v27,data/refined_set\4v27\4v27_protein.pdb,data/refined_set\4v27\4v27_pocket.pdb,data/refined_set\4v27\4v27_ligand.mol2,mol2,True,,refined
4w52,data/refined_set\4w52\4w52_protein.pdb,data/refined_set\4w52\4w52_pocket.pdb,data/refined_set\4w52\4w52_ligand.mol2,mol2,True,,refined
4w97,data/refined_set\4w97\4w97_protein.pdb,data/refined_set\4w97\4w97_pocket.pdb,data/refined_set\4w97\4w97_ligand.mol2,mol2,True,,refined
4w9c,data/refined_set\4w9c\4w9c_protein.pdb,data/refined_set\4w9c\4w9c_pocket.pdb,data/refined_set\4w9c\4w9c_ligand.mol2,mol2,True,,refined
4w9d,data/refined_set\4w9d\4w9d_protein.pdb,data/refined_set\4w9d\4w9d_pocket.pdb,data/refined_set\4w9d\4w9d_ligand.mol2,mol2,True,,refined
4w9f,data/refined_set\4w9f\4w9f_protein.pdb,data/refined_set\4w9f\4w9f_pocket.pdb,data/refined_set\4w9f\4w9f_ligand.mol2,mol2,True,,refined
4w9h,data/refined_set\4w9h\4w9h_protein.pdb,data/refined_set\4w9h\4w9h_pocket.pdb,data/refined_set\4w9h\4w9h_ligand.mol2,mol2,True,,refined
4w9i,data/refined_set\4w9i\4w9i_protein.pdb,data/refined_set\4w9i\4w9i_pocket.pdb,data/refined_set\4w9i\4w9i_ligand.mol2,mol2,True,,refined
4w9j,data/refined_set\4w9j\4w9j_protein.pdb,data/refined_set\4w9j\4w9j_pocket.pdb,data/refined_set\4w9j\4w9j_ligand.mol2,mol2,True,,refined
4w9k,data/refined_set\4w9k\4w9k_protein.pdb,data/refined_set\4w9k\4w9k_pocket.pdb,data/refined_set\4w9k\4w9k_ligand.mol2,mol2,True,,refined
4w9l,data/refined_set\4w9l\4w9l_protein.pdb,data/refined_set\4w9l\4w9l_pocket.pdb,data/refined_set\4w9l\4w9l_ligand.mol2,mol2,True,,refined
4w9o,data/refined_set\4w9o\4w9o_protein.pdb,data/refined_set\4w9o\4w9o_pocket.pdb,data/refined_set\4w9o\4w9o_ligand.mol2,mol2,True,,refined
4w9p,data/refined_set\4w9p\4w9p_protein.pdb,data/refined_set\4w9p\4w9p_pocket.pdb,data/refined_set\4w9p\4w9p_ligand.mol2,mol2,True,,refined
4wa9,data/refined_set\4wa9\4wa9_protein.pdb,data/refined_set\4wa9\4wa9_pocket.pdb,data/refined_set\4wa9\4wa9_ligand.mol2,mol2,True,,refined
4whs,data/refined_set\4whs\4whs_protein.pdb,data/refined_set\4whs\4whs_pocket.pdb,data/refined_set\4whs\4whs_ligand.mol2,mol2,True,,refined
4wiv,data/refined_set\4wiv\4wiv_protein.pdb,data/refined_set\4wiv\4wiv_pocket.pdb,data/refined_set\4wiv\4wiv_ligand.mol2,mol2,True,,refined
4wk1,data/refined_set\4wk1\4wk1_protein.pdb,data/refined_set\4wk1\4wk1_pocket.pdb,data/refined_set\4wk1\4wk1_ligand.mol2,mol2,True,,refined
4wkb,data/refined_set\4wkb\4wkb_protein.pdb,data/refined_set\4wkb\4wkb_pocket.pdb,data/refined_set\4wkb\4wkb_ligand.mol2,mol2,True,,refined
4wkn,data/refined_set\4wkn\4wkn_protein.pdb,data/refined_set\4wkn\4wkn_pocket.pdb,data/refined_set\4wkn\4wkn_ligand.mol2,mol2,True,,refined
4wko,data/refined_set\4wko\4wko_protein.pdb,data/refined_set\4wko\4wko_pocket.pdb,data/refined_set\4wko\4wko_ligand.mol2,mol2,True,,refined
4wkp,data/refined_set\4wkp\4wkp_protein.pdb,data/refined_set\4wkp\4wkp_pocket.pdb,data/refined_set\4wkp\4wkp_ligand.mol2,mol2,True,,refined
4wn5,data/refined_set\4wn5\4wn5_protein.pdb,data/refined_set\4wn5\4wn5_pocket.pdb,data/refined_set\4wn5\4wn5_ligand.mol2,mol2,True,,refined
4wop,data/refined_set\4wop\4wop_protein.pdb,data/refined_set\4wop\4wop_pocket.pdb,data/refined_set\4wop\4wop_ligand.mol2,mol2,True,,refined
4wov,data/refined_set\4wov\4wov_protein.pdb,data/refined_set\4wov\4wov_pocket.pdb,data/refined_set\4wov\4wov_ligand.mol2,mol2,True,,refined
4wrb,data/refined_set\4wrb\4wrb_protein.pdb,data/refined_set\4wrb\4wrb_pocket.pdb,data/refined_set\4wrb\4wrb_ligand.mol2,mol2,True,,refined
4wt2,data/refined_set\4wt2\4wt2_protein.pdb,data/refined_set\4wt2\4wt2_pocket.pdb,data/refined_set\4wt2\4wt2_ligand.mol2,mol2,True,,refined
4x24,data/refined_set\4x24\4x24_protein.pdb,data/refined_set\4x24\4x24_pocket.pdb,data/refined_set\4x24\4x24_ligand.mol2,mol2,True,,refined
4x3k,data/refined_set\4x3k\4x3k_protein.pdb,data/refined_set\4x3k\4x3k_pocket.pdb,data/refined_set\4x3k\4x3k_ligand.mol2,mol2,True,,refined
4x48,data/refined_set\4x48\4x48_protein.pdb,data/refined_set\4x48\4x48_pocket.pdb,data/refined_set\4x48\4x48_ligand.mol2,mol2,True,,refined
4x50,data/refined_set\4x50\4x50_protein.pdb,data/refined_set\4x50\4x50_pocket.pdb,data/refined_set\4x50\4x50_ligand.mol2,mol2,True,,refined
4x5p,data/refined_set\4x5p\4x5p_protein.pdb,data/refined_set\4x5p\4x5p_pocket.pdb,data/refined_set\4x5p\4x5p_ligand.mol2,mol2,True,,refined
4x5q,data/refined_set\4x5q\4x5q_protein.pdb,data/refined_set\4x5q\4x5q_pocket.pdb,data/refined_set\4x5q\4x5q_ligand.mol2,mol2,True,,refined
4x5r,data/refined_set\4x5r\4x5r_protein.pdb,data/refined_set\4x5r\4x5r_pocket.pdb,data/refined_set\4x5r\4x5r_ligand.mol2,mol2,True,,refined
4x5y,data/refined_set\4x5y\4x5y_protein.pdb,data/refined_set\4x5y\4x5y_pocket.pdb,data/refined_set\4x5y\4x5y_ligand.mol2,mol2,True,,refined
4x5z,data/refined_set\4x5z\4x5z_protein.pdb,data/refined_set\4x5z\4x5z_pocket.pdb,data/refined_set\4x5z\4x5z_ligand.mol2,mol2,True,,refined
4x6m,data/refined_set\4x6m\4x6m_protein.pdb,data/refined_set\4x6m\4x6m_pocket.pdb,data/refined_set\4x6m\4x6m_ligand.mol2,mol2,True,,refined
4x6n,data/refined_set\4x6n\4x6n_protein.pdb,data/refined_set\4x6n\4x6n_pocket.pdb,data/refined_set\4x6n\4x6n_ligand.mol2,mol2,True,,refined
4x6o,data/refined_set\4x6o\4x6o_protein.pdb,data/refined_set\4x6o\4x6o_pocket.pdb,data/refined_set\4x6o\4x6o_ligand.mol2,mol2,True,,refined
4x8o,data/refined_set\4x8o\4x8o_protein.pdb,data/refined_set\4x8o\4x8o_pocket.pdb,data/refined_set\4x8o\4x8o_ligand.mol2,mol2,True,,refined
4x8u,data/refined_set\4x8u\4x8u_protein.pdb,data/refined_set\4x8u\4x8u_pocket.pdb,data/refined_set\4x8u\4x8u_ligand.mol2,mol2,True,,refined
4x8v,data/refined_set\4x8v\4x8v_protein.pdb,data/refined_set\4x8v\4x8v_pocket.pdb,data/refined_set\4x8v\4x8v_ligand.mol2,mol2,True,,refined
4xaq,data/refined_set\4xaq\4xaq_protein.pdb,data/refined_set\4xaq\4xaq_pocket.pdb,data/refined_set\4xaq\4xaq_ligand.mol2,mol2,True,,refined
4xar,data/refined_set\4xar\4xar_protein.pdb,data/refined_set\4xar\4xar_pocket.pdb,data/refined_set\4xar\4xar_ligand.mol2,mol2,True,,refined
4xas,data/refined_set\4xas\4xas_protein.pdb,data/refined_set\4xas\4xas_pocket.pdb,data/refined_set\4xas\4xas_ligand.mol2,mol2,True,,refined
4xip,data/refined_set\4xip\4xip_protein.pdb,data/refined_set\4xip\4xip_pocket.pdb,data/refined_set\4xip\4xip_ligand.mol2,mol2,True,,refined
4xiq,data/refined_set\4xiq\4xiq_protein.pdb,data/refined_set\4xiq\4xiq_pocket.pdb,data/refined_set\4xiq\4xiq_ligand.mol2,mol2,True,,refined
4xir,data/refined_set\4xir\4xir_protein.pdb,data/refined_set\4xir\4xir_pocket.pdb,data/refined_set\4xir\4xir_ligand.mol2,mol2,True,,refined
4xit,data/refined_set\4xit\4xit_protein.pdb,data/refined_set\4xit\4xit_pocket.pdb,data/refined_set\4xit\4xit_ligand.mol2,mol2,True,,refined
4xk9,data/refined_set\4xk9\4xk9_protein.pdb,data/refined_set\4xk9\4xk9_pocket.pdb,data/refined_set\4xk9\4xk9_ligand.mol2,mol2,True,,refined
4xmb,data/refined_set\4xmb\4xmb_protein.pdb,data/refined_set\4xmb\4xmb_pocket.pdb,data/refined_set\4xmb\4xmb_ligand.mol2,mol2,True,,refined
4xmr,data/refined_set\4xmr\4xmr_protein.pdb,data/refined_set\4xmr\4xmr_pocket.pdb,data/refined_set\4xmr\4xmr_ligand.mol2,mol2,True,,refined
4xo8,data/refined_set\4xo8\4xo8_protein.pdb,data/refined_set\4xo8\4xo8_pocket.pdb,data/refined_set\4xo8\4xo8_ligand.mol2,mol2,True,,refined
4xoc,data/refined_set\4xoc\4xoc_protein.pdb,data/refined_set\4xoc\4xoc_pocket.pdb,data/refined_set\4xoc\4xoc_ligand.mol2,mol2,True,,refined
4xoe,data/refined_set\4xoe\4xoe_protein.pdb,data/refined_set\4xoe\4xoe_pocket.pdb,data/refined_set\4xoe\4xoe_ligand.mol2,mol2,True,,refined
4xt2,data/refined_set\4xt2\4xt2_protein.pdb,data/refined_set\4xt2\4xt2_pocket.pdb,data/refined_set\4xt2\4xt2_ligand.mol2,mol2,True,,refined
4xtv,data/refined_set\4xtv\4xtv_protein.pdb,data/refined_set\4xtv\4xtv_pocket.pdb,data/refined_set\4xtv\4xtv_ligand.mol2,mol2,True,,refined
4xtw,data/refined_set\4xtw\4xtw_protein.pdb,data/refined_set\4xtw\4xtw_pocket.pdb,data/refined_set\4xtw\4xtw_ligand.sdf,sdf,True,,refined
4xtx,data/refined_set\4xtx\4xtx_protein.pdb,data/refined_set\4xtx\4xtx_pocket.pdb,data/refined_set\4xtx\4xtx_ligand.sdf,sdf,True,,refined
4xty,data/refined_set\4xty\4xty_protein.pdb,data/refined_set\4xty\4xty_pocket.pdb,data/refined_set\4xty\4xty_ligand.mol2,mol2,True,,refined
4xtz,data/refined_set\4xtz\4xtz_protein.pdb,data/refined_set\4xtz\4xtz_pocket.pdb,data/refined_set\4xtz\4xtz_ligand.mol2,mol2,True,,refined
4xu0,data/refined_set\4xu0\4xu0_protein.pdb,data/refined_set\4xu0\4xu0_pocket.pdb,data/refined_set\4xu0\4xu0_ligand.mol2,mol2,True,,refined
4xu1,data/refined_set\4xu1\4xu1_protein.pdb,data/refined_set\4xu1\4xu1_pocket.pdb,data/refined_set\4xu1\4xu1_ligand.mol2,mol2,True,,refined
4xu2,data/refined_set\4xu2\4xu2_protein.pdb,data/refined_set\4xu2\4xu2_pocket.pdb,data/refined_set\4xu2\4xu2_ligand.mol2,mol2,True,,refined
4xu3,data/refined_set\4xu3\4xu3_protein.pdb,data/refined_set\4xu3\4xu3_pocket.pdb,data/refined_set\4xu3\4xu3_ligand.mol2,mol2,True,,refined
4xxh,data/refined_set\4xxh\4xxh_protein.pdb,data/refined_set\4xxh\4xxh_pocket.pdb,data/refined_set\4xxh\4xxh_ligand.mol2,mol2,True,,refined
4xy8,data/refined_set\4xy8\4xy8_protein.pdb,data/refined_set\4xy8\4xy8_pocket.pdb,data/refined_set\4xy8\4xy8_ligand.mol2,mol2,True,,refined
4xya,data/refined_set\4xya\4xya_protein.pdb,data/refined_set\4xya\4xya_pocket.pdb,data/refined_set\4xya\4xya_ligand.mol2,mol2,True,,refined
4y0a,data/refined_set\4y0a\4y0a_protein.pdb,data/refined_set\4y0a\4y0a_pocket.pdb,data/refined_set\4y0a\4y0a_ligand.mol2,mol2,True,,refined
4y2q,data/refined_set\4y2q\4y2q_protein.pdb,data/refined_set\4y2q\4y2q_pocket.pdb,data/refined_set\4y2q\4y2q_ligand.mol2,mol2,True,,refined
4y3j,data/refined_set\4y3j\4y3j_protein.pdb,data/refined_set\4y3j\4y3j_pocket.pdb,data/refined_set\4y3j\4y3j_ligand.mol2,mol2,True,,refined
4y3y,data/refined_set\4y3y\4y3y_protein.pdb,data/refined_set\4y3y\4y3y_pocket.pdb,data/refined_set\4y3y\4y3y_ligand.mol2,mol2,True,,refined
4y4j,data/refined_set\4y4j\4y4j_protein.pdb,data/refined_set\4y4j\4y4j_pocket.pdb,data/refined_set\4y4j\4y4j_ligand.mol2,mol2,True,,refined
4y59,data/refined_set\4y59\4y59_protein.pdb,data/refined_set\4y59\4y59_pocket.pdb,data/refined_set\4y59\4y59_ligand.mol2,mol2,True,,refined
4y5d,data/refined_set\4y5d\4y5d_protein.pdb,data/refined_set\4y5d\4y5d_pocket.pdb,data/refined_set\4y5d\4y5d_ligand.mol2,mol2,True,,refined
4y79,data/refined_set\4y79\4y79_protein.pdb,data/refined_set\4y79\4y79_pocket.pdb,data/refined_set\4y79\4y79_ligand.mol2,mol2,True,,refined
4y8x,data/refined_set\4y8x\4y8x_protein.pdb,data/refined_set\4y8x\4y8x_pocket.pdb,data/refined_set\4y8x\4y8x_ligand.mol2,mol2,True,,refined
4yb5,data/refined_set\4yb5\4yb5_protein.pdb,data/refined_set\4yb5\4yb5_pocket.pdb,data/refined_set\4yb5\4yb5_ligand.mol2,mol2,True,,refined
4ybk,data/refined_set\4ybk\4ybk_protein.pdb,data/refined_set\4ybk\4ybk_pocket.pdb,data/refined_set\4ybk\4ybk_ligand.mol2,mol2,True,,refined
4yc0,data/refined_set\4yc0\4yc0_protein.pdb,data/refined_set\4yc0\4yc0_pocket.pdb,data/refined_set\4yc0\4yc0_ligand.mol2,mol2,True,,refined
4yes,data/refined_set\4yes\4yes_protein.pdb,data/refined_set\4yes\4yes_pocket.pdb,data/refined_set\4yes\4yes_ligand.mol2,mol2,True,,refined
4ygf,data/refined_set\4ygf\4ygf_protein.pdb,data/refined_set\4ygf\4ygf_pocket.pdb,data/refined_set\4ygf\4ygf_ligand.mol2,mol2,True,,refined
4yha,data/refined_set\4yha\4yha_protein.pdb,data/refined_set\4yha\4yha_pocket.pdb,data/refined_set\4yha\4yha_ligand.mol2,mol2,True,,refined
4yhm,data/refined_set\4yhm\4yhm_protein.pdb,data/refined_set\4yhm\4yhm_pocket.pdb,data/refined_set\4yhm\4yhm_ligand.mol2,mol2,True,,refined
4yho,data/refined_set\4yho\4yho_protein.pdb,data/refined_set\4yho\4yho_pocket.pdb,data/refined_set\4yho\4yho_ligand.mol2,mol2,True,,refined
4yk0,data/refined_set\4yk0\4yk0_protein.pdb,data/refined_set\4yk0\4yk0_pocket.pdb,data/refined_set\4yk0\4yk0_ligand.mol2,mol2,True,,refined
4ykj,data/refined_set\4ykj\4ykj_protein.pdb,data/refined_set\4ykj\4ykj_pocket.pdb,data/refined_set\4ykj\4ykj_ligand.mol2,mol2,True,,refined
4ykk,data/refined_set\4ykk\4ykk_protein.pdb,data/refined_set\4ykk\4ykk_pocket.pdb,data/refined_set\4ykk\4ykk_ligand.mol2,mol2,True,,refined
4ymb,data/refined_set\4ymb\4ymb_protein.pdb,data/refined_set\4ymb\4ymb_pocket.pdb,data/refined_set\4ymb\4ymb_ligand.mol2,mol2,True,,refined
4ymg,data/refined_set\4ymg\4ymg_protein.pdb,data/refined_set\4ymg\4ymg_pocket.pdb,data/refined_set\4ymg\4ymg_ligand.mol2,mol2,True,,refined
4ymh,data/refined_set\4ymh\4ymh_protein.pdb,data/refined_set\4ymh\4ymh_pocket.pdb,data/refined_set\4ymh\4ymh_ligand.mol2,mol2,True,,refined
4yml,data/refined_set\4yml\4yml_protein.pdb,data/refined_set\4yml\4yml_pocket.pdb,data/refined_set\4yml\4yml_ligand.mol2,mol2,True,,refined
4ymq,data/refined_set\4ymq\4ymq_protein.pdb,data/refined_set\4ymq\4ymq_pocket.pdb,data/refined_set\4ymq\4ymq_ligand.mol2,mol2,True,,refined
4ymx,data/refined_set\4ymx\4ymx_protein.pdb,data/refined_set\4ymx\4ymx_pocket.pdb,data/refined_set\4ymx\4ymx_ligand.mol2,mol2,True,,refined
4ynb,data/refined_set\4ynb\4ynb_protein.pdb,data/refined_set\4ynb\4ynb_pocket.pdb,data/refined_set\4ynb\4ynb_ligand.mol2,mol2,True,,refined
4ynl,data/refined_set\4ynl\4ynl_protein.pdb,data/refined_set\4ynl\4ynl_pocket.pdb,data/refined_set\4ynl\4ynl_ligand.mol2,mol2,True,,refined
4yo8,data/refined_set\4yo8\4yo8_protein.pdb,data/refined_set\4yo8\4yo8_pocket.pdb,data/refined_set\4yo8\4yo8_ligand.mol2,mol2,True,,refined
4yrd,data/refined_set\4yrd\4yrd_protein.pdb,data/refined_set\4yrd\4yrd_pocket.pdb,data/refined_set\4yrd\4yrd_ligand.mol2,mol2,True,,refined
4ysl,data/refined_set\4ysl\4ysl_protein.pdb,data/refined_set\4ysl\4ysl_pocket.pdb,data/refined_set\4ysl\4ysl_ligand.mol2,mol2,True,,refined
4ytc,data/refined_set\4ytc\4ytc_protein.pdb,data/refined_set\4ytc\4ytc_pocket.pdb,data/refined_set\4ytc\4ytc_ligand.mol2,mol2,True,,refined
4yth,data/refined_set\4yth\4yth_protein.pdb,data/refined_set\4yth\4yth_pocket.pdb,data/refined_set\4yth\4yth_ligand.mol2,mol2,True,,refined
4yx4,data/refined_set\4yx4\4yx4_protein.pdb,data/refined_set\4yx4\4yx4_pocket.pdb,data/refined_set\4yx4\4yx4_ligand.mol2,mol2,True,,refined
4yxi,data/refined_set\4yxi\4yxi_protein.pdb,data/refined_set\4yxi\4yxi_pocket.pdb,data/refined_set\4yxi\4yxi_ligand.mol2,mol2,True,,refined
4yyt,data/refined_set\4yyt\4yyt_protein.pdb,data/refined_set\4yyt\4yyt_pocket.pdb,data/refined_set\4yyt\4yyt_ligand.mol2,mol2,True,,refined
4yzu,data/refined_set\4yzu\4yzu_protein.pdb,data/refined_set\4yzu\4yzu_pocket.pdb,data/refined_set\4yzu\4yzu_ligand.mol2,mol2,True,,refined
4z07,data/refined_set\4z07\4z07_protein.pdb,data/refined_set\4z07\4z07_pocket.pdb,data/refined_set\4z07\4z07_ligand.mol2,mol2,True,,refined
4z0k,data/refined_set\4z0k\4z0k_protein.pdb,data/refined_set\4z0k\4z0k_pocket.pdb,data/refined_set\4z0k\4z0k_ligand.mol2,mol2,True,,refined
4z0q,data/refined_set\4z0q\4z0q_protein.pdb,data/refined_set\4z0q\4z0q_pocket.pdb,data/refined_set\4z0q\4z0q_ligand.mol2,mol2,True,,refined
4z1e,data/refined_set\4z1e\4z1e_protein.pdb,data/refined_set\4z1e\4z1e_pocket.pdb,data/refined_set\4z1e\4z1e_ligand.mol2,mol2,True,,refined
4z1j,data/refined_set\4z1j\4z1j_protein.pdb,data/refined_set\4z1j\4z1j_pocket.pdb,data/refined_set\4z1j\4z1j_ligand.mol2,mol2,True,,refined
4z1k,data/refined_set\4z1k\4z1k_protein.pdb,data/refined_set\4z1k\4z1k_pocket.pdb,data/refined_set\4z1k\4z1k_ligand.mol2,mol2,True,,refined
4z2b,data/refined_set\4z2b\4z2b_protein.pdb,data/refined_set\4z2b\4z2b_pocket.pdb,data/refined_set\4z2b\4z2b_ligand.mol2,mol2,True,,refined
4z83,data/refined_set\4z83\4z83_protein.pdb,data/refined_set\4z83\4z83_pocket.pdb,data/refined_set\4z83\4z83_ligand.mol2,mol2,True,,refined
4z84,data/refined_set\4z84\4z84_protein.pdb,data/refined_set\4z84\4z84_pocket.pdb,data/refined_set\4z84\4z84_ligand.mol2,mol2,True,,refined
4z93,data/refined_set\4z93\4z93_protein.pdb,data/refined_set\4z93\4z93_pocket.pdb,data/refined_set\4z93\4z93_ligand.mol2,mol2,True,,refined
4zae,data/refined_set\4zae\4zae_protein.pdb,data/refined_set\4zae\4zae_pocket.pdb,data/refined_set\4zae\4zae_ligand.mol2,mol2,True,,refined
4zb6,data/refined_set\4zb6\4zb6_protein.pdb,data/refined_set\4zb6\4zb6_pocket.pdb,data/refined_set\4zb6\4zb6_ligand.mol2,mol2,True,,refined
4zb8,data/refined_set\4zb8\4zb8_protein.pdb,data/refined_set\4zb8\4zb8_pocket.pdb,data/refined_set\4zb8\4zb8_ligand.mol2,mol2,True,,refined
4zba,data/refined_set\4zba\4zba_protein.pdb,data/refined_set\4zba\4zba_pocket.pdb,data/refined_set\4zba\4zba_ligand.mol2,mol2,True,,refined
4zbf,data/refined_set\4zbf\4zbf_protein.pdb,data/refined_set\4zbf\4zbf_pocket.pdb,data/refined_set\4zbf\4zbf_ligand.mol2,mol2,True,,refined
4zbi,data/refined_set\4zbi\4zbi_protein.pdb,data/refined_set\4zbi\4zbi_pocket.pdb,data/refined_set\4zbi\4zbi_ligand.mol2,mol2,True,,refined
4zcs,data/refined_set\4zcs\4zcs_protein.pdb,data/refined_set\4zcs\4zcs_pocket.pdb,data/refined_set\4zcs\4zcs_ligand.mol2,mol2,True,,refined
4zeb,data/refined_set\4zeb\4zeb_protein.pdb,data/refined_set\4zeb\4zeb_pocket.pdb,data/refined_set\4zeb\4zeb_ligand.mol2,mol2,True,,refined
4zec,data/refined_set\4zec\4zec_protein.pdb,data/refined_set\4zec\4zec_pocket.pdb,data/refined_set\4zec\4zec_ligand.mol2,mol2,True,,refined
4zei,data/refined_set\4zei\4zei_protein.pdb,data/refined_set\4zei\4zei_pocket.pdb,data/refined_set\4zei\4zei_ligand.mol2,mol2,True,,refined
4zek,data/refined_set\4zek\4zek_protein.pdb,data/refined_set\4zek\4zek_pocket.pdb,data/refined_set\4zek\4zek_ligand.mol2,mol2,True,,refined
4zgk,data/refined_set\4zgk\4zgk_protein.pdb,data/refined_set\4zgk\4zgk_pocket.pdb,data/refined_set\4zgk\4zgk_ligand.mol2,mol2,True,,refined
4zip,data/refined_set\4zip\4zip_protein.pdb,data/refined_set\4zip\4zip_pocket.pdb,data/refined_set\4zip\4zip_ligand.mol2,mol2,True,,refined
4zji,data/refined_set\4zji\4zji_protein.pdb,data/refined_set\4zji\4zji_pocket.pdb,data/refined_set\4zji\4zji_ligand.mol2,mol2,True,,refined
4zl4,data/refined_set\4zl4\4zl4_protein.pdb,data/refined_set\4zl4\4zl4_pocket.pdb,data/refined_set\4zl4\4zl4_ligand.mol2,mol2,True,,refined
4zls,data/refined_set\4zls\4zls_protein.pdb,data/refined_set\4zls\4zls_pocket.pdb,data/refined_set\4zls\4zls_ligand.mol2,mol2,True,,refined
4zme,data/refined_set\4zme\4zme_protein.pdb,data/refined_set\4zme\4zme_pocket.pdb,data/refined_set\4zme\4zme_ligand.mol2,mol2,True,,refined
4zo5,data/refined_set\4zo5\4zo5_protein.pdb,data/refined_set\4zo5\4zo5_pocket.pdb,data/refined_set\4zo5\4zo5_ligand.mol2,mol2,True,,refined
4zow,data/refined_set\4zow\4zow_protein.pdb,data/refined_set\4zow\4zow_pocket.pdb,data/refined_set\4zow\4zow_ligand.mol2,mol2,True,,refined
4zt8,data/refined_set\4zt8\4zt8_protein.pdb,data/refined_set\4zt8\4zt8_pocket.pdb,data/refined_set\4zt8\4zt8_ligand.mol2,mol2,True,,refined
4zv1,data/refined_set\4zv1\4zv1_protein.pdb,data/refined_set\4zv1\4zv1_pocket.pdb,data/refined_set\4zv1\4zv1_ligand.mol2,mol2,True,,refined
4zv2,data/refined_set\4zv2\4zv2_protein.pdb,data/refined_set\4zv2\4zv2_pocket.pdb,data/refined_set\4zv2\4zv2_ligand.mol2,mol2,True,,refined
4zvi,data/refined_set\4zvi\4zvi_protein.pdb,data/refined_set\4zvi\4zvi_pocket.pdb,data/refined_set\4zvi\4zvi_ligand.mol2,mol2,True,,refined
4zw5,data/refined_set\4zw5\4zw5_protein.pdb,data/refined_set\4zw5\4zw5_pocket.pdb,data/refined_set\4zw5\4zw5_ligand.mol2,mol2,True,,refined
4zw6,data/refined_set\4zw6\4zw6_protein.pdb,data/refined_set\4zw6\4zw6_pocket.pdb,data/refined_set\4zw6\4zw6_ligand.mol2,mol2,True,,refined
4zw7,data/refined_set\4zw7\4zw7_protein.pdb,data/refined_set\4zw7\4zw7_pocket.pdb,data/refined_set\4zw7\4zw7_ligand.mol2,mol2,True,,refined
4zw8,data/refined_set\4zw8\4zw8_protein.pdb,data/refined_set\4zw8\4zw8_pocket.pdb,data/refined_set\4zw8\4zw8_ligand.mol2,mol2,True,,refined
4zwx,data/refined_set\4zwx\4zwx_protein.pdb,data/refined_set\4zwx\4zwx_pocket.pdb,data/refined_set\4zwx\4zwx_ligand.mol2,mol2,True,,refined
4zwz,data/refined_set\4zwz\4zwz_protein.pdb,data/refined_set\4zwz\4zwz_pocket.pdb,data/refined_set\4zwz\4zwz_ligand.mol2,mol2,True,,refined
4zx0,data/refined_set\4zx0\4zx0_protein.pdb,data/refined_set\4zx0\4zx0_pocket.pdb,data/refined_set\4zx0\4zx0_ligand.mol2,mol2,True,,refined
4zx1,data/refined_set\4zx1\4zx1_protein.pdb,data/refined_set\4zx1\4zx1_pocket.pdb,data/refined_set\4zx1\4zx1_ligand.mol2,mol2,True,,refined
4zx3,data/refined_set\4zx3\4zx3_protein.pdb,data/refined_set\4zx3\4zx3_pocket.pdb,data/refined_set\4zx3\4zx3_ligand.mol2,mol2,True,,refined
4zx4,data/refined_set\4zx4\4zx4_protein.pdb,data/refined_set\4zx4\4zx4_pocket.pdb,data/refined_set\4zx4\4zx4_ligand.mol2,mol2,True,,refined
4zyf,data/refined_set\4zyf\4zyf_protein.pdb,data/refined_set\4zyf\4zyf_pocket.pdb,data/refined_set\4zyf\4zyf_ligand.mol2,mol2,True,,refined
4zzd,data/refined_set\4zzd\4zzd_protein.pdb,data/refined_set\4zzd\4zzd_pocket.pdb,data/refined_set\4zzd\4zzd_ligand.mol2,mol2,True,,refined
4zzx,data/refined_set\4zzx\4zzx_protein.pdb,data/refined_set\4zzx\4zzx_pocket.pdb,data/refined_set\4zzx\4zzx_ligand.mol2,mol2,True,,refined
4zzy,data/refined_set\4zzy\4zzy_protein.pdb,data/refined_set\4zzy\4zzy_pocket.pdb,data/refined_set\4zzy\4zzy_ligand.mol2,mol2,True,,refined
4zzz,data/refined_set\4zzz\4zzz_protein.pdb,data/refined_set\4zzz\4zzz_pocket.pdb,data/refined_set\4zzz\4zzz_ligand.mol2,mol2,True,,refined
5a2i,data/refined_set\5a2i\5a2i_protein.pdb,data/refined_set\5a2i\5a2i_pocket.pdb,data/refined_set\5a2i\5a2i_ligand.mol2,mol2,True,,refined
5a5q,data/refined_set\5a5q\5a5q_protein.pdb,data/refined_set\5a5q\5a5q_pocket.pdb,data/refined_set\5a5q\5a5q_ligand.mol2,mol2,True,,refined
5a6k,data/refined_set\5a6k\5a6k_protein.pdb,data/refined_set\5a6k\5a6k_pocket.pdb,data/refined_set\5a6k\5a6k_ligand.mol2,mol2,True,,refined
5a6x,data/refined_set\5a6x\5a6x_protein.pdb,data/refined_set\5a6x\5a6x_pocket.pdb,data/refined_set\5a6x\5a6x_ligand.mol2,mol2,True,,refined
5a7b,data/refined_set\5a7b\5a7b_protein.pdb,data/refined_set\5a7b\5a7b_pocket.pdb,data/refined_set\5a7b\5a7b_ligand.mol2,mol2,True,,refined
5a81,data/refined_set\5a81\5a81_protein.pdb,data/refined_set\5a81\5a81_pocket.pdb,data/refined_set\5a81\5a81_ligand.mol2,mol2,True,,refined
5aa9,data/refined_set\5aa9\5aa9_protein.pdb,data/refined_set\5aa9\5aa9_pocket.pdb,data/refined_set\5aa9\5aa9_ligand.mol2,mol2,True,,refined
5aan,data/refined_set\5aan\5aan_protein.pdb,data/refined_set\5aan\5aan_pocket.pdb,data/refined_set\5aan\5aan_ligand.mol2,mol2,True,,refined
5aba,data/refined_set\5aba\5aba_protein.pdb,data/refined_set\5aba\5aba_pocket.pdb,data/refined_set\5aba\5aba_ligand.mol2,mol2,True,,refined
5acy,data/refined_set\5acy\5acy_protein.pdb,data/refined_set\5acy\5acy_pocket.pdb,data/refined_set\5acy\5acy_ligand.mol2,mol2,True,,refined
5ad1,data/refined_set\5ad1\5ad1_protein.pdb,data/refined_set\5ad1\5ad1_pocket.pdb,data/refined_set\5ad1\5ad1_ligand.mol2,mol2,True,,refined
5afv,data/refined_set\5afv\5afv_protein.pdb,data/refined_set\5afv\5afv_pocket.pdb,data/refined_set\5afv\5afv_ligand.mol2,mol2,True,,refined
5ahw,data/refined_set\5ahw\5ahw_protein.pdb,data/refined_set\5ahw\5ahw_pocket.pdb,data/refined_set\5ahw\5ahw_ligand.mol2,mol2,True,,refined
5alb,data/refined_set\5alb\5alb_protein.pdb,data/refined_set\5alb\5alb_pocket.pdb,data/refined_set\5alb\5alb_ligand.mol2,mol2,True,,refined
5am6,data/refined_set\5am6\5am6_protein.pdb,data/refined_set\5am6\5am6_pocket.pdb,data/refined_set\5am6\5am6_ligand.mol2,mol2,True,,refined
5am7,data/refined_set\5am7\5am7_protein.pdb,data/refined_set\5am7\5am7_pocket.pdb,data/refined_set\5am7\5am7_ligand.mol2,mol2,True,,refined
5amd,data/refined_set\5amd\5amd_protein.pdb,data/refined_set\5amd\5amd_pocket.pdb,data/refined_set\5amd\5amd_ligand.mol2,mol2,True,,refined
5amg,data/refined_set\5amg\5amg_protein.pdb,data/refined_set\5amg\5amg_pocket.pdb,data/refined_set\5amg\5amg_ligand.mol2,mol2,True,,refined
5aml,data/refined_set\5aml\5aml_protein.pdb,data/refined_set\5aml\5aml_pocket.pdb,data/refined_set\5aml\5aml_ligand.mol2,mol2,True,,refined
5ant,data/refined_set\5ant\5ant_protein.pdb,data/refined_set\5ant\5ant_pocket.pdb,data/refined_set\5ant\5ant_ligand.mol2,mol2,True,,refined
5anu,data/refined_set\5anu\5anu_protein.pdb,data/refined_set\5anu\5anu_pocket.pdb,data/refined_set\5anu\5anu_ligand.mol2,mol2,True,,refined
5anv,data/refined_set\5anv\5anv_protein.pdb,data/refined_set\5anv\5anv_pocket.pdb,data/refined_set\5anv\5anv_ligand.mol2,mol2,True,,refined
5aoi,data/refined_set\5aoi\5aoi_protein.pdb,data/refined_set\5aoi\5aoi_pocket.pdb,data/refined_set\5aoi\5aoi_ligand.mol2,mol2,True,,refined
5aoj,data/refined_set\5aoj\5aoj_protein.pdb,data/refined_set\5aoj\5aoj_pocket.pdb,data/refined_set\5aoj\5aoj_ligand.mol2,mol2,True,,refined
5aol,data/refined_set\5aol\5aol_protein.pdb,data/refined_set\5aol\5aol_pocket.pdb,data/refined_set\5aol\5aol_ligand.mol2,mol2,True,,refined
5aqz,data/refined_set\5aqz\5aqz_protein.pdb,data/refined_set\5aqz\5aqz_pocket.pdb,data/refined_set\5aqz\5aqz_ligand.mol2,mol2,True,,refined
5aut,data/refined_set\5aut\5aut_protein.pdb,data/refined_set\5aut\5aut_pocket.pdb,data/refined_set\5aut\5aut_ligand.mol2,mol2,True,,refined
5ave,data/refined_set\5ave\5ave_protein.pdb,data/refined_set\5ave\5ave_pocket.pdb,data/refined_set\5ave\5ave_ligand.mol2,mol2,True,,refined
5avf,data/refined_set\5avf\5avf_protein.pdb,data/refined_set\5avf\5avf_pocket.pdb,data/refined_set\5avf\5avf_ligand.mol2,mol2,True,,refined
5ayt,data/refined_set\5ayt\5ayt_protein.pdb,data/refined_set\5ayt\5ayt_pocket.pdb,data/refined_set\5ayt\5ayt_ligand.mol2,mol2,True,,refined
5azf,data/refined_set\5azf\5azf_protein.pdb,data/refined_set\5azf\5azf_pocket.pdb,data/refined_set\5azf\5azf_ligand.mol2,mol2,True,,refined
5b25,data/refined_set\5b25\5b25_protein.pdb,data/refined_set\5b25\5b25_pocket.pdb,data/refined_set\5b25\5b25_ligand.mol2,mol2,True,,refined
5b2d,data/refined_set\5b2d\5b2d_protein.pdb,data/refined_set\5b2d\5b2d_pocket.pdb,data/refined_set\5b2d\5b2d_ligand.mol2,mol2,True,,refined
5b5f,data/refined_set\5b5f\5b5f_protein.pdb,data/refined_set\5b5f\5b5f_pocket.pdb,data/refined_set\5b5f\5b5f_ligand.mol2,mol2,True,,refined
5b5g,data/refined_set\5b5g\5b5g_protein.pdb,data/refined_set\5b5g\5b5g_pocket.pdb,data/refined_set\5b5g\5b5g_ligand.mol2,mol2,True,,refined
5boj,data/refined_set\5boj\5boj_protein.pdb,data/refined_set\5boj\5boj_pocket.pdb,data/refined_set\5boj\5boj_ligand.mol2,mol2,True,,refined
5bry,data/refined_set\5bry\5bry_protein.pdb,data/refined_set\5bry\5bry_pocket.pdb,data/refined_set\5bry\5bry_ligand.mol2,mol2,True,,refined
5bs4,data/refined_set\5bs4\5bs4_protein.pdb,data/refined_set\5bs4\5bs4_pocket.pdb,data/refined_set\5bs4\5bs4_ligand.mol2,mol2,True,,refined
5btv,data/refined_set\5btv\5btv_protein.pdb,data/refined_set\5btv\5btv_pocket.pdb,data/refined_set\5btv\5btv_ligand.mol2,mol2,True,,refined
5btx,data/refined_set\5btx\5btx_protein.pdb,data/refined_set\5btx\5btx_pocket.pdb,data/refined_set\5btx\5btx_ligand.mol2,mol2,True,,refined
5bv3,data/refined_set\5bv3\5bv3_protein.pdb,data/refined_set\5bv3\5bv3_pocket.pdb,data/refined_set\5bv3\5bv3_ligand.mol2,mol2,True,,refined
5bw4,data/refined_set\5bw4\5bw4_protein.pdb,data/refined_set\5bw4\5bw4_pocket.pdb,data/refined_set\5bw4\5bw4_ligand.mol2,mol2,True,,refined
5bwc,data/refined_set\5bwc\5bwc_protein.pdb,data/refined_set\5bwc\5bwc_pocket.pdb,data/refined_set\5bwc\5bwc_ligand.mol2,mol2,True,,refined
5byi,data/refined_set\5byi\5byi_protein.pdb,data/refined_set\5byi\5byi_pocket.pdb,data/refined_set\5byi\5byi_ligand.mol2,mol2,True,,refined
5c1m,data/refined_set\5c1m\5c1m_protein.pdb,data/refined_set\5c1m\5c1m_pocket.pdb,data/refined_set\5c1m\5c1m_ligand.mol2,mol2,True,,refined
5c1w,data/refined_set\5c1w\5c1w_protein.pdb,data/refined_set\5c1w\5c1w_pocket.pdb,data/refined_set\5c1w\5c1w_ligand.mol2,mol2,True,,refined
5c28,data/refined_set\5c28\5c28_protein.pdb,data/refined_set\5c28\5c28_pocket.pdb,data/refined_set\5c28\5c28_ligand.mol2,mol2,True,,refined
5c2a,data/refined_set\5c2a\5c2a_protein.pdb,data/refined_set\5c2a\5c2a_pocket.pdb,data/refined_set\5c2a\5c2a_ligand.mol2,mol2,True,,refined
5c2h,data/refined_set\5c2h\5c2h_protein.pdb,data/refined_set\5c2h\5c2h_pocket.pdb,data/refined_set\5c2h\5c2h_ligand.mol2,mol2,True,,refined
5c2o,data/refined_set\5c2o\5c2o_protein.pdb,data/refined_set\5c2o\5c2o_pocket.pdb,data/refined_set\5c2o\5c2o_ligand.mol2,mol2,True,,refined
5c3p,data/refined_set\5c3p\5c3p_protein.pdb,data/refined_set\5c3p\5c3p_pocket.pdb,data/refined_set\5c3p\5c3p_ligand.mol2,mol2,True,,refined
5c5t,data/refined_set\5c5t\5c5t_protein.pdb,data/refined_set\5c5t\5c5t_pocket.pdb,data/refined_set\5c5t\5c5t_ligand.mol2,mol2,True,,refined
5c8n,data/refined_set\5c8n\5c8n_protein.pdb,data/refined_set\5c8n\5c8n_pocket.pdb,data/refined_set\5c8n\5c8n_ligand.mol2,mol2,True,,refined
5cap,data/refined_set\5cap\5cap_protein.pdb,data/refined_set\5cap\5cap_pocket.pdb,data/refined_set\5cap\5cap_ligand.mol2,mol2,True,,refined
5caq,data/refined_set\5caq\5caq_protein.pdb,data/refined_set\5caq\5caq_pocket.pdb,data/refined_set\5caq\5caq_ligand.mol2,mol2,True,,refined
5cas,data/refined_set\5cas\5cas_protein.pdb,data/refined_set\5cas\5cas_pocket.pdb,data/refined_set\5cas\5cas_ligand.mol2,mol2,True,,refined
5cau,data/refined_set\5cau\5cau_protein.pdb,data/refined_set\5cau\5cau_pocket.pdb,data/refined_set\5cau\5cau_ligand.mol2,mol2,True,,refined
5cbm,data/refined_set\5cbm\5cbm_protein.pdb,data/refined_set\5cbm\5cbm_pocket.pdb,data/refined_set\5cbm\5cbm_ligand.mol2,mol2,True,,refined
5cbr,data/refined_set\5cbr\5cbr_protein.pdb,data/refined_set\5cbr\5cbr_pocket.pdb,data/refined_set\5cbr\5cbr_ligand.mol2,mol2,True,,refined
5cbs,data/refined_set\5cbs\5cbs_protein.pdb,data/refined_set\5cbs\5cbs_pocket.pdb,data/refined_set\5cbs\5cbs_ligand.mol2,mol2,True,,refined
5cc2,data/refined_set\5cc2\5cc2_protein.pdb,data/refined_set\5cc2\5cc2_pocket.pdb,data/refined_set\5cc2\5cc2_ligand.mol2,mol2,True,,refined
5cep,data/refined_set\5cep\5cep_protein.pdb,data/refined_set\5cep\5cep_pocket.pdb,data/refined_set\5cep\5cep_ligand.mol2,mol2,True,,refined
5ceq,data/refined_set\5ceq\5ceq_protein.pdb,data/refined_set\5ceq\5ceq_pocket.pdb,data/refined_set\5ceq\5ceq_ligand.mol2,mol2,True,,refined
5chk,data/refined_set\5chk\5chk_protein.pdb,data/refined_set\5chk\5chk_pocket.pdb,data/refined_set\5chk\5chk_ligand.mol2,mol2,True,,refined
5cj6,data/refined_set\5cj6\5cj6_protein.pdb,data/refined_set\5cj6\5cj6_pocket.pdb,data/refined_set\5cj6\5cj6_ligand.mol2,mol2,True,,refined
5cjf,data/refined_set\5cjf\5cjf_protein.pdb,data/refined_set\5cjf\5cjf_pocket.pdb,data/refined_set\5cjf\5cjf_ligand.mol2,mol2,True,,refined
5cks,data/refined_set\5cks\5cks_protein.pdb,data/refined_set\5cks\5cks_pocket.pdb,data/refined_set\5cks\5cks_ligand.mol2,mol2,True,,refined
5cp5,data/refined_set\5cp5\5cp5_protein.pdb,data/refined_set\5cp5\5cp5_pocket.pdb,data/refined_set\5cp5\5cp5_ligand.mol2,mol2,True,,refined
5cp9,data/refined_set\5cp9\5cp9_protein.pdb,data/refined_set\5cp9\5cp9_pocket.pdb,data/refined_set\5cp9\5cp9_ligand.mol2,mol2,True,,refined
5cqt,data/refined_set\5cqt\5cqt_protein.pdb,data/refined_set\5cqt\5cqt_pocket.pdb,data/refined_set\5cqt\5cqt_ligand.mol2,mol2,True,,refined
5cqu,data/refined_set\5cqu\5cqu_protein.pdb,data/refined_set\5cqu\5cqu_pocket.pdb,data/refined_set\5cqu\5cqu_ligand.mol2,mol2,True,,refined
5cs3,data/refined_set\5cs3\5cs3_protein.pdb,data/refined_set\5cs3\5cs3_pocket.pdb,data/refined_set\5cs3\5cs3_ligand.mol2,mol2,True,,refined
5cs6,data/refined_set\5cs6\5cs6_protein.pdb,data/refined_set\5cs6\5cs6_pocket.pdb,data/refined_set\5cs6\5cs6_ligand.mol2,mol2,True,,refined
5cso,data/refined_set\5cso\5cso_protein.pdb,data/refined_set\5cso\5cso_pocket.pdb,data/refined_set\5cso\5cso_ligand.mol2,mol2,True,,refined
5csp,data/refined_set\5csp\5csp_protein.pdb,data/refined_set\5csp\5csp_pocket.pdb,data/refined_set\5csp\5csp_ligand.mol2,mol2,True,,refined
5cst,data/refined_set\5cst\5cst_protein.pdb,data/refined_set\5cst\5cst_pocket.pdb,data/refined_set\5cst\5cst_ligand.mol2,mol2,True,,refined
5ct2,data/refined_set\5ct2\5ct2_protein.pdb,data/refined_set\5ct2\5ct2_pocket.pdb,data/refined_set\5ct2\5ct2_ligand.mol2,mol2,True,,refined
5cu4,data/refined_set\5cu4\5cu4_protein.pdb,data/refined_set\5cu4\5cu4_pocket.pdb,data/refined_set\5cu4\5cu4_ligand.mol2,mol2,True,,refined
5cxa,data/refined_set\5cxa\5cxa_protein.pdb,data/refined_set\5cxa\5cxa_pocket.pdb,data/refined_set\5cxa\5cxa_ligand.mol2,mol2,True,,refined
5cy9,data/refined_set\5cy9\5cy9_protein.pdb,data/refined_set\5cy9\5cy9_pocket.pdb,data/refined_set\5cy9\5cy9_ligand.mol2,mol2,True,,refined
5czm,data/refined_set\5czm\5czm_protein.pdb,data/refined_set\5czm\5czm_pocket.pdb,data/refined_set\5czm\5czm_ligand.mol2,mol2,True,,refined
5d0c,data/refined_set\5d0c\5d0c_protein.pdb,data/refined_set\5d0c\5d0c_pocket.pdb,data/refined_set\5d0c\5d0c_ligand.mol2,mol2,True,,refined
5d0r,data/refined_set\5d0r\5d0r_protein.pdb,data/refined_set\5d0r\5d0r_pocket.pdb,data/refined_set\5d0r\5d0r_ligand.mol2,mol2,True,,refined
5d1r,data/refined_set\5d1r\5d1r_protein.pdb,data/refined_set\5d1r\5d1r_pocket.pdb,data/refined_set\5d1r\5d1r_ligand.mol2,mol2,True,,refined
5d21,data/refined_set\5d21\5d21_protein.pdb,data/refined_set\5d21\5d21_pocket.pdb,data/refined_set\5d21\5d21_ligand.mol2,mol2,True,,refined
5d24,data/refined_set\5d24\5d24_protein.pdb,data/refined_set\5d24\5d24_pocket.pdb,data/refined_set\5d24\5d24_ligand.mol2,mol2,True,,refined
5d25,data/refined_set\5d25\5d25_protein.pdb,data/refined_set\5d25\5d25_pocket.pdb,data/refined_set\5d25\5d25_ligand.mol2,mol2,True,,refined
5d26,data/refined_set\5d26\5d26_protein.pdb,data/refined_set\5d26\5d26_pocket.pdb,data/refined_set\5d26\5d26_ligand.mol2,mol2,True,,refined
5d2r,data/refined_set\5d2r\5d2r_protein.pdb,data/refined_set\5d2r\5d2r_pocket.pdb,data/refined_set\5d2r\5d2r_ligand.mol2,mol2,True,,refined
5d3c,data/refined_set\5d3c\5d3c_protein.pdb,data/refined_set\5d3c\5d3c_pocket.pdb,data/refined_set\5d3c\5d3c_ligand.mol2,mol2,True,,refined
5d3h,data/refined_set\5d3h\5d3h_protein.pdb,data/refined_set\5d3h\5d3h_pocket.pdb,data/refined_set\5d3h\5d3h_ligand.mol2,mol2,True,,refined
5d3j,data/refined_set\5d3j\5d3j_protein.pdb,data/refined_set\5d3j\5d3j_pocket.pdb,data/refined_set\5d3j\5d3j_ligand.mol2,mol2,True,,refined
5d3l,data/refined_set\5d3l\5d3l_protein.pdb,data/refined_set\5d3l\5d3l_pocket.pdb,data/refined_set\5d3l\5d3l_ligand.mol2,mol2,True,,refined
5d3n,data/refined_set\5d3n\5d3n_protein.pdb,data/refined_set\5d3n\5d3n_pocket.pdb,data/refined_set\5d3n\5d3n_ligand.mol2,mol2,True,,refined
5d3p,data/refined_set\5d3p\5d3p_protein.pdb,data/refined_set\5d3p\5d3p_pocket.pdb,data/refined_set\5d3p\5d3p_ligand.mol2,mol2,True,,refined
5d3t,data/refined_set\5d3t\5d3t_protein.pdb,data/refined_set\5d3t\5d3t_pocket.pdb,data/refined_set\5d3t\5d3t_ligand.mol2,mol2,True,,refined
5d3x,data/refined_set\5d3x\5d3x_protein.pdb,data/refined_set\5d3x\5d3x_pocket.pdb,data/refined_set\5d3x\5d3x_ligand.mol2,mol2,True,,refined
5d45,data/refined_set\5d45\5d45_protein.pdb,data/refined_set\5d45\5d45_pocket.pdb,data/refined_set\5d45\5d45_ligand.mol2,mol2,True,,refined
5d47,data/refined_set\5d47\5d47_protein.pdb,data/refined_set\5d47\5d47_pocket.pdb,data/refined_set\5d47\5d47_ligand.mol2,mol2,True,,refined
5d48,data/refined_set\5d48\5d48_protein.pdb,data/refined_set\5d48\5d48_pocket.pdb,data/refined_set\5d48\5d48_ligand.mol2,mol2,True,,refined
5d6j,data/refined_set\5d6j\5d6j_protein.pdb,data/refined_set\5d6j\5d6j_pocket.pdb,data/refined_set\5d6j\5d6j_ligand.mol2,mol2,True,,refined
5dbm,data/refined_set\5dbm\5dbm_protein.pdb,data/refined_set\5dbm\5dbm_pocket.pdb,data/refined_set\5dbm\5dbm_ligand.mol2,mol2,True,,refined
5dex,data/refined_set\5dex\5dex_protein.pdb,data/refined_set\5dex\5dex_pocket.pdb,data/refined_set\5dex\5dex_ligand.mol2,mol2,True,,refined
5dey,data/refined_set\5dey\5dey_protein.pdb,data/refined_set\5dey\5dey_pocket.pdb,data/refined_set\5dey\5dey_ligand.mol2,mol2,True,,refined
5dfp,data/refined_set\5dfp\5dfp_protein.pdb,data/refined_set\5dfp\5dfp_pocket.pdb,data/refined_set\5dfp\5dfp_ligand.mol2,mol2,True,,refined
5dgu,data/refined_set\5dgu\5dgu_protein.pdb,data/refined_set\5dgu\5dgu_pocket.pdb,data/refined_set\5dgu\5dgu_ligand.mol2,mol2,True,,refined
5dgw,data/refined_set\5dgw\5dgw_protein.pdb,data/refined_set\5dgw\5dgw_pocket.pdb,data/refined_set\5dgw\5dgw_ligand.mol2,mol2,True,,refined
5dh4,data/refined_set\5dh4\5dh4_protein.pdb,data/refined_set\5dh4\5dh4_pocket.pdb,data/refined_set\5dh4\5dh4_ligand.mol2,mol2,True,,refined
5dh5,data/refined_set\5dh5\5dh5_protein.pdb,data/refined_set\5dh5\5dh5_pocket.pdb,data/refined_set\5dh5\5dh5_ligand.mol2,mol2,True,,refined
5dhu,data/refined_set\5dhu\5dhu_protein.pdb,data/refined_set\5dhu\5dhu_pocket.pdb,,,False,5dhu_ligand.mol2/.sdf missing or failed to parse,refined
5dit,data/refined_set\5dit\5dit_protein.pdb,data/refined_set\5dit\5dit_pocket.pdb,data/refined_set\5dit\5dit_ligand.mol2,mol2,True,,refined
5dkn,data/refined_set\5dkn\5dkn_protein.pdb,data/refined_set\5dkn\5dkn_pocket.pdb,data/refined_set\5dkn\5dkn_ligand.mol2,mol2,True,,refined
5dlx,data/refined_set\5dlx\5dlx_protein.pdb,data/refined_set\5dlx\5dlx_pocket.pdb,data/refined_set\5dlx\5dlx_ligand.mol2,mol2,True,,refined
5dnu,data/refined_set\5dnu\5dnu_protein.pdb,data/refined_set\5dnu\5dnu_pocket.pdb,data/refined_set\5dnu\5dnu_ligand.mol2,mol2,True,,refined
5dpx,data/refined_set\5dpx\5dpx_protein.pdb,data/refined_set\5dpx\5dpx_pocket.pdb,data/refined_set\5dpx\5dpx_ligand.mol2,mol2,True,,refined
5dq8,data/refined_set\5dq8\5dq8_protein.pdb,data/refined_set\5dq8\5dq8_pocket.pdb,data/refined_set\5dq8\5dq8_ligand.mol2,mol2,True,,refined
5dqc,data/refined_set\5dqc\5dqc_protein.pdb,data/refined_set\5dqc\5dqc_pocket.pdb,data/refined_set\5dqc\5dqc_ligand.mol2,mol2,True,,refined
5dqe,data/refined_set\5dqe\5dqe_protein.pdb,data/refined_set\5dqe\5dqe_pocket.pdb,data/refined_set\5dqe\5dqe_ligand.mol2,mol2,True,,refined
5dqf,data/refined_set\5dqf\5dqf_protein.pdb,data/refined_set\5dqf\5dqf_pocket.pdb,data/refined_set\5dqf\5dqf_ligand.mol2,mol2,True,,refined
5drr,data/refined_set\5drr\5drr_protein.pdb,data/refined_set\5drr\5drr_pocket.pdb,data/refined_set\5drr\5drr_ligand.mol2,mol2,True,,refined
5dus,data/refined_set\5dus\5dus_protein.pdb,data/refined_set\5dus\5dus_pocket.pdb,data/refined_set\5dus\5dus_ligand.mol2,mol2,True,,refined
5duw,data/refined_set\5duw\5duw_protein.pdb,data/refined_set\5duw\5duw_pocket.pdb,data/refined_set\5duw\5duw_ligand.mol2,mol2,True,,refined
5dw2,data/refined_set\5dw2\5dw2_protein.pdb,data/refined_set\5dw2\5dw2_pocket.pdb,data/refined_set\5dw2\5dw2_ligand.mol2,mol2,True,,refined
5dwr,data/refined_set\5dwr\5dwr_protein.pdb,data/refined_set\5dwr\5dwr_pocket.pdb,data/refined_set\5dwr\5dwr_ligand.mol2,mol2,True,,refined
5dx4,data/refined_set\5dx4\5dx4_protein.pdb,data/refined_set\5dx4\5dx4_pocket.pdb,data/refined_set\5dx4\5dx4_ligand.mol2,mol2,True,,refined
5dxt,data/refined_set\5dxt\5dxt_protein.pdb,data/refined_set\5dxt\5dxt_pocket.pdb,data/refined_set\5dxt\5dxt_ligand.mol2,mol2,True,,refined
5dyo,data/refined_set\5dyo\5dyo_protein.pdb,data/refined_set\5dyo\5dyo_pocket.pdb,data/refined_set\5dyo\5dyo_ligand.mol2,mol2,True,,refined
5e13,data/refined_set\5e13\5e13_protein.pdb,data/refined_set\5e13\5e13_pocket.pdb,data/refined_set\5e13\5e13_ligand.mol2,mol2,True,,refined
5e1s,data/refined_set\5e1s\5e1s_protein.pdb,data/refined_set\5e1s\5e1s_pocket.pdb,data/refined_set\5e1s\5e1s_ligand.mol2,mol2,True,,refined
5e28,data/refined_set\5e28\5e28_protein.pdb,data/refined_set\5e28\5e28_pocket.pdb,data/refined_set\5e28\5e28_ligand.mol2,mol2,True,,refined
5e2k,data/refined_set\5e2k\5e2k_protein.pdb,data/refined_set\5e2k\5e2k_pocket.pdb,data/refined_set\5e2k\5e2k_ligand.mol2,mol2,True,,refined
5e2l,data/refined_set\5e2l\5e2l_protein.pdb,data/refined_set\5e2l\5e2l_pocket.pdb,data/refined_set\5e2l\5e2l_ligand.mol2,mol2,True,,refined
5e2o,data/refined_set\5e2o\5e2o_protein.pdb,data/refined_set\5e2o\5e2o_pocket.pdb,data/refined_set\5e2o\5e2o_ligand.mol2,mol2,True,,refined
5e2p,data/refined_set\5e2p\5e2p_protein.pdb,data/refined_set\5e2p\5e2p_pocket.pdb,data/refined_set\5e2p\5e2p_ligand.mol2,mol2,True,,refined
5e2r,data/refined_set\5e2r\5e2r_protein.pdb,data/refined_set\5e2r\5e2r_pocket.pdb,data/refined_set\5e2r\5e2r_ligand.mol2,mol2,True,,refined
5e2s,data/refined_set\5e2s\5e2s_protein.pdb,data/refined_set\5e2s\5e2s_pocket.pdb,data/refined_set\5e2s\5e2s_ligand.mol2,mol2,True,,refined
5e3a,data/refined_set\5e3a\5e3a_protein.pdb,data/refined_set\5e3a\5e3a_pocket.pdb,data/refined_set\5e3a\5e3a_ligand.mol2,mol2,True,,refined
5e6o,data/refined_set\5e6o\5e6o_protein.pdb,data/refined_set\5e6o\5e6o_pocket.pdb,data/refined_set\5e6o\5e6o_ligand.mol2,mol2,True,,refined
5e73,data/refined_set\5e73\5e73_protein.pdb,data/refined_set\5e73\5e73_pocket.pdb,data/refined_set\5e73\5e73_ligand.mol2,mol2,True,,refined
5e74,data/refined_set\5e74\5e74_protein.pdb,data/refined_set\5e74\5e74_pocket.pdb,data/refined_set\5e74\5e74_ligand.mol2,mol2,True,,refined
5e7n,data/refined_set\5e7n\5e7n_protein.pdb,data/refined_set\5e7n\5e7n_pocket.pdb,data/refined_set\5e7n\5e7n_ligand.mol2,mol2,True,,refined
5e89,data/refined_set\5e89\5e89_protein.pdb,data/refined_set\5e89\5e89_pocket.pdb,data/refined_set\5e89\5e89_ligand.mol2,mol2,True,,refined
5e8f,data/refined_set\5e8f\5e8f_protein.pdb,data/refined_set\5e8f\5e8f_pocket.pdb,data/refined_set\5e8f\5e8f_ligand.mol2,mol2,True,,refined
5ect,data/refined_set\5ect\5ect_protein.pdb,data/refined_set\5ect\5ect_pocket.pdb,data/refined_set\5ect\5ect_ligand.mol2,mol2,True,,refined
5edb,data/refined_set\5edb\5edb_protein.pdb,data/refined_set\5edb\5edb_pocket.pdb,data/refined_set\5edb\5edb_ligand.mol2,mol2,True,,refined
5edc,data/refined_set\5edc\5edc_protein.pdb,data/refined_set\5edc\5edc_pocket.pdb,data/refined_set\5edc\5edc_ligand.mol2,mol2,True,,refined
5edd,data/refined_set\5edd\5edd_protein.pdb,data/refined_set\5edd\5edd_pocket.pdb,data/refined_set\5edd\5edd_ligand.mol2,mol2,True,,refined
5edl,data/refined_set\5edl\5edl_protein.pdb,data/refined_set\5edl\5edl_pocket.pdb,data/refined_set\5edl\5edl_ligand.mol2,mol2,True,,refined
5eei,data/refined_set\5eei\5eei_protein.pdb,data/refined_set\5eei\5eei_pocket.pdb,data/refined_set\5eei\5eei_ligand.mol2,mol2,True,,refined
5eek,data/refined_set\5eek\5eek_protein.pdb,data/refined_set\5eek\5eek_pocket.pdb,data/refined_set\5eek\5eek_ligand.mol2,mol2,True,,refined
5een,data/refined_set\5een\5een_protein.pdb,data/refined_set\5een\5een_pocket.pdb,data/refined_set\5een\5een_ligand.mol2,mol2,True,,refined
5ef7,data/refined_set\5ef7\5ef7_protein.pdb,data/refined_set\5ef7\5ef7_pocket.pdb,data/refined_set\5ef7\5ef7_ligand.mol2,mol2,True,,refined
5efa,data/refined_set\5efa\5efa_protein.pdb,data/refined_set\5efa\5efa_pocket.pdb,data/refined_set\5efa\5efa_ligand.mol2,mol2,True,,refined
5efc,data/refined_set\5efc\5efc_protein.pdb,data/refined_set\5efc\5efc_pocket.pdb,data/refined_set\5efc\5efc_ligand.mol2,mol2,True,,refined
5efh,data/refined_set\5efh\5efh_protein.pdb,data/refined_set\5efh\5efh_pocket.pdb,data/refined_set\5efh\5efh_ligand.mol2,mol2,True,,refined
5efj,data/refined_set\5efj\5efj_protein.pdb,data/refined_set\5efj\5efj_pocket.pdb,data/refined_set\5efj\5efj_ligand.mol2,mol2,True,,refined
5egm,data/refined_set\5egm\5egm_protein.pdb,data/refined_set\5egm\5egm_pocket.pdb,data/refined_set\5egm\5egm_ligand.mol2,mol2,True,,refined
5egu,data/refined_set\5egu\5egu_protein.pdb,data/refined_set\5egu\5egu_pocket.pdb,data/refined_set\5egu\5egu_ligand.mol2,mol2,True,,refined
5eh5,data/refined_set\5eh5\5eh5_protein.pdb,data/refined_set\5eh5\5eh5_pocket.pdb,data/refined_set\5eh5\5eh5_ligand.mol2,mol2,True,,refined
5eh7,data/refined_set\5eh7\5eh7_protein.pdb,data/refined_set\5eh7\5eh7_pocket.pdb,data/refined_set\5eh7\5eh7_ligand.mol2,mol2,True,,refined
5eh8,data/refined_set\5eh8\5eh8_protein.pdb,data/refined_set\5eh8\5eh8_pocket.pdb,data/refined_set\5eh8\5eh8_ligand.mol2,mol2,True,,refined
5ehq,data/refined_set\5ehq\5ehq_protein.pdb,data/refined_set\5ehq\5ehq_pocket.pdb,data/refined_set\5ehq\5ehq_ligand.mol2,mol2,True,,refined
5ehr,data/refined_set\5ehr\5ehr_protein.pdb,data/refined_set\5ehr\5ehr_pocket.pdb,data/refined_set\5ehr\5ehr_ligand.mol2,mol2,True,,refined
5ehv,data/refined_set\5ehv\5ehv_protein.pdb,data/refined_set\5ehv\5ehv_pocket.pdb,data/refined_set\5ehv\5ehv_ligand.mol2,mol2,True,,refined
5ehw,data/refined_set\5ehw\5ehw_protein.pdb,data/refined_set\5ehw\5ehw_pocket.pdb,data/refined_set\5ehw\5ehw_ligand.mol2,mol2,True,,refined
5ei3,data/refined_set\5ei3\5ei3_protein.pdb,data/refined_set\5ei3\5ei3_pocket.pdb,data/refined_set\5ei3\5ei3_ligand.mol2,mol2,True,,refined
5eij,data/refined_set\5eij\5eij_protein.pdb,data/refined_set\5eij\5eij_pocket.pdb,data/refined_set\5eij\5eij_ligand.mol2,mol2,True,,refined
5eis,data/refined_set\5eis\5eis_protein.pdb,data/refined_set\5eis\5eis_pocket.pdb,data/refined_set\5eis\5eis_ligand.mol2,mol2,True,,refined
5ekm,data/refined_set\5ekm\5ekm_protein.pdb,data/refined_set\5ekm\5ekm_pocket.pdb,data/refined_set\5ekm\5ekm_ligand.mol2,mol2,True,,refined
5el9,data/refined_set\5el9\5el9_protein.pdb,data/refined_set\5el9\5el9_pocket.pdb,data/refined_set\5el9\5el9_ligand.mol2,mol2,True,,refined
5elw,data/refined_set\5elw\5elw_protein.pdb,data/refined_set\5elw\5elw_pocket.pdb,data/refined_set\5elw\5elw_ligand.mol2,mol2,True,,refined
5en3,data/refined_set\5en3\5en3_protein.pdb,data/refined_set\5en3\5en3_pocket.pdb,data/refined_set\5en3\5en3_ligand.mol2,mol2,True,,refined
5eng,data/refined_set\5eng\5eng_protein.pdb,data/refined_set\5eng\5eng_pocket.pdb,data/refined_set\5eng\5eng_ligand.mol2,mol2,True,,refined
5ep7,data/refined_set\5ep7\5ep7_protein.pdb,data/refined_set\5ep7\5ep7_pocket.pdb,data/refined_set\5ep7\5ep7_ligand.mol2,mol2,True,,refined
5epl,data/refined_set\5epl\5epl_protein.pdb,data/refined_set\5epl\5epl_pocket.pdb,data/refined_set\5epl\5epl_ligand.mol2,mol2,True,,refined
5epn,data/refined_set\5epn\5epn_protein.pdb,data/refined_set\5epn\5epn_pocket.pdb,data/refined_set\5epn\5epn_ligand.mol2,mol2,True,,refined
5eq1,data/refined_set\5eq1\5eq1_protein.pdb,data/refined_set\5eq1\5eq1_pocket.pdb,data/refined_set\5eq1\5eq1_ligand.mol2,mol2,True,,refined
5eqe,data/refined_set\5eqe\5eqe_protein.pdb,data/refined_set\5eqe\5eqe_pocket.pdb,data/refined_set\5eqe\5eqe_ligand.mol2,mol2,True,,refined
5eqp,data/refined_set\5eqp\5eqp_protein.pdb,data/refined_set\5eqp\5eqp_pocket.pdb,data/refined_set\5eqp\5eqp_ligand.mol2,mol2,True,,refined
5eqy,data/refined_set\5eqy\5eqy_protein.pdb,data/refined_set\5eqy\5eqy_pocket.pdb,data/refined_set\5eqy\5eqy_ligand.mol2,mol2,True,,refined
5er1,data/refined_set\5er1\5er1_protein.pdb,data/refined_set\5er1\5er1_pocket.pdb,data/refined_set\5er1\5er1_ligand.mol2,mol2,True,,refined
5er2,data/refined_set\5er2\5er2_protein.pdb,data/refined_set\5er2\5er2_pocket.pdb,data/refined_set\5er2\5er2_ligand.mol2,mol2,True,,refined
5er4,data/refined_set\5er4\5er4_protein.pdb,data/refined_set\5er4\5er4_pocket.pdb,data/refined_set\5er4\5er4_ligand.mol2,mol2,True,,refined
5etb,data/refined_set\5etb\5etb_protein.pdb,data/refined_set\5etb\5etb_pocket.pdb,data/refined_set\5etb\5etb_ligand.mol2,mol2,True,,refined
5etj,data/refined_set\5etj\5etj_protein.pdb,data/refined_set\5etj\5etj_pocket.pdb,data/refined_set\5etj\5etj_ligand.mol2,mol2,True,,refined
5eu1,data/refined_set\5eu1\5eu1_protein.pdb,data/refined_set\5eu1\5eu1_pocket.pdb,data/refined_set\5eu1\5eu1_ligand.mol2,mol2,True,,refined
5ev8,data/refined_set\5ev8\5ev8_protein.pdb,data/refined_set\5ev8\5ev8_pocket.pdb,data/refined_set\5ev8\5ev8_ligand.mol2,mol2,True,,refined
5evb,data/refined_set\5evb\5evb_protein.pdb,data/refined_set\5evb\5evb_pocket.pdb,data/refined_set\5evb\5evb_ligand.mol2,mol2,True,,refined
5evd,data/refined_set\5evd\5evd_protein.pdb,data/refined_set\5evd\5evd_pocket.pdb,data/refined_set\5evd\5evd_ligand.mol2,mol2,True,,refined
5evk,data/refined_set\5evk\5evk_protein.pdb,data/refined_set\5evk\5evk_pocket.pdb,data/refined_set\5evk\5evk_ligand.mol2,mol2,True,,refined
5evz,data/refined_set\5evz\5evz_protein.pdb,data/refined_set\5evz\5evz_pocket.pdb,data/refined_set\5evz\5evz_ligand.mol2,mol2,True,,refined
5ew0,data/refined_set\5ew0\5ew0_protein.pdb,data/refined_set\5ew0\5ew0_pocket.pdb,data/refined_set\5ew0\5ew0_ligand.mol2,mol2,True,,refined
5ewa,data/refined_set\5ewa\5ewa_protein.pdb,data/refined_set\5ewa\5ewa_pocket.pdb,data/refined_set\5ewa\5ewa_ligand.mol2,mol2,True,,refined
5ewk,data/refined_set\5ewk\5ewk_protein.pdb,data/refined_set\5ewk\5ewk_pocket.pdb,data/refined_set\5ewk\5ewk_ligand.mol2,mol2,True,,refined
5ewy,data/refined_set\5ewy\5ewy_protein.pdb,data/refined_set\5ewy\5ewy_pocket.pdb,data/refined_set\5ewy\5ewy_ligand.mol2,mol2,True,,refined
5exl,data/refined_set\5exl\5exl_protein.pdb,data/refined_set\5exl\5exl_pocket.pdb,data/refined_set\5exl\5exl_ligand.mol2,mol2,True,,refined
5exm,data/refined_set\5exm\5exm_protein.pdb,data/refined_set\5exm\5exm_pocket.pdb,data/refined_set\5exm\5exm_ligand.mol2,mol2,True,,refined
5exn,data/refined_set\5exn\5exn_protein.pdb,data/refined_set\5exn\5exn_pocket.pdb,data/refined_set\5exn\5exn_ligand.mol2,mol2,True,,refined
5exw,data/refined_set\5exw\5exw_protein.pdb,data/refined_set\5exw\5exw_pocket.pdb,data/refined_set\5exw\5exw_ligand.mol2,mol2,True,,refined
5ey0,data/refined_set\5ey0\5ey0_protein.pdb,data/refined_set\5ey0\5ey0_pocket.pdb,data/refined_set\5ey0\5ey0_ligand.mol2,mol2,True,,refined
5ey4,data/refined_set\5ey4\5ey4_protein.pdb,data/refined_set\5ey4\5ey4_pocket.pdb,data/refined_set\5ey4\5ey4_ligand.mol2,mol2,True,,refined
5eyr,data/refined_set\5eyr\5eyr_protein.pdb,data/refined_set\5eyr\5eyr_pocket.pdb,data/refined_set\5eyr\5eyr_ligand.mol2,mol2,True,,refined
5f08,data/refined_set\5f08\5f08_protein.pdb,data/refined_set\5f08\5f08_pocket.pdb,data/refined_set\5f08\5f08_ligand.mol2,mol2,True,,refined
5f0f,data/refined_set\5f0f\5f0f_protein.pdb,data/refined_set\5f0f\5f0f_pocket.pdb,data/refined_set\5f0f\5f0f_ligand.mol2,mol2,True,,refined
5f1h,data/refined_set\5f1h\5f1h_protein.pdb,data/refined_set\5f1h\5f1h_pocket.pdb,data/refined_set\5f1h\5f1h_ligand.mol2,mol2,True,,refined
5f1r,data/refined_set\5f1r\5f1r_protein.pdb,data/refined_set\5f1r\5f1r_pocket.pdb,data/refined_set\5f1r\5f1r_ligand.mol2,mol2,True,,refined
5f1v,data/refined_set\5f1v\5f1v_protein.pdb,data/refined_set\5f1v\5f1v_pocket.pdb,data/refined_set\5f1v\5f1v_ligand.mol2,mol2,True,,refined
5f1x,data/refined_set\5f1x\5f1x_protein.pdb,data/refined_set\5f1x\5f1x_pocket.pdb,data/refined_set\5f1x\5f1x_ligand.mol2,mol2,True,,refined
5f25,data/refined_set\5f25\5f25_protein.pdb,data/refined_set\5f25\5f25_pocket.pdb,data/refined_set\5f25\5f25_ligand.mol2,mol2,True,,refined
5f2p,data/refined_set\5f2p\5f2p_protein.pdb,data/refined_set\5f2p\5f2p_pocket.pdb,data/refined_set\5f2p\5f2p_ligand.mol2,mol2,True,,refined
5f2r,data/refined_set\5f2r\5f2r_protein.pdb,data/refined_set\5f2r\5f2r_pocket.pdb,data/refined_set\5f2r\5f2r_ligand.mol2,mol2,True,,refined
5f2u,data/refined_set\5f2u\5f2u_protein.pdb,data/refined_set\5f2u\5f2u_pocket.pdb,data/refined_set\5f2u\5f2u_ligand.mol2,mol2,True,,refined
5f5z,data/refined_set\5f5z\5f5z_protein.pdb,data/refined_set\5f5z\5f5z_pocket.pdb,data/refined_set\5f5z\5f5z_ligand.mol2,mol2,True,,refined
5f60,data/refined_set\5f60\5f60_protein.pdb,data/refined_set\5f60\5f60_pocket.pdb,data/refined_set\5f60\5f60_ligand.mol2,mol2,True,,refined
5f61,data/refined_set\5f61\5f61_protein.pdb,data/refined_set\5f61\5f61_pocket.pdb,data/refined_set\5f61\5f61_ligand.mol2,mol2,True,,refined
5f62,data/refined_set\5f62\5f62_protein.pdb,data/refined_set\5f62\5f62_pocket.pdb,data/refined_set\5f62\5f62_ligand.mol2,mol2,True,,refined
5f63,data/refined_set\5f63\5f63_protein.pdb,data/refined_set\5f63\5f63_pocket.pdb,data/refined_set\5f63\5f63_ligand.mol2,mol2,True,,refined
5f74,data/refined_set\5f74\5f74_protein.pdb,data/refined_set\5f74\5f74_pocket.pdb,data/refined_set\5f74\5f74_ligand.mol2,mol2,True,,refined
5f8y,data/refined_set\5f8y\5f8y_protein.pdb,data/refined_set\5f8y\5f8y_pocket.pdb,data/refined_set\5f8y\5f8y_ligand.mol2,mol2,True,,refined
5f9b,data/refined_set\5f9b\5f9b_protein.pdb,data/refined_set\5f9b\5f9b_pocket.pdb,data/refined_set\5f9b\5f9b_ligand.mol2,mol2,True,,refined
5fbi,data/refined_set\5fbi\5fbi_protein.pdb,data/refined_set\5fbi\5fbi_pocket.pdb,data/refined_set\5fbi\5fbi_ligand.mol2,mol2,True,,refined
5fck,data/refined_set\5fck\5fck_protein.pdb,data/refined_set\5fck\5fck_pocket.pdb,data/refined_set\5fck\5fck_ligand.mol2,mol2,True,,refined
5fcz,data/refined_set\5fcz\5fcz_protein.pdb,data/refined_set\5fcz\5fcz_pocket.pdb,data/refined_set\5fcz\5fcz_ligand.mol2,mol2,True,,refined
5fdc,data/refined_set\5fdc\5fdc_protein.pdb,data/refined_set\5fdc\5fdc_pocket.pdb,data/refined_set\5fdc\5fdc_ligand.mol2,mol2,True,,refined
5fdi,data/refined_set\5fdi\5fdi_protein.pdb,data/refined_set\5fdi\5fdi_pocket.pdb,data/refined_set\5fdi\5fdi_ligand.mol2,mol2,True,,refined
5fe6,data/refined_set\5fe6\5fe6_protein.pdb,data/refined_set\5fe6\5fe6_pocket.pdb,data/refined_set\5fe6\5fe6_ligand.mol2,mol2,True,,refined
5fe7,data/refined_set\5fe7\5fe7_protein.pdb,data/refined_set\5fe7\5fe7_pocket.pdb,data/refined_set\5fe7\5fe7_ligand.mol2,mol2,True,,refined
5fe9,data/refined_set\5fe9\5fe9_protein.pdb,data/refined_set\5fe9\5fe9_pocket.pdb,data/refined_set\5fe9\5fe9_ligand.mol2,mol2,True,,refined
5fh7,data/refined_set\5fh7\5fh7_protein.pdb,data/refined_set\5fh7\5fh7_pocket.pdb,data/refined_set\5fh7\5fh7_ligand.mol2,mol2,True,,refined
5fh8,data/refined_set\5fh8\5fh8_protein.pdb,data/refined_set\5fh8\5fh8_pocket.pdb,data/refined_set\5fh8\5fh8_ligand.mol2,mol2,True,,refined
5fhm,data/refined_set\5fhm\5fhm_protein.pdb,data/refined_set\5fhm\5fhm_pocket.pdb,data/refined_set\5fhm\5fhm_ligand.mol2,mol2,True,,refined
5fhn,data/refined_set\5fhn\5fhn_protein.pdb,data/refined_set\5fhn\5fhn_pocket.pdb,data/refined_set\5fhn\5fhn_ligand.mol2,mol2,True,,refined
5fho,data/refined_set\5fho\5fho_protein.pdb,data/refined_set\5fho\5fho_pocket.pdb,data/refined_set\5fho\5fho_ligand.mol2,mol2,True,,refined
5fl4,data/refined_set\5fl4\5fl4_protein.pdb,data/refined_set\5fl4\5fl4_pocket.pdb,data/refined_set\5fl4\5fl4_ligand.mol2,mol2,True,,refined
5fl5,data/refined_set\5fl5\5fl5_protein.pdb,data/refined_set\5fl5\5fl5_pocket.pdb,data/refined_set\5fl5\5fl5_ligand.mol2,mol2,True,,refined
5fl6,data/refined_set\5fl6\5fl6_protein.pdb,data/refined_set\5fl6\5fl6_pocket.pdb,data/refined_set\5fl6\5fl6_ligand.mol2,mol2,True,,refined
5flo,data/refined_set\5flo\5flo_protein.pdb,data/refined_set\5flo\5flo_pocket.pdb,data/refined_set\5flo\5flo_ligand.mol2,mol2,True,,refined
5flq,data/refined_set\5flq\5flq_protein.pdb,data/refined_set\5flq\5flq_pocket.pdb,data/refined_set\5flq\5flq_ligand.mol2,mol2,True,,refined
5fls,data/refined_set\5fls\5fls_protein.pdb,data/refined_set\5fls\5fls_pocket.pdb,data/refined_set\5fls\5fls_ligand.mol2,mol2,True,,refined
5flt,data/refined_set\5flt\5flt_protein.pdb,data/refined_set\5flt\5flt_pocket.pdb,data/refined_set\5flt\5flt_ligand.mol2,mol2,True,,refined
5fnc,data/refined_set\5fnc\5fnc_protein.pdb,data/refined_set\5fnc\5fnc_pocket.pdb,data/refined_set\5fnc\5fnc_ligand.mol2,mol2,True,,refined
5fnd,data/refined_set\5fnd\5fnd_protein.pdb,data/refined_set\5fnd\5fnd_pocket.pdb,data/refined_set\5fnd\5fnd_ligand.mol2,mol2,True,,refined
5fnf,data/refined_set\5fnf\5fnf_protein.pdb,data/refined_set\5fnf\5fnf_pocket.pdb,data/refined_set\5fnf\5fnf_ligand.mol2,mol2,True,,refined
5fng,data/refined_set\5fng\5fng_protein.pdb,data/refined_set\5fng\5fng_pocket.pdb,data/refined_set\5fng\5fng_ligand.mol2,mol2,True,,refined
5fnr,data/refined_set\5fnr\5fnr_protein.pdb,data/refined_set\5fnr\5fnr_pocket.pdb,data/refined_set\5fnr\5fnr_ligand.mol2,mol2,True,,refined
5fns,data/refined_set\5fns\5fns_protein.pdb,data/refined_set\5fns\5fns_pocket.pdb,data/refined_set\5fns\5fns_ligand.mol2,mol2,True,,refined
5fnt,data/refined_set\5fnt\5fnt_protein.pdb,data/refined_set\5fnt\5fnt_pocket.pdb,data/refined_set\5fnt\5fnt_ligand.mol2,mol2,True,,refined
5fnu,data/refined_set\5fnu\5fnu_protein.pdb,data/refined_set\5fnu\5fnu_pocket.pdb,data/refined_set\5fnu\5fnu_ligand.mol2,mol2,True,,refined
5fog,data/refined_set\5fog\5fog_protein.pdb,data/refined_set\5fog\5fog_pocket.pdb,data/refined_set\5fog\5fog_ligand.mol2,mol2,True,,refined
5fol,data/refined_set\5fol\5fol_protein.pdb,data/refined_set\5fol\5fol_pocket.pdb,data/refined_set\5fol\5fol_ligand.mol2,mol2,True,,refined
5fot,data/refined_set\5fot\5fot_protein.pdb,data/refined_set\5fot\5fot_pocket.pdb,data/refined_set\5fot\5fot_ligand.mol2,mol2,True,,refined
5fou,data/refined_set\5fou\5fou_protein.pdb,data/refined_set\5fou\5fou_pocket.pdb,data/refined_set\5fou\5fou_ligand.mol2,mol2,True,,refined
5fov,data/refined_set\5fov\5fov_protein.pdb,data/refined_set\5fov\5fov_pocket.pdb,data/refined_set\5fov\5fov_ligand.mol2,mol2,True,,refined
5fox,data/refined_set\5fox\5fox_protein.pdb,data/refined_set\5fox\5fox_pocket.pdb,data/refined_set\5fox\5fox_ligand.mol2,mol2,True,,refined
5fpk,data/refined_set\5fpk\5fpk_protein.pdb,data/refined_set\5fpk\5fpk_pocket.pdb,data/refined_set\5fpk\5fpk_ligand.mol2,mol2,True,,refined
5fs5,data/refined_set\5fs5\5fs5_protein.pdb,data/refined_set\5fs5\5fs5_pocket.pdb,data/refined_set\5fs5\5fs5_ligand.mol2,mol2,True,,refined
5fsc,data/refined_set\5fsc\5fsc_protein.pdb,data/refined_set\5fsc\5fsc_pocket.pdb,data/refined_set\5fsc\5fsc_ligand.mol2,mol2,True,,refined
5fsn,data/refined_set\5fsn\5fsn_protein.pdb,data/refined_set\5fsn\5fsn_pocket.pdb,data/refined_set\5fsn\5fsn_ligand.mol2,mol2,True,,refined
5fso,data/refined_set\5fso\5fso_protein.pdb,data/refined_set\5fso\5fso_pocket.pdb,data/refined_set\5fso\5fso_ligand.mol2,mol2,True,,refined
5fsx,data/refined_set\5fsx\5fsx_protein.pdb,data/refined_set\5fsx\5fsx_pocket.pdb,data/refined_set\5fsx\5fsx_ligand.mol2,mol2,True,,refined
5fsy,data/refined_set\5fsy\5fsy_protein.pdb,data/refined_set\5fsy\5fsy_pocket.pdb,data/refined_set\5fsy\5fsy_ligand.mol2,mol2,True,,refined
5ftg,data/refined_set\5ftg\5ftg_protein.pdb,data/refined_set\5ftg\5ftg_pocket.pdb,data/refined_set\5ftg\5ftg_ligand.mol2,mol2,True,,refined
5fto,data/refined_set\5fto\5fto_protein.pdb,data/refined_set\5fto\5fto_pocket.pdb,data/refined_set\5fto\5fto_ligand.mol2,mol2,True,,refined
5fut,data/refined_set\5fut\5fut_protein.pdb,data/refined_set\5fut\5fut_pocket.pdb,data/refined_set\5fut\5fut_ligand.mol2,mol2,True,,refined
5fyx,data/refined_set\5fyx\5fyx_protein.pdb,data/refined_set\5fyx\5fyx_pocket.pdb,data/refined_set\5fyx\5fyx_ligand.mol2,mol2,True,,refined
5g17,data/refined_set\5g17\5g17_protein.pdb,data/refined_set\5g17\5g17_pocket.pdb,data/refined_set\5g17\5g17_ligand.mol2,mol2,True,,refined
5g1a,data/refined_set\5g1a\5g1a_protein.pdb,data/refined_set\5g1a\5g1a_pocket.pdb,data/refined_set\5g1a\5g1a_ligand.mol2,mol2,True,,refined
5g1z,data/refined_set\5g1z\5g1z_protein.pdb,data/refined_set\5g1z\5g1z_pocket.pdb,data/refined_set\5g1z\5g1z_ligand.mol2,mol2,True,,refined
5g2b,data/refined_set\5g2b\5g2b_protein.pdb,data/refined_set\5g2b\5g2b_pocket.pdb,data/refined_set\5g2b\5g2b_ligand.mol2,mol2,True,,refined
5g2g,data/refined_set\5g2g\5g2g_protein.pdb,data/refined_set\5g2g\5g2g_pocket.pdb,data/refined_set\5g2g\5g2g_ligand.mol2,mol2,True,,refined
5g45,data/refined_set\5g45\5g45_protein.pdb,data/refined_set\5g45\5g45_pocket.pdb,data/refined_set\5g45\5g45_ligand.mol2,mol2,True,,refined
5g46,data/refined_set\5g46\5g46_protein.pdb,data/refined_set\5g46\5g46_pocket.pdb,data/refined_set\5g46\5g46_ligand.mol2,mol2,True,,refined
5g4m,data/refined_set\5g4m\5g4m_protein.pdb,data/refined_set\5g4m\5g4m_pocket.pdb,data/refined_set\5g4m\5g4m_ligand.mol2,mol2,True,,refined
5g4n,data/refined_set\5g4n\5g4n_protein.pdb,data/refined_set\5g4n\5g4n_pocket.pdb,data/refined_set\5g4n\5g4n_ligand.mol2,mol2,True,,refined
5g4o,data/refined_set\5g4o\5g4o_protein.pdb,data/refined_set\5g4o\5g4o_pocket.pdb,data/refined_set\5g4o\5g4o_ligand.mol2,mol2,True,,refined
5g57,data/refined_set\5g57\5g57_protein.pdb,data/refined_set\5g57\5g57_pocket.pdb,data/refined_set\5g57\5g57_ligand.mol2,mol2,True,,refined
5g5f,data/refined_set\5g5f\5g5f_protein.pdb,data/refined_set\5g5f\5g5f_pocket.pdb,data/refined_set\5g5f\5g5f_ligand.mol2,mol2,True,,refined
5g5v,data/refined_set\5g5v\5g5v_protein.pdb,data/refined_set\5g5v\5g5v_pocket.pdb,data/refined_set\5g5v\5g5v_ligand.mol2,mol2,True,,refined
5g5z,data/refined_set\5g5z\5g5z_protein.pdb,data/refined_set\5g5z\5g5z_pocket.pdb,data/refined_set\5g5z\5g5z_ligand.mol2,mol2,True,,refined
5g60,data/refined_set\5g60\5g60_protein.pdb,data/refined_set\5g60\5g60_pocket.pdb,data/refined_set\5g60\5g60_ligand.mol2,mol2,True,,refined
5g61,data/refined_set\5g61\5g61_protein.pdb,data/refined_set\5g61\5g61_pocket.pdb,data/refined_set\5g61\5g61_ligand.mol2,mol2,True,,refined
5gj9,data/refined_set\5gj9\5gj9_protein.pdb,data/refined_set\5gj9\5gj9_pocket.pdb,data/refined_set\5gj9\5gj9_ligand.mol2,mol2,True,,refined
5gja,data/refined_set\5gja\5gja_protein.pdb,data/refined_set\5gja\5gja_pocket.pdb,data/refined_set\5gja\5gja_ligand.mol2,mol2,True,,refined
5gmh,data/refined_set\5gmh\5gmh_protein.pdb,data/refined_set\5gmh\5gmh_pocket.pdb,data/refined_set\5gmh\5gmh_ligand.mol2,mol2,True,,refined
5gmn,data/refined_set\5gmn\5gmn_protein.pdb,data/refined_set\5gmn\5gmn_pocket.pdb,data/refined_set\5gmn\5gmn_ligand.mol2,mol2,True,,refined
5gof,data/refined_set\5gof\5gof_protein.pdb,data/refined_set\5gof\5gof_pocket.pdb,data/refined_set\5gof\5gof_ligand.mol2,mol2,True,,refined
5gs9,data/refined_set\5gs9\5gs9_protein.pdb,data/refined_set\5gs9\5gs9_pocket.pdb,data/refined_set\5gs9\5gs9_ligand.mol2,mol2,True,,refined
5gsa,data/refined_set\5gsa\5gsa_protein.pdb,data/refined_set\5gsa\5gsa_pocket.pdb,data/refined_set\5gsa\5gsa_ligand.mol2,mol2,True,,refined
5h1t,data/refined_set\5h1t\5h1t_protein.pdb,data/refined_set\5h1t\5h1t_pocket.pdb,data/refined_set\5h1t\5h1t_ligand.mol2,mol2,True,,refined
5h1u,data/refined_set\5h1u\5h1u_protein.pdb,data/refined_set\5h1u\5h1u_pocket.pdb,data/refined_set\5h1u\5h1u_ligand.mol2,mol2,True,,refined
5h1v,data/refined_set\5h1v\5h1v_protein.pdb,data/refined_set\5h1v\5h1v_pocket.pdb,data/refined_set\5h1v\5h1v_ligand.mol2,mol2,True,,refined
5h5f,data/refined_set\5h5f\5h5f_protein.pdb,data/refined_set\5h5f\5h5f_pocket.pdb,data/refined_set\5h5f\5h5f_ligand.mol2,mol2,True,,refined
5h85,data/refined_set\5h85\5h85_protein.pdb,data/refined_set\5h85\5h85_pocket.pdb,data/refined_set\5h85\5h85_ligand.mol2,mol2,True,,refined
5h8e,data/refined_set\5h8e\5h8e_protein.pdb,data/refined_set\5h8e\5h8e_pocket.pdb,data/refined_set\5h8e\5h8e_ligand.mol2,mol2,True,,refined
5h8g,data/refined_set\5h8g\5h8g_protein.pdb,data/refined_set\5h8g\5h8g_pocket.pdb,data/refined_set\5h8g\5h8g_ligand.mol2,mol2,True,,refined
5h9r,data/refined_set\5h9r\5h9r_protein.pdb,data/refined_set\5h9r\5h9r_pocket.pdb,data/refined_set\5h9r\5h9r_ligand.mol2,mol2,True,,refined
5ha1,data/refined_set\5ha1\5ha1_protein.pdb,data/refined_set\5ha1\5ha1_pocket.pdb,data/refined_set\5ha1\5ha1_ligand.mol2,mol2,True,,refined
5hbn,data/refined_set\5hbn\5hbn_protein.pdb,data/refined_set\5hbn\5hbn_pocket.pdb,data/refined_set\5hbn\5hbn_ligand.mol2,mol2,True,,refined
5hbs,data/refined_set\5hbs\5hbs_protein.pdb,data/refined_set\5hbs\5hbs_pocket.pdb,data/refined_set\5hbs\5hbs_ligand.mol2,mol2,True,,refined
5hct,data/refined_set\5hct\5hct_protein.pdb,data/refined_set\5hct\5hct_pocket.pdb,data/refined_set\5hct\5hct_ligand.mol2,mol2,True,,refined
5hcv,data/refined_set\5hcv\5hcv_protein.pdb,data/refined_set\5hcv\5hcv_pocket.pdb,data/refined_set\5hcv\5hcv_ligand.mol2,mol2,True,,refined
5hcy,data/refined_set\5hcy\5hcy_protein.pdb,data/refined_set\5hcy\5hcy_pocket.pdb,data/refined_set\5hcy\5hcy_ligand.mol2,mol2,True,,refined
5hi7,data/refined_set\5hi7\5hi7_protein.pdb,data/refined_set\5hi7\5hi7_pocket.pdb,data/refined_set\5hi7\5hi7_ligand.mol2,mol2,True,,refined
5his,data/refined_set\5his\5his_protein.pdb,data/refined_set\5his\5his_pocket.pdb,data/refined_set\5his\5his_ligand.mol2,mol2,True,,refined
5hjq,data/refined_set\5hjq\5hjq_protein.pdb,data/refined_set\5hjq\5hjq_pocket.pdb,data/refined_set\5hjq\5hjq_ligand.mol2,mol2,True,,refined
5hrv,data/refined_set\5hrv\5hrv_protein.pdb,data/refined_set\5hrv\5hrv_pocket.pdb,data/refined_set\5hrv\5hrv_ligand.mol2,mol2,True,,refined
5hrw,data/refined_set\5hrw\5hrw_protein.pdb,data/refined_set\5hrw\5hrw_pocket.pdb,data/refined_set\5hrw\5hrw_ligand.mol2,mol2,True,,refined
5hrx,data/refined_set\5hrx\5hrx_protein.pdb,data/refined_set\5hrx\5hrx_pocket.pdb,data/refined_set\5hrx\5hrx_ligand.mol2,mol2,True,,refined
5htl,data/refined_set\5htl\5htl_protein.pdb,data/refined_set\5htl\5htl_pocket.pdb,data/refined_set\5htl\5htl_ligand.mol2,mol2,True,,refined
5htz,data/refined_set\5htz\5htz_protein.pdb,data/refined_set\5htz\5htz_pocket.pdb,data/refined_set\5htz\5htz_ligand.mol2,mol2,True,,refined
5hu9,data/refined_set\5hu9\5hu9_protein.pdb,data/refined_set\5hu9\5hu9_pocket.pdb,data/refined_set\5hu9\5hu9_ligand.mol2,mol2,True,,refined
5hva,data/refined_set\5hva\5hva_protein.pdb,data/refined_set\5hva\5hva_pocket.pdb,data/refined_set\5hva\5hva_ligand.mol2,mol2,True,,refined
5hvs,data/refined_set\5hvs\5hvs_protein.pdb,data/refined_set\5hvs\5hvs_pocket.pdb,data/refined_set\5hvs\5hvs_ligand.mol2,mol2,True,,refined
5hvt,data/refined_set\5hvt\5hvt_protein.pdb,data/refined_set\5hvt\5hvt_pocket.pdb,data/refined_set\5hvt\5hvt_ligand.mol2,mol2,True,,refined
5hwu,data/refined_set\5hwu\5hwu_protein.pdb,data/refined_set\5hwu\5hwu_pocket.pdb,data/refined_set\5hwu\5hwu_ligand.mol2,mol2,True,,refined
5hwv,data/refined_set\5hwv\5hwv_protein.pdb,data/refined_set\5hwv\5hwv_pocket.pdb,data/refined_set\5hwv\5hwv_ligand.mol2,mol2,True,,refined
5hz5,data/refined_set\5hz5\5hz5_protein.pdb,data/refined_set\5hz5\5hz5_pocket.pdb,data/refined_set\5hz5\5hz5_ligand.mol2,mol2,True,,refined
5hz6,data/refined_set\5hz6\5hz6_protein.pdb,data/refined_set\5hz6\5hz6_pocket.pdb,data/refined_set\5hz6\5hz6_ligand.mol2,mol2,True,,refined
5hz8,data/refined_set\5hz8\5hz8_protein.pdb,data/refined_set\5hz8\5hz8_pocket.pdb,data/refined_set\5hz8\5hz8_ligand.mol2,mol2,True,,refined
5hz9,data/refined_set\5hz9\5hz9_protein.pdb,data/refined_set\5hz9\5hz9_pocket.pdb,data/refined_set\5hz9\5hz9_ligand.mol2,mol2,True,,refined
5i1q,data/refined_set\5i1q\5i1q_protein.pdb,data/refined_set\5i1q\5i1q_pocket.pdb,data/refined_set\5i1q\5i1q_ligand.mol2,mol2,True,,refined
5i29,data/refined_set\5i29\5i29_protein.pdb,data/refined_set\5i29\5i29_pocket.pdb,data/refined_set\5i29\5i29_ligand.mol2,mol2,True,,refined
5i2e,data/refined_set\5i2e\5i2e_protein.pdb,data/refined_set\5i2e\5i2e_pocket.pdb,data/refined_set\5i2e\5i2e_ligand.mol2,mol2,True,,refined
5i2f,data/refined_set\5i2f\5i2f_protein.pdb,data/refined_set\5i2f\5i2f_pocket.pdb,data/refined_set\5i2f\5i2f_ligand.mol2,mol2,True,,refined
5i3a,data/refined_set\5i3a\5i3a_protein.pdb,data/refined_set\5i3a\5i3a_pocket.pdb,data/refined_set\5i3a\5i3a_ligand.mol2,mol2,True,,refined
5i3v,data/refined_set\5i3v\5i3v_protein.pdb,data/refined_set\5i3v\5i3v_pocket.pdb,data/refined_set\5i3v\5i3v_ligand.mol2,mol2,True,,refined
5i3w,data/refined_set\5i3w\5i3w_protein.pdb,data/refined_set\5i3w\5i3w_pocket.pdb,data/refined_set\5i3w\5i3w_ligand.mol2,mol2,True,,refined
5i3x,data/refined_set\5i3x\5i3x_protein.pdb,data/refined_set\5i3x\5i3x_pocket.pdb,data/refined_set\5i3x\5i3x_ligand.mol2,mol2,True,,refined
5i3y,data/refined_set\5i3y\5i3y_protein.pdb,data/refined_set\5i3y\5i3y_pocket.pdb,data/refined_set\5i3y\5i3y_ligand.mol2,mol2,True,,refined
5i7x,data/refined_set\5i7x\5i7x_protein.pdb,data/refined_set\5i7x\5i7x_pocket.pdb,data/refined_set\5i7x\5i7x_ligand.mol2,mol2,True,,refined
5i7y,data/refined_set\5i7y\5i7y_protein.pdb,data/refined_set\5i7y\5i7y_pocket.pdb,data/refined_set\5i7y\5i7y_ligand.mol2,mol2,True,,refined
5i80,data/refined_set\5i80\5i80_protein.pdb,data/refined_set\5i80\5i80_pocket.pdb,data/refined_set\5i80\5i80_ligand.mol2,mol2,True,,refined
5i88,data/refined_set\5i88\5i88_protein.pdb,data/refined_set\5i88\5i88_pocket.pdb,data/refined_set\5i88\5i88_ligand.mol2,mol2,True,,refined
5i8g,data/refined_set\5i8g\5i8g_protein.pdb,data/refined_set\5i8g\5i8g_pocket.pdb,data/refined_set\5i8g\5i8g_ligand.mol2,mol2,True,,refined
5i9x,data/refined_set\5i9x\5i9x_protein.pdb,data/refined_set\5i9x\5i9x_pocket.pdb,data/refined_set\5i9x\5i9x_ligand.mol2,mol2,True,,refined
5i9y,data/refined_set\5i9y\5i9y_protein.pdb,data/refined_set\5i9y\5i9y_pocket.pdb,data/refined_set\5i9y\5i9y_ligand.mol2,mol2,True,,refined
5i9z,data/refined_set\5i9z\5i9z_protein.pdb,data/refined_set\5i9z\5i9z_pocket.pdb,data/refined_set\5i9z\5i9z_ligand.mol2,mol2,True,,refined
5ia0,data/refined_set\5ia0\5ia0_protein.pdb,data/refined_set\5ia0\5ia0_pocket.pdb,data/refined_set\5ia0\5ia0_ligand.mol2,mol2,True,,refined
5ia1,data/refined_set\5ia1\5ia1_protein.pdb,data/refined_set\5ia1\5ia1_pocket.pdb,data/refined_set\5ia1\5ia1_ligand.mol2,mol2,True,,refined
5ia2,data/refined_set\5ia2\5ia2_protein.pdb,data/refined_set\5ia2\5ia2_pocket.pdb,data/refined_set\5ia2\5ia2_ligand.mol2,mol2,True,,refined
5ia3,data/refined_set\5ia3\5ia3_protein.pdb,data/refined_set\5ia3\5ia3_pocket.pdb,data/refined_set\5ia3\5ia3_ligand.mol2,mol2,True,,refined
5ia4,data/refined_set\5ia4\5ia4_protein.pdb,data/refined_set\5ia4\5ia4_pocket.pdb,data/refined_set\5ia4\5ia4_ligand.mol2,mol2,True,,refined
5ia5,data/refined_set\5ia5\5ia5_protein.pdb,data/refined_set\5ia5\5ia5_pocket.pdb,data/refined_set\5ia5\5ia5_ligand.mol2,mol2,True,,refined
5ie1,data/refined_set\5ie1\5ie1_protein.pdb,data/refined_set\5ie1\5ie1_pocket.pdb,data/refined_set\5ie1\5ie1_ligand.mol2,mol2,True,,refined
5igm,data/refined_set\5igm\5igm_protein.pdb,data/refined_set\5igm\5igm_pocket.pdb,data/refined_set\5igm\5igm_ligand.mol2,mol2,True,,refined
5ih9,data/refined_set\5ih9\5ih9_protein.pdb,data/refined_set\5ih9\5ih9_pocket.pdb,data/refined_set\5ih9\5ih9_ligand.mol2,mol2,True,,refined
5ihh,data/refined_set\5ihh\5ihh_protein.pdb,data/refined_set\5ihh\5ihh_pocket.pdb,data/refined_set\5ihh\5ihh_ligand.mol2,mol2,True,,refined
5ii2,data/refined_set\5ii2\5ii2_protein.pdb,data/refined_set\5ii2\5ii2_pocket.pdb,data/refined_set\5ii2\5ii2_ligand.mol2,mol2,True,,refined
5ijr,data/refined_set\5ijr\5ijr_protein.pdb,data/refined_set\5ijr\5ijr_pocket.pdb,data/refined_set\5ijr\5ijr_ligand.mol2,mol2,True,,refined
5ikb,data/refined_set\5ikb\5ikb_protein.pdb,data/refined_set\5ikb\5ikb_pocket.pdb,data/refined_set\5ikb\5ikb_ligand.mol2,mol2,True,,refined
5ime,data/refined_set\5ime\5ime_protein.pdb,data/refined_set\5ime\5ime_pocket.pdb,data/refined_set\5ime\5ime_ligand.mol2,mol2,True,,refined
5ioz,data/refined_set\5ioz\5ioz_protein.pdb,data/refined_set\5ioz\5ioz_pocket.pdb,data/refined_set\5ioz\5ioz_ligand.mol2,mol2,True,,refined
5ipc,data/refined_set\5ipc\5ipc_protein.pdb,data/refined_set\5ipc\5ipc_pocket.pdb,data/refined_set\5ipc\5ipc_ligand.mol2,mol2,True,,refined
5ipj,data/refined_set\5ipj\5ipj_protein.pdb,data/refined_set\5ipj\5ipj_pocket.pdb,data/refined_set\5ipj\5ipj_ligand.mol2,mol2,True,,refined
5irr,data/refined_set\5irr\5irr_protein.pdb,data/refined_set\5irr\5irr_pocket.pdb,data/refined_set\5irr\5irr_ligand.mol2,mol2,True,,refined
5isz,data/refined_set\5isz\5isz_protein.pdb,data/refined_set\5isz\5isz_pocket.pdb,data/refined_set\5isz\5isz_ligand.mol2,mol2,True,,refined
5ito,data/refined_set\5ito\5ito_protein.pdb,data/refined_set\5ito\5ito_pocket.pdb,data/refined_set\5ito\5ito_ligand.mol2,mol2,True,,refined
5itp,data/refined_set\5itp\5itp_protein.pdb,data/refined_set\5itp\5itp_pocket.pdb,data/refined_set\5itp\5itp_ligand.mol2,mol2,True,,refined
5ivc,data/refined_set\5ivc\5ivc_protein.pdb,data/refined_set\5ivc\5ivc_pocket.pdb,data/refined_set\5ivc\5ivc_ligand.mol2,mol2,True,,refined
5ive,data/refined_set\5ive\5ive_protein.pdb,data/refined_set\5ive\5ive_pocket.pdb,data/refined_set\5ive\5ive_ligand.mol2,mol2,True,,refined
5ivv,data/refined_set\5ivv\5ivv_protein.pdb,data/refined_set\5ivv\5ivv_pocket.pdb,data/refined_set\5ivv\5ivv_ligand.mol2,mol2,True,,refined
5ivy,data/refined_set\5ivy\5ivy_protein.pdb,data/refined_set\5ivy\5ivy_pocket.pdb,data/refined_set\5ivy\5ivy_ligand.mol2,mol2,True,,refined
5iwg,data/refined_set\5iwg\5iwg_protein.pdb,data/refined_set\5iwg\5iwg_pocket.pdb,data/refined_set\5iwg\5iwg_ligand.mol2,mol2,True,,refined
5ix0,data/refined_set\5ix0\5ix0_protein.pdb,data/refined_set\5ix0\5ix0_pocket.pdb,data/refined_set\5ix0\5ix0_ligand.mol2,mol2,True,,refined
5iyy,data/refined_set\5iyy\5iyy_protein.pdb,data/refined_set\5iyy\5iyy_pocket.pdb,data/refined_set\5iyy\5iyy_ligand.mol2,mol2,True,,refined
5izf,data/refined_set\5izf\5izf_protein.pdb,data/refined_set\5izf\5izf_pocket.pdb,data/refined_set\5izf\5izf_ligand.mol2,mol2,True,,refined
5izj,data/refined_set\5izj\5izj_protein.pdb,data/refined_set\5izj\5izj_pocket.pdb,data/refined_set\5izj\5izj_ligand.mol2,mol2,True,,refined
5j0d,data/refined_set\5j0d\5j0d_protein.pdb,data/refined_set\5j0d\5j0d_pocket.pdb,data/refined_set\5j0d\5j0d_ligand.mol2,mol2,True,,refined
5j1r,data/refined_set\5j1r\5j1r_protein.pdb,data/refined_set\5j1r\5j1r_pocket.pdb,data/refined_set\5j1r\5j1r_ligand.mol2,mol2,True,,refined
5j1x,data/refined_set\5j1x\5j1x_protein.pdb,data/refined_set\5j1x\5j1x_pocket.pdb,data/refined_set\5j1x\5j1x_ligand.mol2,mol2,True,,refined
5j20,data/refined_set\5j20\5j20_protein.pdb,data/refined_set\5j20\5j20_pocket.pdb,data/refined_set\5j20\5j20_ligand.mol2,mol2,True,,refined
5j27,data/refined_set\5j27\5j27_protein.pdb,data/refined_set\5j27\5j27_pocket.pdb,data/refined_set\5j27\5j27_ligand.mol2,mol2,True,,refined
5j2x,data/refined_set\5j2x\5j2x_protein.pdb,data/refined_set\5j2x\5j2x_pocket.pdb,data/refined_set\5j2x\5j2x_ligand.mol2,mol2,True,,refined
5j3l,data/refined_set\5j3l\5j3l_protein.pdb,data/refined_set\5j3l\5j3l_pocket.pdb,data/refined_set\5j3l\5j3l_ligand.mol2,mol2,True,,refined
5j41,data/refined_set\5j41\5j41_protein.pdb,data/refined_set\5j41\5j41_pocket.pdb,data/refined_set\5j41\5j41_ligand.mol2,mol2,True,,refined
5j64,data/refined_set\5j64\5j64_protein.pdb,data/refined_set\5j64\5j64_pocket.pdb,data/refined_set\5j64\5j64_ligand.mol2,mol2,True,,refined
5j6a,data/refined_set\5j6a\5j6a_protein.pdb,data/refined_set\5j6a\5j6a_pocket.pdb,data/refined_set\5j6a\5j6a_ligand.mol2,mol2,True,,refined
5j6l,data/refined_set\5j6l\5j6l_protein.pdb,data/refined_set\5j6l\5j6l_pocket.pdb,data/refined_set\5j6l\5j6l_ligand.mol2,mol2,True,,refined
5j6m,data/refined_set\5j6m\5j6m_protein.pdb,data/refined_set\5j6m\5j6m_pocket.pdb,data/refined_set\5j6m\5j6m_ligand.mol2,mol2,True,,refined
5j6n,data/refined_set\5j6n\5j6n_protein.pdb,data/refined_set\5j6n\5j6n_pocket.pdb,data/refined_set\5j6n\5j6n_ligand.mol2,mol2,True,,refined
5j7q,data/refined_set\5j7q\5j7q_protein.pdb,data/refined_set\5j7q\5j7q_pocket.pdb,data/refined_set\5j7q\5j7q_ligand.mol2,mol2,True,,refined
5j7w,data/refined_set\5j7w\5j7w_protein.pdb,data/refined_set\5j7w\5j7w_pocket.pdb,data/refined_set\5j7w\5j7w_ligand.mol2,mol2,True,,refined
5j82,data/refined_set\5j82\5j82_protein.pdb,data/refined_set\5j82\5j82_pocket.pdb,data/refined_set\5j82\5j82_ligand.mol2,mol2,True,,refined
5j86,data/refined_set\5j86\5j86_protein.pdb,data/refined_set\5j86\5j86_pocket.pdb,data/refined_set\5j86\5j86_ligand.mol2,mol2,True,,refined
5j8m,data/refined_set\5j8m\5j8m_protein.pdb,data/refined_set\5j8m\5j8m_pocket.pdb,data/refined_set\5j8m\5j8m_ligand.mol2,mol2,True,,refined
5j8u,data/refined_set\5j8u\5j8u_protein.pdb,data/refined_set\5j8u\5j8u_pocket.pdb,data/refined_set\5j8u\5j8u_ligand.mol2,mol2,True,,refined
5j8z,data/refined_set\5j8z\5j8z_protein.pdb,data/refined_set\5j8z\5j8z_pocket.pdb,data/refined_set\5j8z\5j8z_ligand.mol2,mol2,True,,refined
5j9x,data/refined_set\5j9x\5j9x_protein.pdb,data/refined_set\5j9x\5j9x_pocket.pdb,data/refined_set\5j9x\5j9x_ligand.mol2,mol2,True,,refined
5ja0,data/refined_set\5ja0\5ja0_protein.pdb,data/refined_set\5ja0\5ja0_pocket.pdb,data/refined_set\5ja0\5ja0_ligand.mol2,mol2,True,,refined
5jfp,data/refined_set\5jfp\5jfp_protein.pdb,data/refined_set\5jfp\5jfp_pocket.pdb,data/refined_set\5jfp\5jfp_ligand.mol2,mol2,True,,refined
5jfu,data/refined_set\5jfu\5jfu_protein.pdb,data/refined_set\5jfu\5jfu_pocket.pdb,data/refined_set\5jfu\5jfu_ligand.mol2,mol2,True,,refined
5jg1,data/refined_set\5jg1\5jg1_protein.pdb,data/refined_set\5jg1\5jg1_pocket.pdb,data/refined_set\5jg1\5jg1_ligand.mol2,mol2,True,,refined
5jgi,data/refined_set\5jgi\5jgi_protein.pdb,data/refined_set\5jgi\5jgi_pocket.pdb,data/refined_set\5jgi\5jgi_ligand.mol2,mol2,True,,refined
5jgq,data/refined_set\5jgq\5jgq_protein.pdb,data/refined_set\5jgq\5jgq_pocket.pdb,data/refined_set\5jgq\5jgq_ligand.mol2,mol2,True,,refined
5jhb,data/refined_set\5jhb\5jhb_protein.pdb,data/refined_set\5jhb\5jhb_pocket.pdb,data/refined_set\5jhb\5jhb_ligand.mol2,mol2,True,,refined
5jhk,data/refined_set\5jhk\5jhk_protein.pdb,data/refined_set\5jhk\5jhk_pocket.pdb,data/refined_set\5jhk\5jhk_ligand.mol2,mol2,True,,refined
5ji8,data/refined_set\5ji8\5ji8_protein.pdb,data/refined_set\5ji8\5ji8_pocket.pdb,data/refined_set\5ji8\5ji8_ligand.mol2,mol2,True,,refined
5jop,data/refined_set\5jop\5jop_protein.pdb,data/refined_set\5jop\5jop_pocket.pdb,data/refined_set\5jop\5jop_ligand.mol2,mol2,True,,refined
5jox,data/refined_set\5jox\5jox_protein.pdb,data/refined_set\5jox\5jox_pocket.pdb,data/refined_set\5jox\5jox_ligand.mol2,mol2,True,,refined
5jq5,data/refined_set\5jq5\5jq5_protein.pdb,data/refined_set\5jq5\5jq5_pocket.pdb,data/refined_set\5jq5\5jq5_ligand.mol2,mol2,True,,refined
5js3,data/refined_set\5js3\5js3_protein.pdb,data/refined_set\5js3\5js3_pocket.pdb,data/refined_set\5js3\5js3_ligand.mol2,mol2,True,,refined
5jsg,data/refined_set\5jsg\5jsg_protein.pdb,data/refined_set\5jsg\5jsg_pocket.pdb,data/refined_set\5jsg\5jsg_ligand.mol2,mol2,True,,refined
5jsj,data/refined_set\5jsj\5jsj_protein.pdb,data/refined_set\5jsj\5jsj_pocket.pdb,data/refined_set\5jsj\5jsj_ligand.mol2,mol2,True,,refined
5jsq,data/refined_set\5jsq\5jsq_protein.pdb,data/refined_set\5jsq\5jsq_pocket.pdb,data/refined_set\5jsq\5jsq_ligand.mol2,mol2,True,,refined
5jss,data/refined_set\5jss\5jss_protein.pdb,data/refined_set\5jss\5jss_pocket.pdb,data/refined_set\5jss\5jss_ligand.mol2,mol2,True,,refined
5jt9,data/refined_set\5jt9\5jt9_protein.pdb,data/refined_set\5jt9\5jt9_pocket.pdb,data/refined_set\5jt9\5jt9_ligand.mol2,mol2,True,,refined
5jvi,data/refined_set\5jvi\5jvi_protein.pdb,data/refined_set\5jvi\5jvi_pocket.pdb,data/refined_set\5jvi\5jvi_ligand.mol2,mol2,True,,refined
5jxn,data/refined_set\5jxn\5jxn_protein.pdb,data/refined_set\5jxn\5jxn_pocket.pdb,data/refined_set\5jxn\5jxn_ligand.mol2,mol2,True,,refined
5jxq,data/refined_set\5jxq\5jxq_protein.pdb,data/refined_set\5jxq\5jxq_pocket.pdb,data/refined_set\5jxq\5jxq_ligand.mol2,mol2,True,,refined
5jy3,data/refined_set\5jy3\5jy3_protein.pdb,data/refined_set\5jy3\5jy3_pocket.pdb,data/refined_set\5jy3\5jy3_ligand.mol2,mol2,True,,refined
5jzi,data/refined_set\5jzi\5jzi_protein.pdb,data/refined_set\5jzi\5jzi_pocket.pdb,data/refined_set\5jzi\5jzi_ligand.mol2,mol2,True,,refined
5k03,data/refined_set\5k03\5k03_protein.pdb,data/refined_set\5k03\5k03_pocket.pdb,data/refined_set\5k03\5k03_ligand.mol2,mol2,True,,refined
5k0h,data/refined_set\5k0h\5k0h_protein.pdb,data/refined_set\5k0h\5k0h_pocket.pdb,data/refined_set\5k0h\5k0h_ligand.mol2,mol2,True,,refined
5k0m,data/refined_set\5k0m\5k0m_protein.pdb,data/refined_set\5k0m\5k0m_pocket.pdb,data/refined_set\5k0m\5k0m_ligand.mol2,mol2,True,,refined
5k1d,data/refined_set\5k1d\5k1d_protein.pdb,data/refined_set\5k1d\5k1d_pocket.pdb,data/refined_set\5k1d\5k1d_ligand.mol2,mol2,True,,refined
5k1f,data/refined_set\5k1f\5k1f_protein.pdb,data/refined_set\5k1f\5k1f_pocket.pdb,data/refined_set\5k1f\5k1f_ligand.mol2,mol2,True,,refined
5k8s,data/refined_set\5k8s\5k8s_protein.pdb,data/refined_set\5k8s\5k8s_pocket.pdb,data/refined_set\5k8s\5k8s_ligand.mol2,mol2,True,,refined
5k9w,data/refined_set\5k9w\5k9w_protein.pdb,data/refined_set\5k9w\5k9w_pocket.pdb,data/refined_set\5k9w\5k9w_ligand.mol2,mol2,True,,refined
5ka1,data/refined_set\5ka1\5ka1_protein.pdb,data/refined_set\5ka1\5ka1_pocket.pdb,data/refined_set\5ka1\5ka1_ligand.mol2,mol2,True,,refined
5ka7,data/refined_set\5ka7\5ka7_protein.pdb,data/refined_set\5ka7\5ka7_pocket.pdb,data/refined_set\5ka7\5ka7_ligand.mol2,mol2,True,,refined
5ka9,data/refined_set\5ka9\5ka9_protein.pdb,data/refined_set\5ka9\5ka9_pocket.pdb,data/refined_set\5ka9\5ka9_ligand.mol2,mol2,True,,refined
5kab,data/refined_set\5kab\5kab_protein.pdb,data/refined_set\5kab\5kab_pocket.pdb,data/refined_set\5kab\5kab_ligand.mol2,mol2,True,,refined
5kad,data/refined_set\5kad\5kad_protein.pdb,data/refined_set\5kad\5kad_pocket.pdb,data/refined_set\5kad\5kad_ligand.mol2,mol2,True,,refined
5kat,data/refined_set\5kat\5kat_protein.pdb,data/refined_set\5kat\5kat_pocket.pdb,data/refined_set\5kat\5kat_ligand.mol2,mol2,True,,refined
5kax,data/refined_set\5kax\5kax_protein.pdb,data/refined_set\5kax\5kax_pocket.pdb,data/refined_set\5kax\5kax_ligand.mol2,mol2,True,,refined
5kbe,data/refined_set\5kbe\5kbe_protein.pdb,data/refined_set\5kbe\5kbe_pocket.pdb,data/refined_set\5kbe\5kbe_ligand.mol2,mol2,True,,refined
5kby,data/refined_set\5kby\5kby_protein.pdb,data/refined_set\5kby\5kby_pocket.pdb,data/refined_set\5kby\5kby_ligand.mol2,mol2,True,,refined
5kcb,data/refined_set\5kcb\5kcb_protein.pdb,data/refined_set\5kcb\5kcb_pocket.pdb,data/refined_set\5kcb\5kcb_ligand.mol2,mol2,True,,refined
5kej,data/refined_set\5kej\5kej_protein.pdb,data/refined_set\5kej\5kej_pocket.pdb,data/refined_set\5kej\5kej_ligand.mol2,mol2,True,,refined
5kh3,data/refined_set\5kh3\5kh3_protein.pdb,data/refined_set\5kh3\5kh3_pocket.pdb,data/refined_set\5kh3\5kh3_ligand.mol2,mol2,True,,refined
5khm,data/refined_set\5khm\5khm_protein.pdb,data/refined_set\5khm\5khm_pocket.pdb,data/refined_set\5khm\5khm_ligand.mol2,mol2,True,,refined
5kly,data/refined_set\5kly\5kly_protein.pdb,data/refined_set\5kly\5kly_pocket.pdb,data/refined_set\5kly\5kly_ligand.mol2,mol2,True,,refined
5km9,data/refined_set\5km9\5km9_protein.pdb,data/refined_set\5km9\5km9_pocket.pdb,data/refined_set\5km9\5km9_ligand.mol2,mol2,True,,refined
5kma,data/refined_set\5kma\5kma_protein.pdb,data/refined_set\5kma\5kma_pocket.pdb,data/refined_set\5kma\5kma_ligand.mol2,mol2,True,,refined
5ko1,data/refined_set\5ko1\5ko1_protein.pdb,data/refined_set\5ko1\5ko1_pocket.pdb,data/refined_set\5ko1\5ko1_ligand.mol2,mol2,True,,refined
5ko5,data/refined_set\5ko5\5ko5_protein.pdb,data/refined_set\5ko5\5ko5_pocket.pdb,data/refined_set\5ko5\5ko5_ligand.mol2,mol2,True,,refined
5kqx,data/refined_set\5kqx\5kqx_protein.pdb,data/refined_set\5kqx\5kqx_pocket.pdb,data/refined_set\5kqx\5kqx_ligand.mol2,mol2,True,,refined
5kqy,data/refined_set\5kqy\5kqy_protein.pdb,data/refined_set\5kqy\5kqy_pocket.pdb,data/refined_set\5kqy\5kqy_ligand.mol2,mol2,True,,refined
5kr0,data/refined_set\5kr0\5kr0_protein.pdb,data/refined_set\5kr0\5kr0_pocket.pdb,data/refined_set\5kr0\5kr0_ligand.mol2,mol2,True,,refined
5kr1,data/refined_set\5kr1\5kr1_protein.pdb,data/refined_set\5kr1\5kr1_pocket.pdb,data/refined_set\5kr1\5kr1_ligand.mol2,mol2,True,,refined
5kr2,data/refined_set\5kr2\5kr2_protein.pdb,data/refined_set\5kr2\5kr2_pocket.pdb,data/refined_set\5kr2\5kr2_ligand.mol2,mol2,True,,refined
5kva,data/refined_set\5kva\5kva_protein.pdb,data/refined_set\5kva\5kva_pocket.pdb,data/refined_set\5kva\5kva_ligand.mol2,mol2,True,,refined
5kz0,data/refined_set\5kz0\5kz0_protein.pdb,data/refined_set\5kz0\5kz0_pocket.pdb,data/refined_set\5kz0\5kz0_ligand.mol2,mol2,True,,refined
5l2s,data/refined_set\5l2s\5l2s_protein.pdb,data/refined_set\5l2s\5l2s_pocket.pdb,data/refined_set\5l2s\5l2s_ligand.mol2,mol2,True,,refined
5l30,data/refined_set\5l30\5l30_protein.pdb,data/refined_set\5l30\5l30_pocket.pdb,data/refined_set\5l30\5l30_ligand.mol2,mol2,True,,refined
5l3a,data/refined_set\5l3a\5l3a_protein.pdb,data/refined_set\5l3a\5l3a_pocket.pdb,data/refined_set\5l3a\5l3a_ligand.mol2,mol2,True,,refined
5l4i,data/refined_set\5l4i\5l4i_protein.pdb,data/refined_set\5l4i\5l4i_pocket.pdb,data/refined_set\5l4i\5l4i_ligand.mol2,mol2,True,,refined
5l4j,data/refined_set\5l4j\5l4j_protein.pdb,data/refined_set\5l4j\5l4j_pocket.pdb,data/refined_set\5l4j\5l4j_ligand.mol2,mol2,True,,refined
5l4m,data/refined_set\5l4m\5l4m_protein.pdb,data/refined_set\5l4m\5l4m_pocket.pdb,data/refined_set\5l4m\5l4m_ligand.mol2,mol2,True,,refined
5l7e,data/refined_set\5l7e\5l7e_protein.pdb,data/refined_set\5l7e\5l7e_pocket.pdb,data/refined_set\5l7e\5l7e_ligand.mol2,mol2,True,,refined
5l7g,data/refined_set\5l7g\5l7g_protein.pdb,data/refined_set\5l7g\5l7g_pocket.pdb,data/refined_set\5l7g\5l7g_ligand.mol2,mol2,True,,refined
5l7h,data/refined_set\5l7h\5l7h_protein.pdb,data/refined_set\5l7h\5l7h_pocket.pdb,data/refined_set\5l7h\5l7h_ligand.mol2,mol2,True,,refined
5l8a,data/refined_set\5l8a\5l8a_protein.pdb,data/refined_set\5l8a\5l8a_pocket.pdb,data/refined_set\5l8a\5l8a_ligand.mol2,mol2,True,,refined
5l8c,data/refined_set\5l8c\5l8c_protein.pdb,data/refined_set\5l8c\5l8c_pocket.pdb,data/refined_set\5l8c\5l8c_ligand.mol2,mol2,True,,refined
5l8y,data/refined_set\5l8y\5l8y_protein.pdb,data/refined_set\5l8y\5l8y_pocket.pdb,data/refined_set\5l8y\5l8y_ligand.mol2,mol2,True,,refined
5l9g,data/refined_set\5l9g\5l9g_protein.pdb,data/refined_set\5l9g\5l9g_pocket.pdb,data/refined_set\5l9g\5l9g_ligand.mol2,mol2,True,,refined
5l9i,data/refined_set\5l9i\5l9i_protein.pdb,data/refined_set\5l9i\5l9i_pocket.pdb,data/refined_set\5l9i\5l9i_ligand.mol2,mol2,True,,refined
5l9l,data/refined_set\5l9l\5l9l_protein.pdb,data/refined_set\5l9l\5l9l_pocket.pdb,data/refined_set\5l9l\5l9l_ligand.mol2,mol2,True,,refined
5l9o,data/refined_set\5l9o\5l9o_protein.pdb,data/refined_set\5l9o\5l9o_pocket.pdb,data/refined_set\5l9o\5l9o_ligand.mol2,mol2,True,,refined
5laq,data/refined_set\5laq\5laq_protein.pdb,data/refined_set\5laq\5laq_pocket.pdb,data/refined_set\5laq\5laq_ligand.mol2,mol2,True,,refined
5ld8,data/refined_set\5ld8\5ld8_protein.pdb,data/refined_set\5ld8\5ld8_pocket.pdb,data/refined_set\5ld8\5ld8_ligand.mol2,mol2,True,,refined
5ldm,data/refined_set\5ldm\5ldm_protein.pdb,data/refined_set\5ldm\5ldm_pocket.pdb,data/refined_set\5ldm\5ldm_ligand.mol2,mol2,True,,refined
5ldp,data/refined_set\5ldp\5ldp_protein.pdb,data/refined_set\5ldp\5ldp_pocket.pdb,data/refined_set\5ldp\5ldp_ligand.mol2,mol2,True,,refined
5lif,data/refined_set\5lif\5lif_protein.pdb,data/refined_set\5lif\5lif_pocket.pdb,data/refined_set\5lif\5lif_ligand.mol2,mol2,True,,refined
5ljq,data/refined_set\5ljq\5ljq_protein.pdb,data/refined_set\5ljq\5ljq_pocket.pdb,data/refined_set\5ljq\5ljq_ligand.mol2,mol2,True,,refined
5ljt,data/refined_set\5ljt\5ljt_protein.pdb,data/refined_set\5ljt\5ljt_pocket.pdb,data/refined_set\5ljt\5ljt_ligand.mol2,mol2,True,,refined
5llc,data/refined_set\5llc\5llc_protein.pdb,data/refined_set\5llc\5llc_pocket.pdb,data/refined_set\5llc\5llc_ligand.mol2,mol2,True,,refined
5lle,data/refined_set\5lle\5lle_protein.pdb,data/refined_set\5lle\5lle_pocket.pdb,data/refined_set\5lle\5lle_ligand.mol2,mol2,True,,refined
5llg,data/refined_set\5llg\5llg_protein.pdb,data/refined_set\5llg\5llg_pocket.pdb,data/refined_set\5llg\5llg_ligand.mol2,mol2,True,,refined
5llh,data/refined_set\5llh\5llh_protein.pdb,data/refined_set\5llh\5llh_pocket.pdb,data/refined_set\5llh\5llh_ligand.mol2,mol2,True,,refined
5lli,data/refined_set\5lli\5lli_protein.pdb,data/refined_set\5lli\5lli_pocket.pdb,data/refined_set\5lli\5lli_ligand.mol2,mol2,True,,refined
5llo,data/refined_set\5llo\5llo_protein.pdb,data/refined_set\5llo\5llo_pocket.pdb,data/refined_set\5llo\5llo_ligand.mol2,mol2,True,,refined
5llp,data/refined_set\5llp\5llp_protein.pdb,data/refined_set\5llp\5llp_pocket.pdb,data/refined_set\5llp\5llp_ligand.mol2,mol2,True,,refined
5lne,data/refined_set\5lne\5lne_protein.pdb,data/refined_set\5lne\5lne_pocket.pdb,data/refined_set\5lne\5lne_ligand.mol2,mol2,True,,refined
5lny,data/refined_set\5lny\5lny_protein.pdb,data/refined_set\5lny\5lny_pocket.pdb,data/refined_set\5lny\5lny_ligand.mol2,mol2,True,,refined
5lom,data/refined_set\5lom\5lom_protein.pdb,data/refined_set\5lom\5lom_pocket.pdb,data/refined_set\5lom\5lom_ligand.mol2,mol2,True,,refined
5lsg,data/refined_set\5lsg\5lsg_protein.pdb,data/refined_set\5lsg\5lsg_pocket.pdb,data/refined_set\5lsg\5lsg_ligand.mol2,mol2,True,,refined
5lsh,data/refined_set\5lsh\5lsh_protein.pdb,data/refined_set\5lsh\5lsh_pocket.pdb,data/refined_set\5lsh\5lsh_ligand.mol2,mol2,True,,refined
5lso,data/refined_set\5lso\5lso_protein.pdb,data/refined_set\5lso\5lso_pocket.pdb,data/refined_set\5lso\5lso_ligand.mol2,mol2,True,,refined
5ltn,data/refined_set\5ltn\5ltn_protein.pdb,data/refined_set\5ltn\5ltn_pocket.pdb,data/refined_set\5ltn\5ltn_ligand.mol2,mol2,True,,refined
5lud,data/refined_set\5lud\5lud_protein.pdb,data/refined_set\5lud\5lud_pocket.pdb,data/refined_set\5lud\5lud_ligand.mol2,mol2,True,,refined
5lvd,data/refined_set\5lvd\5lvd_protein.pdb,data/refined_set\5lvd\5lvd_pocket.pdb,data/refined_set\5lvd\5lvd_ligand.mol2,mol2,True,,refined
5lvl,data/refined_set\5lvl\5lvl_protein.pdb,data/refined_set\5lvl\5lvl_pocket.pdb,data/refined_set\5lvl\5lvl_ligand.mol2,mol2,True,,refined
5lvq,data/refined_set\5lvq\5lvq_protein.pdb,data/refined_set\5lvq\5lvq_pocket.pdb,data/refined_set\5lvq\5lvq_ligand.mol2,mol2,True,,refined
5lvr,data/refined_set\5lvr\5lvr_protein.pdb,data/refined_set\5lvr\5lvr_pocket.pdb,data/refined_set\5lvr\5lvr_ligand.mol2,mol2,True,,refined
5lwd,data/refined_set\5lwd\5lwd_protein.pdb,data/refined_set\5lwd\5lwd_pocket.pdb,data/refined_set\5lwd\5lwd_ligand.mol2,mol2,True,,refined
5lwm,data/refined_set\5lwm\5lwm_protein.pdb,data/refined_set\5lwm\5lwm_pocket.pdb,data/refined_set\5lwm\5lwm_ligand.mol2,mol2,True,,refined
5lyn,data/refined_set\5lyn\5lyn_protein.pdb,data/refined_set\5lyn\5lyn_pocket.pdb,data/refined_set\5lyn\5lyn_ligand.mol2,mol2,True,,refined
5lyr,data/refined_set\5lyr\5lyr_protein.pdb,data/refined_set\5lyr\5lyr_pocket.pdb,data/refined_set\5lyr\5lyr_ligand.mol2,mol2,True,,refined
5lz4,data/refined_set\5lz4\5lz4_protein.pdb,data/refined_set\5lz4\5lz4_pocket.pdb,data/refined_set\5lz4\5lz4_ligand.mol2,mol2,True,,refined
5lz5,data/refined_set\5lz5\5lz5_protein.pdb,data/refined_set\5lz5\5lz5_pocket.pdb,data/refined_set\5lz5\5lz5_ligand.mol2,mol2,True,,refined
5lz7,data/refined_set\5lz7\5lz7_protein.pdb,data/refined_set\5lz7\5lz7_pocket.pdb,data/refined_set\5lz7\5lz7_ligand.mol2,mol2,True,,refined
5m04,data/refined_set\5m04\5m04_protein.pdb,data/refined_set\5m04\5m04_pocket.pdb,data/refined_set\5m04\5m04_ligand.mol2,mol2,True,,refined
5m17,data/refined_set\5m17\5m17_protein.pdb,data/refined_set\5m17\5m17_pocket.pdb,data/refined_set\5m17\5m17_ligand.mol2,mol2,True,,refined
5m23,data/refined_set\5m23\5m23_protein.pdb,data/refined_set\5m23\5m23_pocket.pdb,data/refined_set\5m23\5m23_ligand.mol2,mol2,True,,refined
5m25,data/refined_set\5m25\5m25_protein.pdb,data/refined_set\5m25\5m25_pocket.pdb,data/refined_set\5m25\5m25_ligand.mol2,mol2,True,,refined
5m28,data/refined_set\5m28\5m28_protein.pdb,data/refined_set\5m28\5m28_pocket.pdb,data/refined_set\5m28\5m28_ligand.mol2,mol2,True,,refined
5m5d,data/refined_set\5m5d\5m5d_protein.pdb,data/refined_set\5m5d\5m5d_pocket.pdb,data/refined_set\5m5d\5m5d_ligand.mol2,mol2,True,,refined
5m77,data/refined_set\5m77\5m77_protein.pdb,data/refined_set\5m77\5m77_pocket.pdb,data/refined_set\5m77\5m77_ligand.mol2,mol2,True,,refined
5m7s,data/refined_set\5m7s\5m7s_protein.pdb,data/refined_set\5m7s\5m7s_pocket.pdb,data/refined_set\5m7s\5m7s_ligand.mol2,mol2,True,,refined
5m7u,data/refined_set\5m7u\5m7u_protein.pdb,data/refined_set\5m7u\5m7u_pocket.pdb,data/refined_set\5m7u\5m7u_ligand.mol2,mol2,True,,refined
5m9w,data/refined_set\5m9w\5m9w_protein.pdb,data/refined_set\5m9w\5m9w_pocket.pdb,data/refined_set\5m9w\5m9w_ligand.mol2,mol2,True,,refined
5ma7,data/refined_set\5ma7\5ma7_protein.pdb,data/refined_set\5ma7\5ma7_pocket.pdb,data/refined_set\5ma7\5ma7_ligand.mol2,mol2,True,,refined
5mby,data/refined_set\5mby\5mby_protein.pdb,data/refined_set\5mby\5mby_pocket.pdb,data/refined_set\5mby\5mby_ligand.mol2,mol2,True,,refined
5meh,data/refined_set\5meh\5meh_protein.pdb,data/refined_set\5meh\5meh_pocket.pdb,data/refined_set\5meh\5meh_ligand.mol2,mol2,True,,refined
5mek,data/refined_set\5mek\5mek_protein.pdb,data/refined_set\5mek\5mek_pocket.pdb,data/refined_set\5mek\5mek_ligand.mol2,mol2,True,,refined
5mes,data/refined_set\5mes\5mes_protein.pdb,data/refined_set\5mes\5mes_pocket.pdb,data/refined_set\5mes\5mes_ligand.mol2,mol2,True,,refined
5mg2,data/refined_set\5mg2\5mg2_protein.pdb,data/refined_set\5mg2\5mg2_pocket.pdb,data/refined_set\5mg2\5mg2_ligand.mol2,mol2,True,,refined
5mge,data/refined_set\5mge\5mge_protein.pdb,data/refined_set\5mge\5mge_pocket.pdb,data/refined_set\5mge\5mge_ligand.mol2,mol2,True,,refined
5mgf,data/refined_set\5mgf\5mgf_protein.pdb,data/refined_set\5mgf\5mgf_pocket.pdb,data/refined_set\5mgf\5mgf_ligand.mol2,mol2,True,,refined
5mgj,data/refined_set\5mgj\5mgj_protein.pdb,data/refined_set\5mgj\5mgj_pocket.pdb,data/refined_set\5mgj\5mgj_ligand.mol2,mol2,True,,refined
5mgk,data/refined_set\5mgk\5mgk_protein.pdb,data/refined_set\5mgk\5mgk_pocket.pdb,data/refined_set\5mgk\5mgk_ligand.mol2,mol2,True,,refined
5mjn,data/refined_set\5mjn\5mjn_protein.pdb,data/refined_set\5mjn\5mjn_pocket.pdb,data/refined_set\5mjn\5mjn_ligand.mol2,mol2,True,,refined
5mkr,data/refined_set\5mkr\5mkr_protein.pdb,data/refined_set\5mkr\5mkr_pocket.pdb,data/refined_set\5mkr\5mkr_ligand.mol2,mol2,True,,refined
5mks,data/refined_set\5mks\5mks_protein.pdb,data/refined_set\5mks\5mks_pocket.pdb,data/refined_set\5mks\5mks_ligand.mol2,mol2,True,,refined
5mlj,data/refined_set\5mlj\5mlj_protein.pdb,data/refined_set\5mlj\5mlj_pocket.pdb,data/refined_set\5mlj\5mlj_ligand.mol2,mol2,True,,refined
5mme,data/refined_set\5mme\5mme_protein.pdb,data/refined_set\5mme\5mme_pocket.pdb,data/refined_set\5mme\5mme_ligand.mol2,mol2,True,,refined
5mmg,data/refined_set\5mmg\5mmg_protein.pdb,data/refined_set\5mmg\5mmg_pocket.pdb,data/refined_set\5mmg\5mmg_ligand.mol2,mol2,True,,refined
5mn1,data/refined_set\5mn1\5mn1_protein.pdb,data/refined_set\5mn1\5mn1_pocket.pdb,data/refined_set\5mn1\5mn1_ligand.mol2,mol2,True,,refined
5mnn,data/refined_set\5mnn\5mnn_protein.pdb,data/refined_set\5mnn\5mnn_pocket.pdb,data/refined_set\5mnn\5mnn_ligand.mol2,mol2,True,,refined
5mnr,data/refined_set\5mnr\5mnr_protein.pdb,data/refined_set\5mnr\5mnr_pocket.pdb,data/refined_set\5mnr\5mnr_ligand.mol2,mol2,True,,refined
5mo8,data/refined_set\5mo8\5mo8_protein.pdb,data/refined_set\5mo8\5mo8_pocket.pdb,data/refined_set\5mo8\5mo8_ligand.mol2,mol2,True,,refined
5mod,data/refined_set\5mod\5mod_protein.pdb,data/refined_set\5mod\5mod_pocket.pdb,data/refined_set\5mod\5mod_ligand.mol2,mol2,True,,refined
5mpk,data/refined_set\5mpk\5mpk_protein.pdb,data/refined_set\5mpk\5mpk_pocket.pdb,data/refined_set\5mpk\5mpk_ligand.mol2,mol2,True,,refined
5mpn,data/refined_set\5mpn\5mpn_protein.pdb,data/refined_set\5mpn\5mpn_pocket.pdb,data/refined_set\5mpn\5mpn_ligand.mol2,mol2,True,,refined
5mpz,data/refined_set\5mpz\5mpz_protein.pdb,data/refined_set\5mpz\5mpz_pocket.pdb,data/refined_set\5mpz\5mpz_ligand.mol2,mol2,True,,refined
5mqe,data/refined_set\5mqe\5mqe_protein.pdb,data/refined_set\5mqe\5mqe_pocket.pdb,data/refined_set\5mqe\5mqe_ligand.mol2,mol2,True,,refined
5mrb,data/refined_set\5mrb\5mrb_protein.pdb,data/refined_set\5mrb\5mrb_pocket.pdb,data/refined_set\5mrb\5mrb_ligand.mol2,mol2,True,,refined
5mrm,data/refined_set\5mrm\5mrm_protein.pdb,data/refined_set\5mrm\5mrm_pocket.pdb,data/refined_set\5mrm\5mrm_ligand.mol2,mol2,True,,refined
5mro,data/refined_set\5mro\5mro_protein.pdb,data/refined_set\5mro\5mro_pocket.pdb,data/refined_set\5mro\5mro_ligand.mol2,mol2,True,,refined
5mrp,data/refined_set\5mrp\5mrp_protein.pdb,data/refined_set\5mrp\5mrp_pocket.pdb,data/refined_set\5mrp\5mrp_ligand.mol2,mol2,True,,refined
5msb,data/refined_set\5msb\5msb_protein.pdb,data/refined_set\5msb\5msb_pocket.pdb,data/refined_set\5msb\5msb_ligand.mol2,mol2,True,,refined
5mwh,data/refined_set\5mwh\5mwh_protein.pdb,data/refined_set\5mwh\5mwh_pocket.pdb,data/refined_set\5mwh\5mwh_ligand.mol2,mol2,True,,refined
5mwp,data/refined_set\5mwp\5mwp_protein.pdb,data/refined_set\5mwp\5mwp_pocket.pdb,data/refined_set\5mwp\5mwp_ligand.mol2,mol2,True,,refined
5mwy,data/refined_set\5mwy\5mwy_protein.pdb,data/refined_set\5mwy\5mwy_pocket.pdb,data/refined_set\5mwy\5mwy_ligand.mol2,mol2,True,,refined
5mxf,data/refined_set\5mxf\5mxf_protein.pdb,data/refined_set\5mxf\5mxf_pocket.pdb,data/refined_set\5mxf\5mxf_ligand.mol2,mol2,True,,refined
5my8,data/refined_set\5my8\5my8_protein.pdb,data/refined_set\5my8\5my8_pocket.pdb,data/refined_set\5my8\5my8_ligand.mol2,mol2,True,,refined
5mz8,data/refined_set\5mz8\5mz8_protein.pdb,data/refined_set\5mz8\5mz8_pocket.pdb,data/refined_set\5mz8\5mz8_ligand.mol2,mol2,True,,refined
5n0d,data/refined_set\5n0d\5n0d_protein.pdb,data/refined_set\5n0d\5n0d_pocket.pdb,data/refined_set\5n0d\5n0d_ligand.mol2,mol2,True,,refined
5n0e,data/refined_set\5n0e\5n0e_protein.pdb,data/refined_set\5n0e\5n0e_pocket.pdb,data/refined_set\5n0e\5n0e_ligand.mol2,mol2,True,,refined
5n0f,data/refined_set\5n0f\5n0f_protein.pdb,data/refined_set\5n0f\5n0f_pocket.pdb,data/refined_set\5n0f\5n0f_ligand.mol2,mol2,True,,refined
5n17,data/refined_set\5n17\5n17_protein.pdb,data/refined_set\5n17\5n17_pocket.pdb,data/refined_set\5n17\5n17_ligand.mol2,mol2,True,,refined
5n18,data/refined_set\5n18\5n18_protein.pdb,data/refined_set\5n18\5n18_pocket.pdb,data/refined_set\5n18\5n18_ligand.mol2,mol2,True,,refined
5n1r,data/refined_set\5n1r\5n1r_protein.pdb,data/refined_set\5n1r\5n1r_pocket.pdb,data/refined_set\5n1r\5n1r_ligand.mol2,mol2,True,,refined
5n1s,data/refined_set\5n1s\5n1s_protein.pdb,data/refined_set\5n1s\5n1s_pocket.pdb,data/refined_set\5n1s\5n1s_ligand.mol2,mol2,True,,refined
5n1z,data/refined_set\5n1z\5n1z_protein.pdb,data/refined_set\5n1z\5n1z_pocket.pdb,data/refined_set\5n1z\5n1z_ligand.mol2,mol2,True,,refined
5n24,data/refined_set\5n24\5n24_protein.pdb,data/refined_set\5n24\5n24_pocket.pdb,data/refined_set\5n24\5n24_ligand.mol2,mol2,True,,refined
5n25,data/refined_set\5n25\5n25_protein.pdb,data/refined_set\5n25\5n25_pocket.pdb,data/refined_set\5n25\5n25_ligand.mol2,mol2,True,,refined
5n2t,data/refined_set\5n2t\5n2t_protein.pdb,data/refined_set\5n2t\5n2t_pocket.pdb,data/refined_set\5n2t\5n2t_ligand.mol2,mol2,True,,refined
5n2z,data/refined_set\5n2z\5n2z_protein.pdb,data/refined_set\5n2z\5n2z_pocket.pdb,data/refined_set\5n2z\5n2z_ligand.mol2,mol2,True,,refined
5n31,data/refined_set\5n31\5n31_protein.pdb,data/refined_set\5n31\5n31_pocket.pdb,data/refined_set\5n31\5n31_ligand.mol2,mol2,True,,refined
5n34,data/refined_set\5n34\5n34_protein.pdb,data/refined_set\5n34\5n34_pocket.pdb,data/refined_set\5n34\5n34_ligand.mol2,mol2,True,,refined
5n3v,data/refined_set\5n3v\5n3v_protein.pdb,data/refined_set\5n3v\5n3v_pocket.pdb,data/refined_set\5n3v\5n3v_ligand.mol2,mol2,True,,refined
5n3y,data/refined_set\5n3y\5n3y_protein.pdb,data/refined_set\5n3y\5n3y_pocket.pdb,data/refined_set\5n3y\5n3y_ligand.mol2,mol2,True,,refined
5n6s,data/refined_set\5n6s\5n6s_protein.pdb,data/refined_set\5n6s\5n6s_pocket.pdb,data/refined_set\5n6s\5n6s_ligand.sdf,sdf,True,,refined
5n84,data/refined_set\5n84\5n84_protein.pdb,data/refined_set\5n84\5n84_pocket.pdb,data/refined_set\5n84\5n84_ligand.mol2,mol2,True,,refined
5n93,data/refined_set\5n93\5n93_protein.pdb,data/refined_set\5n93\5n93_pocket.pdb,data/refined_set\5n93\5n93_ligand.mol2,mol2,True,,refined
5n99,data/refined_set\5n99\5n99_protein.pdb,data/refined_set\5n99\5n99_pocket.pdb,data/refined_set\5n99\5n99_ligand.mol2,mol2,True,,refined
5n9r,data/refined_set\5n9r\5n9r_protein.pdb,data/refined_set\5n9r\5n9r_pocket.pdb,data/refined_set\5n9r\5n9r_ligand.mol2,mol2,True,,refined
5nap,data/refined_set\5nap\5nap_protein.pdb,data/refined_set\5nap\5nap_pocket.pdb,data/refined_set\5nap\5nap_ligand.mol2,mol2,True,,refined
5nau,data/refined_set\5nau\5nau_protein.pdb,data/refined_set\5nau\5nau_pocket.pdb,data/refined_set\5nau\5nau_ligand.mol2,mol2,True,,refined
5nbw,data/refined_set\5nbw\5nbw_protein.pdb,data/refined_set\5nbw\5nbw_pocket.pdb,data/refined_set\5nbw\5nbw_ligand.mol2,mol2,True,,refined
5ndf,data/refined_set\5ndf\5ndf_protein.pdb,data/refined_set\5ndf\5ndf_pocket.pdb,data/refined_set\5ndf\5ndf_ligand.mol2,mol2,True,,refined
5ne5,data/refined_set\5ne5\5ne5_protein.pdb,data/refined_set\5ne5\5ne5_pocket.pdb,data/refined_set\5ne5\5ne5_ligand.mol2,mol2,True,,refined
5nea,data/refined_set\5nea\5nea_protein.pdb,data/refined_set\5nea\5nea_pocket.pdb,data/refined_set\5nea\5nea_ligand.mol2,mol2,True,,refined
5neb,data/refined_set\5neb\5neb_protein.pdb,data/refined_set\5neb\5neb_pocket.pdb,data/refined_set\5neb\5neb_ligand.mol2,mol2,True,,refined
5nee,data/refined_set\5nee\5nee_protein.pdb,data/refined_set\5nee\5nee_pocket.pdb,data/refined_set\5nee\5nee_ligand.mol2,mol2,True,,refined
5ngz,data/refined_set\5ngz\5ngz_protein.pdb,data/refined_set\5ngz\5ngz_pocket.pdb,data/refined_set\5ngz\5ngz_ligand.mol2,mol2,True,,refined
5nih,data/refined_set\5nih\5nih_protein.pdb,data/refined_set\5nih\5nih_pocket.pdb,data/refined_set\5nih\5nih_ligand.mol2,mol2,True,,refined
5njz,data/refined_set\5njz\5njz_protein.pdb,data/refined_set\5njz\5njz_pocket.pdb,data/refined_set\5njz\5njz_ligand.mol2,mol2,True,,refined
5nk2,data/refined_set\5nk2\5nk2_protein.pdb,data/refined_set\5nk2\5nk2_pocket.pdb,data/refined_set\5nk2\5nk2_ligand.mol2,mol2,True,,refined
5nk3,data/refined_set\5nk3\5nk3_protein.pdb,data/refined_set\5nk3\5nk3_pocket.pdb,data/refined_set\5nk3\5nk3_ligand.mol2,mol2,True,,refined
5nk4,data/refined_set\5nk4\5nk4_protein.pdb,data/refined_set\5nk4\5nk4_pocket.pdb,data/refined_set\5nk4\5nk4_ligand.mol2,mol2,True,,refined
5nk6,data/refined_set\5nk6\5nk6_protein.pdb,data/refined_set\5nk6\5nk6_pocket.pdb,data/refined_set\5nk6\5nk6_ligand.mol2,mol2,True,,refined
5nk7,data/refined_set\5nk7\5nk7_protein.pdb,data/refined_set\5nk7\5nk7_pocket.pdb,data/refined_set\5nk7\5nk7_ligand.mol2,mol2,True,,refined
5nk8,data/refined_set\5nk8\5nk8_protein.pdb,data/refined_set\5nk8\5nk8_pocket.pdb,data/refined_set\5nk8\5nk8_ligand.mol2,mol2,True,,refined
5nk9,data/refined_set\5nk9\5nk9_protein.pdb,data/refined_set\5nk9\5nk9_pocket.pdb,data/refined_set\5nk9\5nk9_ligand.mol2,mol2,True,,refined
5nka,data/refined_set\5nka\5nka_protein.pdb,data/refined_set\5nka\5nka_pocket.pdb,data/refined_set\5nka\5nka_ligand.mol2,mol2,True,,refined
5nkb,data/refined_set\5nkb\5nkb_protein.pdb,data/refined_set\5nkb\5nkb_pocket.pdb,data/refined_set\5nkb\5nkb_ligand.mol2,mol2,True,,refined
5nkc,data/refined_set\5nkc\5nkc_protein.pdb,data/refined_set\5nkc\5nkc_pocket.pdb,data/refined_set\5nkc\5nkc_ligand.mol2,mol2,True,,refined
5nkd,data/refined_set\5nkd\5nkd_protein.pdb,data/refined_set\5nkd\5nkd_pocket.pdb,data/refined_set\5nkd\5nkd_ligand.mol2,mol2,True,,refined
5nkg,data/refined_set\5nkg\5nkg_protein.pdb,data/refined_set\5nkg\5nkg_pocket.pdb,data/refined_set\5nkg\5nkg_ligand.mol2,mol2,True,,refined
5nkh,data/refined_set\5nkh\5nkh_protein.pdb,data/refined_set\5nkh\5nkh_pocket.pdb,data/refined_set\5nkh\5nkh_ligand.mol2,mol2,True,,refined
5nki,data/refined_set\5nki\5nki_protein.pdb,data/refined_set\5nki\5nki_pocket.pdb,data/refined_set\5nki\5nki_ligand.mol2,mol2,True,,refined
5nlk,data/refined_set\5nlk\5nlk_protein.pdb,data/refined_set\5nlk\5nlk_pocket.pdb,data/refined_set\5nlk\5nlk_ligand.mol2,mol2,True,,refined
5nn5,data/refined_set\5nn5\5nn5_protein.pdb,data/refined_set\5nn5\5nn5_pocket.pdb,data/refined_set\5nn5\5nn5_ligand.mol2,mol2,True,,refined
5nn6,data/refined_set\5nn6\5nn6_protein.pdb,data/refined_set\5nn6\5nn6_pocket.pdb,data/refined_set\5nn6\5nn6_ligand.mol2,mol2,True,,refined
5nvv,data/refined_set\5nvv\5nvv_protein.pdb,data/refined_set\5nvv\5nvv_pocket.pdb,data/refined_set\5nvv\5nvv_ligand.mol2,mol2,True,,refined
5nvw,data/refined_set\5nvw\5nvw_protein.pdb,data/refined_set\5nvw\5nvw_pocket.pdb,data/refined_set\5nvw\5nvw_ligand.mol2,mol2,True,,refined
5nvx,data/refined_set\5nvx\5nvx_protein.pdb,data/refined_set\5nvx\5nvx_pocket.pdb,data/refined_set\5nvx\5nvx_ligand.mol2,mol2,True,,refined
5nw0,data/refined_set\5nw0\5nw0_protein.pdb,data/refined_set\5nw0\5nw0_pocket.pdb,data/refined_set\5nw0\5nw0_ligand.mol2,mol2,True,,refined
5nw1,data/refined_set\5nw1\5nw1_protein.pdb,data/refined_set\5nw1\5nw1_pocket.pdb,data/refined_set\5nw1\5nw1_ligand.mol2,mol2,True,,refined
5nw2,data/refined_set\5nw2\5nw2_protein.pdb,data/refined_set\5nw2\5nw2_pocket.pdb,data/refined_set\5nw2\5nw2_ligand.mol2,mol2,True,,refined
5nw7,data/refined_set\5nw7\5nw7_protein.pdb,data/refined_set\5nw7\5nw7_pocket.pdb,data/refined_set\5nw7\5nw7_ligand.mol2,mol2,True,,refined
5nwe,data/refined_set\5nwe\5nwe_protein.pdb,data/refined_set\5nwe\5nwe_pocket.pdb,data/refined_set\5nwe\5nwe_ligand.mol2,mol2,True,,refined
5nwi,data/refined_set\5nwi\5nwi_protein.pdb,data/refined_set\5nwi\5nwi_pocket.pdb,data/refined_set\5nwi\5nwi_ligand.mol2,mol2,True,,refined
5nxg,data/refined_set\5nxg\5nxg_protein.pdb,data/refined_set\5nxg\5nxg_pocket.pdb,data/refined_set\5nxg\5nxg_ligand.mol2,mol2,True,,refined
5nxi,data/refined_set\5nxi\5nxi_protein.pdb,data/refined_set\5nxi\5nxi_pocket.pdb,data/refined_set\5nxi\5nxi_ligand.mol2,mol2,True,,refined
5nxo,data/refined_set\5nxo\5nxo_protein.pdb,data/refined_set\5nxo\5nxo_pocket.pdb,data/refined_set\5nxo\5nxo_ligand.mol2,mol2,True,,refined
5nxp,data/refined_set\5nxp\5nxp_protein.pdb,data/refined_set\5nxp\5nxp_pocket.pdb,data/refined_set\5nxp\5nxp_ligand.mol2,mol2,True,,refined
5nxw,data/refined_set\5nxw\5nxw_protein.pdb,data/refined_set\5nxw\5nxw_pocket.pdb,data/refined_set\5nxw\5nxw_ligand.mol2,mol2,True,,refined
5ny1,data/refined_set\5ny1\5ny1_protein.pdb,data/refined_set\5ny1\5ny1_pocket.pdb,data/refined_set\5ny1\5ny1_ligand.mol2,mol2,True,,refined
5ny3,data/refined_set\5ny3\5ny3_protein.pdb,data/refined_set\5ny3\5ny3_pocket.pdb,data/refined_set\5ny3\5ny3_ligand.mol2,mol2,True,,refined
5nya,data/refined_set\5nya\5nya_protein.pdb,data/refined_set\5nya\5nya_pocket.pdb,data/refined_set\5nya\5nya_ligand.mol2,mol2,True,,refined
5nyh,data/refined_set\5nyh\5nyh_protein.pdb,data/refined_set\5nyh\5nyh_pocket.pdb,data/refined_set\5nyh\5nyh_ligand.mol2,mol2,True,,refined
5nz4,data/refined_set\5nz4\5nz4_protein.pdb,data/refined_set\5nz4\5nz4_pocket.pdb,data/refined_set\5nz4\5nz4_ligand.mol2,mol2,True,,refined
5nze,data/refined_set\5nze\5nze_protein.pdb,data/refined_set\5nze\5nze_pocket.pdb,data/refined_set\5nze\5nze_ligand.mol2,mol2,True,,refined
5nzf,data/refined_set\5nzf\5nzf_protein.pdb,data/refined_set\5nzf\5nzf_pocket.pdb,data/refined_set\5nzf\5nzf_ligand.mol2,mol2,True,,refined
5nzn,data/refined_set\5nzn\5nzn_protein.pdb,data/refined_set\5nzn\5nzn_pocket.pdb,data/refined_set\5nzn\5nzn_ligand.mol2,mol2,True,,refined
5o07,data/refined_set\5o07\5o07_protein.pdb,data/refined_set\5o07\5o07_pocket.pdb,data/refined_set\5o07\5o07_ligand.mol2,mol2,True,,refined
5o1d,data/refined_set\5o1d\5o1d_protein.pdb,data/refined_set\5o1d\5o1d_pocket.pdb,data/refined_set\5o1d\5o1d_ligand.mol2,mol2,True,,refined
5o1f,data/refined_set\5o1f\5o1f_protein.pdb,data/refined_set\5o1f\5o1f_pocket.pdb,data/refined_set\5o1f\5o1f_ligand.mol2,mol2,True,,refined
5o1h,data/refined_set\5o1h\5o1h_protein.pdb,data/refined_set\5o1h\5o1h_pocket.pdb,data/refined_set\5o1h\5o1h_ligand.mol2,mol2,True,,refined
5o2d,data/refined_set\5o2d\5o2d_protein.pdb,data/refined_set\5o2d\5o2d_pocket.pdb,data/refined_set\5o2d\5o2d_ligand.mol2,mol2,True,,refined
5o4f,data/refined_set\5o4f\5o4f_protein.pdb,data/refined_set\5o4f\5o4f_pocket.pdb,data/refined_set\5o4f\5o4f_ligand.mol2,mol2,True,,refined
5o58,data/refined_set\5o58\5o58_protein.pdb,data/refined_set\5o58\5o58_pocket.pdb,data/refined_set\5o58\5o58_ligand.mol2,mol2,True,,refined
5o5a,data/refined_set\5o5a\5o5a_protein.pdb,data/refined_set\5o5a\5o5a_pocket.pdb,data/refined_set\5o5a\5o5a_ligand.mol2,mol2,True,,refined
5o87,data/refined_set\5o87\5o87_protein.pdb,data/refined_set\5o87\5o87_pocket.pdb,data/refined_set\5o87\5o87_ligand.mol2,mol2,True,,refined
5o9o,data/refined_set\5o9o\5o9o_protein.pdb,data/refined_set\5o9o\5o9o_pocket.pdb,data/refined_set\5o9o\5o9o_ligand.mol2,mol2,True,,refined
5o9p,data/refined_set\5o9p\5o9p_protein.pdb,data/refined_set\5o9p\5o9p_pocket.pdb,data/refined_set\5o9p\5o9p_ligand.mol2,mol2,True,,refined
5o9q,data/refined_set\5o9q\5o9q_protein.pdb,data/refined_set\5o9q\5o9q_pocket.pdb,data/refined_set\5o9q\5o9q_ligand.mol2,mol2,True,,refined
5o9r,data/refined_set\5o9r\5o9r_protein.pdb,data/refined_set\5o9r\5o9r_pocket.pdb,data/refined_set\5o9r\5o9r_ligand.mol2,mol2,True,,refined
5o9y,data/refined_set\5o9y\5o9y_protein.pdb,data/refined_set\5o9y\5o9y_pocket.pdb,data/refined_set\5o9y\5o9y_ligand.mol2,mol2,True,,refined
5oa2,data/refined_set\5oa2\5oa2_protein.pdb,data/refined_set\5oa2\5oa2_pocket.pdb,data/refined_set\5oa2\5oa2_ligand.mol2,mol2,True,,refined
5oa6,data/refined_set\5oa6\5oa6_protein.pdb,data/refined_set\5oa6\5oa6_pocket.pdb,data/refined_set\5oa6\5oa6_ligand.mol2,mol2,True,,refined
5oaj,data/refined_set\5oaj\5oaj_protein.pdb,data/refined_set\5oaj\5oaj_pocket.pdb,data/refined_set\5oaj\5oaj_ligand.mol2,mol2,True,,refined
5obg,data/refined_set\5obg\5obg_protein.pdb,data/refined_set\5obg\5obg_pocket.pdb,data/refined_set\5obg\5obg_ligand.mol2,mol2,True,,refined
5od1,data/refined_set\5od1\5od1_protein.pdb,data/refined_set\5od1\5od1_pocket.pdb,data/refined_set\5od1\5od1_ligand.mol2,mol2,True,,refined
5odx,data/refined_set\5odx\5odx_protein.pdb,data/refined_set\5odx\5odx_pocket.pdb,data/refined_set\5odx\5odx_ligand.mol2,mol2,True,,refined
5oei,data/refined_set\5oei\5oei_protein.pdb,data/refined_set\5oei\5oei_pocket.pdb,data/refined_set\5oei\5oei_ligand.mol2,mol2,True,,refined
5ogb,data/refined_set\5ogb\5ogb_protein.pdb,data/refined_set\5ogb\5ogb_pocket.pdb,data/refined_set\5ogb\5ogb_ligand.mol2,mol2,True,,refined
5oh2,data/refined_set\5oh2\5oh2_protein.pdb,data/refined_set\5oh2\5oh2_pocket.pdb,data/refined_set\5oh2\5oh2_ligand.mol2,mol2,True,,refined
5oh3,data/refined_set\5oh3\5oh3_protein.pdb,data/refined_set\5oh3\5oh3_pocket.pdb,data/refined_set\5oh3\5oh3_ligand.mol2,mol2,True,,refined
5oh4,data/refined_set\5oh4\5oh4_protein.pdb,data/refined_set\5oh4\5oh4_pocket.pdb,data/refined_set\5oh4\5oh4_ligand.mol2,mol2,True,,refined
5oh7,data/refined_set\5oh7\5oh7_protein.pdb,data/refined_set\5oh7\5oh7_pocket.pdb,data/refined_set\5oh7\5oh7_ligand.mol2,mol2,True,,refined
5oh9,data/refined_set\5oh9\5oh9_protein.pdb,data/refined_set\5oh9\5oh9_pocket.pdb,data/refined_set\5oh9\5oh9_ligand.mol2,mol2,True,,refined
5oha,data/refined_set\5oha\5oha_protein.pdb,data/refined_set\5oha\5oha_pocket.pdb,data/refined_set\5oha\5oha_ligand.mol2,mol2,True,,refined
5oht,data/refined_set\5oht\5oht_protein.pdb,data/refined_set\5oht\5oht_pocket.pdb,data/refined_set\5oht\5oht_ligand.mol2,mol2,True,,refined
5ohy,data/refined_set\5ohy\5ohy_protein.pdb,data/refined_set\5ohy\5ohy_pocket.pdb,data/refined_set\5ohy\5ohy_ligand.mol2,mol2,True,,refined
5oku,data/refined_set\5oku\5oku_protein.pdb,data/refined_set\5oku\5oku_pocket.pdb,data/refined_set\5oku\5oku_ligand.mol2,mol2,True,,refined
5om2,data/refined_set\5om2\5om2_protein.pdb,data/refined_set\5om2\5om2_pocket.pdb,data/refined_set\5om2\5om2_ligand.mol2,mol2,True,,refined
5om3,data/refined_set\5om3\5om3_protein.pdb,data/refined_set\5om3\5om3_pocket.pdb,data/refined_set\5om3\5om3_ligand.mol2,mol2,True,,refined
5om7,data/refined_set\5om7\5om7_protein.pdb,data/refined_set\5om7\5om7_pocket.pdb,data/refined_set\5om7\5om7_ligand.mol2,mol2,True,,refined
5oot,data/refined_set\5oot\5oot_protein.pdb,data/refined_set\5oot\5oot_pocket.pdb,data/refined_set\5oot\5oot_ligand.mol2,mol2,True,,refined
5op4,data/refined_set\5op4\5op4_protein.pdb,data/refined_set\5op4\5op4_pocket.pdb,data/refined_set\5op4\5op4_ligand.mol2,mol2,True,,refined
5op5,data/refined_set\5op5\5op5_protein.pdb,data/refined_set\5op5\5op5_pocket.pdb,data/refined_set\5op5\5op5_ligand.mol2,mol2,True,,refined
5oq8,data/refined_set\5oq8\5oq8_protein.pdb,data/refined_set\5oq8\5oq8_pocket.pdb,data/refined_set\5oq8\5oq8_ligand.mol2,mol2,True,,refined
5oqu,data/refined_set\5oqu\5oqu_protein.pdb,data/refined_set\5oqu\5oqu_pocket.pdb,data/refined_set\5oqu\5oqu_ligand.mol2,mol2,True,,refined
5org,data/refined_set\5org\5org_protein.pdb,data/refined_set\5org\5org_pocket.pdb,data/refined_set\5org\5org_ligand.mol2,mol2,True,,refined
5orh,data/refined_set\5orh\5orh_protein.pdb,data/refined_set\5orh\5orh_pocket.pdb,data/refined_set\5orh\5orh_ligand.mol2,mol2,True,,refined
5orj,data/refined_set\5orj\5orj_protein.pdb,data/refined_set\5orj\5orj_pocket.pdb,data/refined_set\5orj\5orj_ligand.mol2,mol2,True,,refined
5ork,data/refined_set\5ork\5ork_protein.pdb,data/refined_set\5ork\5ork_pocket.pdb,data/refined_set\5ork\5ork_ligand.mol2,mol2,True,,refined
5orv,data/refined_set\5orv\5orv_protein.pdb,data/refined_set\5orv\5orv_pocket.pdb,data/refined_set\5orv\5orv_ligand.mol2,mol2,True,,refined
5orw,data/refined_set\5orw\5orw_protein.pdb,data/refined_set\5orw\5orw_pocket.pdb,data/refined_set\5orw\5orw_ligand.mol2,mol2,True,,refined
5os2,data/refined_set\5os2\5os2_protein.pdb,data/refined_set\5os2\5os2_pocket.pdb,data/refined_set\5os2\5os2_ligand.mol2,mol2,True,,refined
5os4,data/refined_set\5os4\5os4_protein.pdb,data/refined_set\5os4\5os4_pocket.pdb,data/refined_set\5os4\5os4_ligand.mol2,mol2,True,,refined
5os5,data/refined_set\5os5\5os5_protein.pdb,data/refined_set\5os5\5os5_pocket.pdb,data/refined_set\5os5\5os5_ligand.mol2,mol2,True,,refined
5os7,data/refined_set\5os7\5os7_protein.pdb,data/refined_set\5os7\5os7_pocket.pdb,data/refined_set\5os7\5os7_ligand.mol2,mol2,True,,refined
5os8,data/refined_set\5os8\5os8_protein.pdb,data/refined_set\5os8\5os8_pocket.pdb,data/refined_set\5os8\5os8_ligand.mol2,mol2,True,,refined
5ose,data/refined_set\5ose\5ose_protein.pdb,data/refined_set\5ose\5ose_pocket.pdb,data/refined_set\5ose\5ose_ligand.mol2,mol2,True,,refined
5osl,data/refined_set\5osl\5osl_protein.pdb,data/refined_set\5osl\5osl_pocket.pdb,data/refined_set\5osl\5osl_ligand.mol2,mol2,True,,refined
5oss,data/refined_set\5oss\5oss_protein.pdb,data/refined_set\5oss\5oss_pocket.pdb,data/refined_set\5oss\5oss_ligand.mol2,mol2,True,,refined
5ost,data/refined_set\5ost\5ost_protein.pdb,data/refined_set\5ost\5ost_pocket.pdb,data/refined_set\5ost\5ost_ligand.mol2,mol2,True,,refined
5ot8,data/refined_set\5ot8\5ot8_protein.pdb,data/refined_set\5ot8\5ot8_pocket.pdb,data/refined_set\5ot8\5ot8_ligand.mol2,mol2,True,,refined
5ot9,data/refined_set\5ot9\5ot9_protein.pdb,data/refined_set\5ot9\5ot9_pocket.pdb,data/refined_set\5ot9\5ot9_ligand.mol2,mol2,True,,refined
5ota,data/refined_set\5ota\5ota_protein.pdb,data/refined_set\5ota\5ota_pocket.pdb,data/refined_set\5ota\5ota_ligand.mol2,mol2,True,,refined
5otc,data/refined_set\5otc\5otc_protein.pdb,data/refined_set\5otc\5otc_pocket.pdb,data/refined_set\5otc\5otc_ligand.mol2,mol2,True,,refined
5otr,data/refined_set\5otr\5otr_protein.pdb,data/refined_set\5otr\5otr_pocket.pdb,data/refined_set\5otr\5otr_ligand.mol2,mol2,True,,refined
5otz,data/refined_set\5otz\5otz_protein.pdb,data/refined_set\5otz\5otz_pocket.pdb,data/refined_set\5otz\5otz_ligand.mol2,mol2,True,,refined
5ouh,data/refined_set\5ouh\5ouh_protein.pdb,data/refined_set\5ouh\5ouh_pocket.pdb,data/refined_set\5ouh\5ouh_ligand.mol2,mol2,True,,refined
5ov8,data/refined_set\5ov8\5ov8_protein.pdb,data/refined_set\5ov8\5ov8_pocket.pdb,data/refined_set\5ov8\5ov8_ligand.mol2,mol2,True,,refined
5ovc,data/refined_set\5ovc\5ovc_protein.pdb,data/refined_set\5ovc\5ovc_pocket.pdb,data/refined_set\5ovc\5ovc_ligand.mol2,mol2,True,,refined
5ovp,data/refined_set\5ovp\5ovp_protein.pdb,data/refined_set\5ovp\5ovp_pocket.pdb,data/refined_set\5ovp\5ovp_ligand.mol2,mol2,True,,refined
5ovr,data/refined_set\5ovr\5ovr_protein.pdb,data/refined_set\5ovr\5ovr_pocket.pdb,data/refined_set\5ovr\5ovr_ligand.mol2,mol2,True,,refined
5ovv,data/refined_set\5ovv\5ovv_protein.pdb,data/refined_set\5ovv\5ovv_pocket.pdb,data/refined_set\5ovv\5ovv_ligand.mol2,mol2,True,,refined
5ovx,data/refined_set\5ovx\5ovx_protein.pdb,data/refined_set\5ovx\5ovx_pocket.pdb,data/refined_set\5ovx\5ovx_ligand.mol2,mol2,True,,refined
5owl,data/refined_set\5owl\5owl_protein.pdb,data/refined_set\5owl\5owl_pocket.pdb,data/refined_set\5owl\5owl_ligand.mol2,mol2,True,,refined
5oxk,data/refined_set\5oxk\5oxk_protein.pdb,data/refined_set\5oxk\5oxk_pocket.pdb,data/refined_set\5oxk\5oxk_ligand.mol2,mol2,True,,refined
5qa8,data/refined_set\5qa8\5qa8_protein.pdb,data/refined_set\5qa8\5qa8_pocket.pdb,data/refined_set\5qa8\5qa8_ligand.mol2,mol2,True,,refined
5qal,data/refined_set\5qal\5qal_protein.pdb,data/refined_set\5qal\5qal_pocket.pdb,data/refined_set\5qal\5qal_ligand.mol2,mol2,True,,refined
5qay,data/refined_set\5qay\5qay_protein.pdb,data/refined_set\5qay\5qay_pocket.pdb,data/refined_set\5qay\5qay_ligand.mol2,mol2,True,,refined
5qqp,data/refined_set\5qqp\5qqp_protein.pdb,data/refined_set\5qqp\5qqp_pocket.pdb,data/refined_set\5qqp\5qqp_ligand.mol2,mol2,True,,refined
5qtt,data/refined_set\5qtt\5qtt_protein.pdb,data/refined_set\5qtt\5qtt_pocket.pdb,data/refined_set\5qtt\5qtt_ligand.mol2,mol2,True,,refined
5std,data/refined_set\5std\5std_protein.pdb,data/refined_set\5std\5std_pocket.pdb,data/refined_set\5std\5std_ligand.mol2,mol2,True,,refined
5sxm,data/refined_set\5sxm\5sxm_protein.pdb,data/refined_set\5sxm\5sxm_pocket.pdb,data/refined_set\5sxm\5sxm_ligand.mol2,mol2,True,,refined
5sym,data/refined_set\5sym\5sym_protein.pdb,data/refined_set\5sym\5sym_pocket.pdb,data/refined_set\5sym\5sym_ligand.mol2,mol2,True,,refined
5sz0,data/refined_set\5sz0\5sz0_protein.pdb,data/refined_set\5sz0\5sz0_pocket.pdb,data/refined_set\5sz0\5sz0_ligand.mol2,mol2,True,,refined
5sz1,data/refined_set\5sz1\5sz1_protein.pdb,data/refined_set\5sz1\5sz1_pocket.pdb,data/refined_set\5sz1\5sz1_ligand.mol2,mol2,True,,refined
5sz2,data/refined_set\5sz2\5sz2_protein.pdb,data/refined_set\5sz2\5sz2_pocket.pdb,data/refined_set\5sz2\5sz2_ligand.mol2,mol2,True,,refined
5sz3,data/refined_set\5sz3\5sz3_protein.pdb,data/refined_set\5sz3\5sz3_pocket.pdb,data/refined_set\5sz3\5sz3_ligand.mol2,mol2,True,,refined
5sz4,data/refined_set\5sz4\5sz4_protein.pdb,data/refined_set\5sz4\5sz4_pocket.pdb,data/refined_set\5sz4\5sz4_ligand.mol2,mol2,True,,refined
5sz5,data/refined_set\5sz5\5sz5_protein.pdb,data/refined_set\5sz5\5sz5_pocket.pdb,data/refined_set\5sz5\5sz5_ligand.mol2,mol2,True,,refined
5sz6,data/refined_set\5sz6\5sz6_protein.pdb,data/refined_set\5sz6\5sz6_pocket.pdb,data/refined_set\5sz6\5sz6_ligand.mol2,mol2,True,,refined
5sz7,data/refined_set\5sz7\5sz7_protein.pdb,data/refined_set\5sz7\5sz7_pocket.pdb,data/refined_set\5sz7\5sz7_ligand.mol2,mol2,True,,refined
5t19,data/refined_set\5t19\5t19_protein.pdb,data/refined_set\5t19\5t19_pocket.pdb,data/refined_set\5t19\5t19_ligand.mol2,mol2,True,,refined
5t7s,data/refined_set\5t7s\5t7s_protein.pdb,data/refined_set\5t7s\5t7s_pocket.pdb,data/refined_set\5t7s\5t7s_ligand.mol2,mol2,True,,refined
5t8o,data/refined_set\5t8o\5t8o_protein.pdb,data/refined_set\5t8o\5t8o_pocket.pdb,data/refined_set\5t8o\5t8o_ligand.mol2,mol2,True,,refined
5t8p,data/refined_set\5t8p\5t8p_protein.pdb,data/refined_set\5t8p\5t8p_pocket.pdb,data/refined_set\5t8p\5t8p_ligand.mol2,mol2,True,,refined
5t9u,data/refined_set\5t9u\5t9u_protein.pdb,data/refined_set\5t9u\5t9u_pocket.pdb,data/refined_set\5t9u\5t9u_ligand.mol2,mol2,True,,refined
5t9w,data/refined_set\5t9w\5t9w_protein.pdb,data/refined_set\5t9w\5t9w_pocket.pdb,data/refined_set\5t9w\5t9w_ligand.mol2,mol2,True,,refined
5t9z,data/refined_set\5t9z\5t9z_protein.pdb,data/refined_set\5t9z\5t9z_pocket.pdb,data/refined_set\5t9z\5t9z_ligand.mol2,mol2,True,,refined
5ta2,data/refined_set\5ta2\5ta2_protein.pdb,data/refined_set\5ta2\5ta2_pocket.pdb,data/refined_set\5ta2\5ta2_ligand.mol2,mol2,True,,refined
5ta4,data/refined_set\5ta4\5ta4_protein.pdb,data/refined_set\5ta4\5ta4_pocket.pdb,data/refined_set\5ta4\5ta4_ligand.mol2,mol2,True,,refined
5tb6,data/refined_set\5tb6\5tb6_protein.pdb,data/refined_set\5tb6\5tb6_pocket.pdb,data/refined_set\5tb6\5tb6_ligand.mol2,mol2,True,,refined
5tbe,data/refined_set\5tbe\5tbe_protein.pdb,data/refined_set\5tbe\5tbe_pocket.pdb,data/refined_set\5tbe\5tbe_ligand.mol2,mol2,True,,refined
5tbm,data/refined_set\5tbm\5tbm_protein.pdb,data/refined_set\5tbm\5tbm_pocket.pdb,data/refined_set\5tbm\5tbm_ligand.mol2,mol2,True,,refined
5tcj,data/refined_set\5tcj\5tcj_protein.pdb,data/refined_set\5tcj\5tcj_pocket.pdb,data/refined_set\5tcj\5tcj_ligand.mol2,mol2,True,,refined
5tcy,data/refined_set\5tcy\5tcy_protein.pdb,data/refined_set\5tcy\5tcy_pocket.pdb,data/refined_set\5tcy\5tcy_ligand.mol2,mol2,True,,refined
5tef,data/refined_set\5tef\5tef_protein.pdb,data/refined_set\5tef\5tef_pocket.pdb,data/refined_set\5tef\5tef_ligand.mol2,mol2,True,,refined
5tfx,data/refined_set\5tfx\5tfx_protein.pdb,data/refined_set\5tfx\5tfx_pocket.pdb,data/refined_set\5tfx\5tfx_ligand.mol2,mol2,True,,refined
5th4,data/refined_set\5th4\5th4_protein.pdb,data/refined_set\5th4\5th4_pocket.pdb,data/refined_set\5th4\5th4_ligand.mol2,mol2,True,,refined
5ti0,data/refined_set\5ti0\5ti0_protein.pdb,data/refined_set\5ti0\5ti0_pocket.pdb,data/refined_set\5ti0\5ti0_ligand.mol2,mol2,True,,refined
5tkj,data/refined_set\5tkj\5tkj_protein.pdb,data/refined_set\5tkj\5tkj_pocket.pdb,data/refined_set\5tkj\5tkj_ligand.mol2,mol2,True,,refined
5tkk,data/refined_set\5tkk\5tkk_protein.pdb,data/refined_set\5tkk\5tkk_pocket.pdb,data/refined_set\5tkk\5tkk_ligand.mol2,mol2,True,,refined
5tmn,data/refined_set\5tmn\5tmn_protein.pdb,data/refined_set\5tmn\5tmn_pocket.pdb,data/refined_set\5tmn\5tmn_ligand.mol2,mol2,True,,refined
5tmp,data/refined_set\5tmp\5tmp_protein.pdb,data/refined_set\5tmp\5tmp_pocket.pdb,data/refined_set\5tmp\5tmp_ligand.sdf,sdf,True,,refined
5tp0,data/refined_set\5tp0\5tp0_protein.pdb,data/refined_set\5tp0\5tp0_pocket.pdb,data/refined_set\5tp0\5tp0_ligand.mol2,mol2,True,,refined
5tpx,data/refined_set\5tpx\5tpx_protein.pdb,data/refined_set\5tpx\5tpx_pocket.pdb,data/refined_set\5tpx\5tpx_ligand.mol2,mol2,True,,refined
5tt3,data/refined_set\5tt3\5tt3_protein.pdb,data/refined_set\5tt3\5tt3_pocket.pdb,data/refined_set\5tt3\5tt3_ligand.mol2,mol2,True,,refined
5ttw,data/refined_set\5ttw\5ttw_protein.pdb,data/refined_set\5ttw\5ttw_pocket.pdb,data/refined_set\5ttw\5ttw_ligand.mol2,mol2,True,,refined
5tuo,data/refined_set\5tuo\5tuo_protein.pdb,data/refined_set\5tuo\5tuo_pocket.pdb,data/refined_set\5tuo\5tuo_ligand.mol2,mol2,True,,refined
5tuz,data/refined_set\5tuz\5tuz_protein.pdb,data/refined_set\5tuz\5tuz_pocket.pdb,data/refined_set\5tuz\5tuz_ligand.mol2,mol2,True,,refined
5twj,data/refined_set\5twj\5twj_protein.pdb,data/refined_set\5twj\5twj_pocket.pdb,data/refined_set\5twj\5twj_ligand.mol2,mol2,True,,refined
5txy,data/refined_set\5txy\5txy_protein.pdb,data/refined_set\5txy\5txy_pocket.pdb,data/refined_set\5txy\5txy_ligand.mol2,mol2,True,,refined
5ty9,data/refined_set\5ty9\5ty9_protein.pdb,data/refined_set\5ty9\5ty9_pocket.pdb,data/refined_set\5ty9\5ty9_ligand.mol2,mol2,True,,refined
5tya,data/refined_set\5tya\5tya_protein.pdb,data/refined_set\5tya\5tya_pocket.pdb,data/refined_set\5tya\5tya_ligand.mol2,mol2,True,,refined
5u0d,data/refined_set\5u0d\5u0d_protein.pdb,data/refined_set\5u0d\5u0d_pocket.pdb,data/refined_set\5u0d\5u0d_ligand.mol2,mol2,True,,refined
5u0e,data/refined_set\5u0e\5u0e_protein.pdb,data/refined_set\5u0e\5u0e_pocket.pdb,data/refined_set\5u0e\5u0e_ligand.mol2,mol2,True,,refined
5u0f,data/refined_set\5u0f\5u0f_protein.pdb,data/refined_set\5u0f\5u0f_pocket.pdb,data/refined_set\5u0f\5u0f_ligand.mol2,mol2,True,,refined
5u0g,data/refined_set\5u0g\5u0g_protein.pdb,data/refined_set\5u0g\5u0g_pocket.pdb,data/refined_set\5u0g\5u0g_ligand.mol2,mol2,True,,refined
5u0w,data/refined_set\5u0w\5u0w_protein.pdb,data/refined_set\5u0w\5u0w_pocket.pdb,data/refined_set\5u0w\5u0w_ligand.mol2,mol2,True,,refined
5u0y,data/refined_set\5u0y\5u0y_protein.pdb,data/refined_set\5u0y\5u0y_pocket.pdb,data/refined_set\5u0y\5u0y_ligand.mol2,mol2,True,,refined
5u0z,data/refined_set\5u0z\5u0z_protein.pdb,data/refined_set\5u0z\5u0z_pocket.pdb,data/refined_set\5u0z\5u0z_ligand.mol2,mol2,True,,refined
5u11,data/refined_set\5u11\5u11_protein.pdb,data/refined_set\5u11\5u11_pocket.pdb,data/refined_set\5u11\5u11_ligand.mol2,mol2,True,,refined
5u12,data/refined_set\5u12\5u12_protein.pdb,data/refined_set\5u12\5u12_pocket.pdb,data/refined_set\5u12\5u12_ligand.mol2,mol2,True,,refined
5u13,data/refined_set\5u13\5u13_protein.pdb,data/refined_set\5u13\5u13_pocket.pdb,data/refined_set\5u13\5u13_ligand.mol2,mol2,True,,refined
5u14,data/refined_set\5u14\5u14_protein.pdb,data/refined_set\5u14\5u14_pocket.pdb,data/refined_set\5u14\5u14_ligand.mol2,mol2,True,,refined
5u28,data/refined_set\5u28\5u28_protein.pdb,data/refined_set\5u28\5u28_pocket.pdb,data/refined_set\5u28\5u28_ligand.mol2,mol2,True,,refined
5u49,data/refined_set\5u49\5u49_protein.pdb,data/refined_set\5u49\5u49_pocket.pdb,data/refined_set\5u49\5u49_ligand.mol2,mol2,True,,refined
5u4b,data/refined_set\5u4b\5u4b_protein.pdb,data/refined_set\5u4b\5u4b_pocket.pdb,data/refined_set\5u4b\5u4b_ligand.mol2,mol2,True,,refined
5u4d,data/refined_set\5u4d\5u4d_protein.pdb,data/refined_set\5u4d\5u4d_pocket.pdb,data/refined_set\5u4d\5u4d_ligand.mol2,mol2,True,,refined
5u6j,data/refined_set\5u6j\5u6j_protein.pdb,data/refined_set\5u6j\5u6j_pocket.pdb,data/refined_set\5u6j\5u6j_ligand.mol2,mol2,True,,refined
5u8c,data/refined_set\5u8c\5u8c_protein.pdb,data/refined_set\5u8c\5u8c_pocket.pdb,data/refined_set\5u8c\5u8c_ligand.mol2,mol2,True,,refined
5uc4,data/refined_set\5uc4\5uc4_protein.pdb,data/refined_set\5uc4\5uc4_pocket.pdb,data/refined_set\5uc4\5uc4_ligand.mol2,mol2,True,,refined
5ucj,data/refined_set\5ucj\5ucj_protein.pdb,data/refined_set\5ucj\5ucj_pocket.pdb,data/refined_set\5ucj\5ucj_ligand.mol2,mol2,True,,refined
5ueu,data/refined_set\5ueu\5ueu_protein.pdb,data/refined_set\5ueu\5ueu_pocket.pdb,data/refined_set\5ueu\5ueu_ligand.mol2,mol2,True,,refined
5uez,data/refined_set\5uez\5uez_protein.pdb,data/refined_set\5uez\5uez_pocket.pdb,data/refined_set\5uez\5uez_ligand.mol2,mol2,True,,refined
5uf0,data/refined_set\5uf0\5uf0_protein.pdb,data/refined_set\5uf0\5uf0_pocket.pdb,data/refined_set\5uf0\5uf0_ligand.mol2,mol2,True,,refined
5ufc,data/refined_set\5ufc\5ufc_protein.pdb,data/refined_set\5ufc\5ufc_pocket.pdb,data/refined_set\5ufc\5ufc_ligand.mol2,mol2,True,,refined
5uff,data/refined_set\5uff\5uff_protein.pdb,data/refined_set\5uff\5uff_pocket.pdb,data/refined_set\5uff\5uff_ligand.mol2,mol2,True,,refined
5ufp,data/refined_set\5ufp\5ufp_protein.pdb,data/refined_set\5ufp\5ufp_pocket.pdb,data/refined_set\5ufp\5ufp_ligand.mol2,mol2,True,,refined
5ufr,data/refined_set\5ufr\5ufr_protein.pdb,data/refined_set\5ufr\5ufr_pocket.pdb,data/refined_set\5ufr\5ufr_ligand.mol2,mol2,True,,refined
5ufs,data/refined_set\5ufs\5ufs_protein.pdb,data/refined_set\5ufs\5ufs_pocket.pdb,data/refined_set\5ufs\5ufs_ligand.mol2,mol2,True,,refined
5uk8,data/refined_set\5uk8\5uk8_protein.pdb,data/refined_set\5uk8\5uk8_pocket.pdb,data/refined_set\5uk8\5uk8_ligand.mol2,mol2,True,,refined
5ula,data/refined_set\5ula\5ula_protein.pdb,data/refined_set\5ula\5ula_pocket.pdb,data/refined_set\5ula\5ula_ligand.mol2,mol2,True,,refined
5uln,data/refined_set\5uln\5uln_protein.pdb,data/refined_set\5uln\5uln_pocket.pdb,data/refined_set\5uln\5uln_ligand.mol2,mol2,True,,refined
5ulp,data/refined_set\5ulp\5ulp_protein.pdb,data/refined_set\5ulp\5ulp_pocket.pdb,data/refined_set\5ulp\5ulp_ligand.mol2,mol2,True,,refined
5ult,data/refined_set\5ult\5ult_protein.pdb,data/refined_set\5ult\5ult_pocket.pdb,data/refined_set\5ult\5ult_ligand.mol2,mol2,True,,refined
5umx,data/refined_set\5umx\5umx_protein.pdb,data/refined_set\5umx\5umx_pocket.pdb,data/refined_set\5umx\5umx_ligand.mol2,mol2,True,,refined
5umy,data/refined_set\5umy\5umy_protein.pdb,data/refined_set\5umy\5umy_pocket.pdb,data/refined_set\5umy\5umy_ligand.mol2,mol2,True,,refined
5uoo,data/refined_set\5uoo\5uoo_protein.pdb,data/refined_set\5uoo\5uoo_pocket.pdb,data/refined_set\5uoo\5uoo_ligand.mol2,mol2,True,,refined
5uov,data/refined_set\5uov\5uov_protein.pdb,data/refined_set\5uov\5uov_pocket.pdb,data/refined_set\5uov\5uov_ligand.mol2,mol2,True,,refined
5upe,data/refined_set\5upe\5upe_protein.pdb,data/refined_set\5upe\5upe_pocket.pdb,data/refined_set\5upe\5upe_ligand.mol2,mol2,True,,refined
5upf,data/refined_set\5upf\5upf_protein.pdb,data/refined_set\5upf\5upf_pocket.pdb,data/refined_set\5upf\5upf_ligand.mol2,mol2,True,,refined
5upj,data/refined_set\5upj\5upj_protein.pdb,data/refined_set\5upj\5upj_pocket.pdb,data/refined_set\5upj\5upj_ligand.mol2,mol2,True,,refined
5upz,data/refined_set\5upz\5upz_protein.pdb,data/refined_set\5upz\5upz_pocket.pdb,data/refined_set\5upz\5upz_ligand.mol2,mol2,True,,refined
5ut6,data/refined_set\5ut6\5ut6_protein.pdb,data/refined_set\5ut6\5ut6_pocket.pdb,data/refined_set\5ut6\5ut6_ligand.mol2,mol2,True,,refined
5uv2,data/refined_set\5uv2\5uv2_protein.pdb,data/refined_set\5uv2\5uv2_pocket.pdb,data/refined_set\5uv2\5uv2_ligand.mol2,mol2,True,,refined
5uxf,data/refined_set\5uxf\5uxf_protein.pdb,data/refined_set\5uxf\5uxf_pocket.pdb,data/refined_set\5uxf\5uxf_ligand.mol2,mol2,True,,refined
5v0n,data/refined_set\5v0n\5v0n_protein.pdb,data/refined_set\5v0n\5v0n_pocket.pdb,data/refined_set\5v0n\5v0n_ligand.mol2,mol2,True,,refined
5v79,data/refined_set\5v79\5v79_protein.pdb,data/refined_set\5v79\5v79_pocket.pdb,data/refined_set\5v79\5v79_ligand.mol2,mol2,True,,refined
5v7a,data/refined_set\5v7a\5v7a_protein.pdb,data/refined_set\5v7a\5v7a_pocket.pdb,data/refined_set\5v7a\5v7a_ligand.mol2,mol2,True,,refined
5v82,data/refined_set\5v82\5v82_protein.pdb,data/refined_set\5v82\5v82_pocket.pdb,data/refined_set\5v82\5v82_ligand.mol2,mol2,True,,refined
5var,data/refined_set\5var\5var_protein.pdb,data/refined_set\5var\5var_pocket.pdb,data/refined_set\5var\5var_ligand.mol2,mol2,True,,refined
5vb5,data/refined_set\5vb5\5vb5_protein.pdb,data/refined_set\5vb5\5vb5_pocket.pdb,data/refined_set\5vb5\5vb5_ligand.mol2,mol2,True,,refined
5vb6,data/refined_set\5vb6\5vb6_protein.pdb,data/refined_set\5vb6\5vb6_pocket.pdb,data/refined_set\5vb6\5vb6_ligand.mol2,mol2,True,,refined
5vb7,data/refined_set\5vb7\5vb7_protein.pdb,data/refined_set\5vb7\5vb7_pocket.pdb,data/refined_set\5vb7\5vb7_ligand.mol2,mol2,True,,refined
5vc3,data/refined_set\5vc3\5vc3_protein.pdb,data/refined_set\5vc3\5vc3_pocket.pdb,data/refined_set\5vc3\5vc3_ligand.mol2,mol2,True,,refined
5vc4,data/refined_set\5vc4\5vc4_protein.pdb,data/refined_set\5vc4\5vc4_pocket.pdb,data/refined_set\5vc4\5vc4_ligand.mol2,mol2,True,,refined
5vcv,data/refined_set\5vcv\5vcv_protein.pdb,data/refined_set\5vcv\5vcv_pocket.pdb,data/refined_set\5vcv\5vcv_ligand.mol2,mol2,True,,refined
5vcw,data/refined_set\5vcw\5vcw_protein.pdb,data/refined_set\5vcw\5vcw_pocket.pdb,data/refined_set\5vcw\5vcw_ligand.mol2,mol2,True,,refined
5vcy,data/refined_set\5vcy\5vcy_protein.pdb,data/refined_set\5vcy\5vcy_pocket.pdb,data/refined_set\5vcy\5vcy_ligand.mol2,mol2,True,,refined
5vcz,data/refined_set\5vcz\5vcz_protein.pdb,data/refined_set\5vcz\5vcz_pocket.pdb,data/refined_set\5vcz\5vcz_ligand.mol2,mol2,True,,refined
5vd0,data/refined_set\5vd0\5vd0_protein.pdb,data/refined_set\5vd0\5vd0_pocket.pdb,data/refined_set\5vd0\5vd0_ligand.mol2,mol2,True,,refined
5vd1,data/refined_set\5vd1\5vd1_protein.pdb,data/refined_set\5vd1\5vd1_pocket.pdb,data/refined_set\5vd1\5vd1_ligand.mol2,mol2,True,,refined
5vd2,data/refined_set\5vd2\5vd2_protein.pdb,data/refined_set\5vd2\5vd2_pocket.pdb,data/refined_set\5vd2\5vd2_ligand.mol2,mol2,True,,refined
5vd3,data/refined_set\5vd3\5vd3_protein.pdb,data/refined_set\5vd3\5vd3_pocket.pdb,data/refined_set\5vd3\5vd3_ligand.mol2,mol2,True,,refined
5vgy,data/refined_set\5vgy\5vgy_protein.pdb,data/refined_set\5vgy\5vgy_pocket.pdb,data/refined_set\5vgy\5vgy_ligand.mol2,mol2,True,,refined
5vh0,data/refined_set\5vh0\5vh0_protein.pdb,data/refined_set\5vh0\5vh0_pocket.pdb,data/refined_set\5vh0\5vh0_ligand.mol2,mol2,True,,refined
5vi6,data/refined_set\5vi6\5vi6_protein.pdb,data/refined_set\5vi6\5vi6_pocket.pdb,data/refined_set\5vi6\5vi6_ligand.mol2,mol2,True,,refined
5vih,data/refined_set\5vih\5vih_protein.pdb,data/refined_set\5vih\5vih_pocket.pdb,data/refined_set\5vih\5vih_ligand.mol2,mol2,True,,refined
5vij,data/refined_set\5vij\5vij_protein.pdb,data/refined_set\5vij\5vij_pocket.pdb,data/refined_set\5vij\5vij_ligand.mol2,mol2,True,,refined
5vja,data/refined_set\5vja\5vja_protein.pdb,data/refined_set\5vja\5vja_pocket.pdb,data/refined_set\5vja\5vja_ligand.mol2,mol2,True,,refined
5vkc,data/refined_set\5vkc\5vkc_protein.pdb,data/refined_set\5vkc\5vkc_pocket.pdb,data/refined_set\5vkc\5vkc_ligand.mol2,mol2,True,,refined
5vl2,data/refined_set\5vl2\5vl2_protein.pdb,data/refined_set\5vl2\5vl2_pocket.pdb,data/refined_set\5vl2\5vl2_ligand.mol2,mol2,True,,refined
5vm0,data/refined_set\5vm0\5vm0_protein.pdb,data/refined_set\5vm0\5vm0_pocket.pdb,data/refined_set\5vm0\5vm0_ligand.mol2,mol2,True,,refined
5vo1,data/refined_set\5vo1\5vo1_protein.pdb,data/refined_set\5vo1\5vo1_pocket.pdb,data/refined_set\5vo1\5vo1_ligand.mol2,mol2,True,,refined
5voj,data/refined_set\5voj\5voj_protein.pdb,data/refined_set\5voj\5voj_pocket.pdb,data/refined_set\5voj\5voj_ligand.mol2,mol2,True,,refined
5vp9,data/refined_set\5vp9\5vp9_protein.pdb,data/refined_set\5vp9\5vp9_pocket.pdb,data/refined_set\5vp9\5vp9_ligand.mol2,mol2,True,,refined
5vr8,data/refined_set\5vr8\5vr8_protein.pdb,data/refined_set\5vr8\5vr8_pocket.pdb,data/refined_set\5vr8\5vr8_ligand.mol2,mol2,True,,refined
5vsf,data/refined_set\5vsf\5vsf_protein.pdb,data/refined_set\5vsf\5vsf_pocket.pdb,data/refined_set\5vsf\5vsf_ligand.mol2,mol2,True,,refined
5vsj,data/refined_set\5vsj\5vsj_protein.pdb,data/refined_set\5vsj\5vsj_pocket.pdb,data/refined_set\5vsj\5vsj_ligand.mol2,mol2,True,,refined
5vyy,data/refined_set\5vyy\5vyy_protein.pdb,data/refined_set\5vyy\5vyy_pocket.pdb,data/refined_set\5vyy\5vyy_ligand.mol2,mol2,True,,refined
5w1e,data/refined_set\5w1e\5w1e_protein.pdb,data/refined_set\5w1e\5w1e_pocket.pdb,data/refined_set\5w1e\5w1e_ligand.mol2,mol2,True,,refined
5w2s,data/refined_set\5w2s\5w2s_protein.pdb,data/refined_set\5w2s\5w2s_pocket.pdb,data/refined_set\5w2s\5w2s_ligand.mol2,mol2,True,,refined
5w44,data/refined_set\5w44\5w44_protein.pdb,data/refined_set\5w44\5w44_pocket.pdb,data/refined_set\5w44\5w44_ligand.mol2,mol2,True,,refined
5wa5,data/refined_set\5wa5\5wa5_protein.pdb,data/refined_set\5wa5\5wa5_pocket.pdb,data/refined_set\5wa5\5wa5_ligand.mol2,mol2,True,,refined
5wa8,data/refined_set\5wa8\5wa8_protein.pdb,data/refined_set\5wa8\5wa8_pocket.pdb,data/refined_set\5wa8\5wa8_ligand.mol2,mol2,True,,refined
5wa9,data/refined_set\5wa9\5wa9_protein.pdb,data/refined_set\5wa9\5wa9_pocket.pdb,data/refined_set\5wa9\5wa9_ligand.mol2,mol2,True,,refined
5wal,data/refined_set\5wal\5wal_protein.pdb,data/refined_set\5wal\5wal_pocket.pdb,data/refined_set\5wal\5wal_ligand.mol2,mol2,True,,refined
5wbm,data/refined_set\5wbm\5wbm_protein.pdb,data/refined_set\5wbm\5wbm_pocket.pdb,data/refined_set\5wbm\5wbm_ligand.mol2,mol2,True,,refined
5wbo,data/refined_set\5wbo\5wbo_protein.pdb,data/refined_set\5wbo\5wbo_pocket.pdb,data/refined_set\5wbo\5wbo_ligand.mol2,mol2,True,,refined
5wcm,data/refined_set\5wcm\5wcm_protein.pdb,data/refined_set\5wcm\5wcm_pocket.pdb,data/refined_set\5wcm\5wcm_ligand.mol2,mol2,True,,refined
5we9,data/refined_set\5we9\5we9_protein.pdb,data/refined_set\5we9\5we9_pocket.pdb,data/refined_set\5we9\5we9_ligand.mol2,mol2,True,,refined
5wex,data/refined_set\5wex\5wex_protein.pdb,data/refined_set\5wex\5wex_pocket.pdb,data/refined_set\5wex\5wex_ligand.mol2,mol2,True,,refined
5wgp,data/refined_set\5wgp\5wgp_protein.pdb,data/refined_set\5wgp\5wgp_pocket.pdb,data/refined_set\5wgp\5wgp_ligand.mol2,mol2,True,,refined
5wij,data/refined_set\5wij\5wij_protein.pdb,data/refined_set\5wij\5wij_pocket.pdb,data/refined_set\5wij\5wij_ligand.mol2,mol2,True,,refined
5win,data/refined_set\5win\5win_protein.pdb,data/refined_set\5win\5win_pocket.pdb,data/refined_set\5win\5win_ligand.mol2,mol2,True,,refined
5wl0,data/refined_set\5wl0\5wl0_protein.pdb,data/refined_set\5wl0\5wl0_pocket.pdb,data/refined_set\5wl0\5wl0_ligand.mol2,mol2,True,,refined
5wlo,data/refined_set\5wlo\5wlo_protein.pdb,data/refined_set\5wlo\5wlo_pocket.pdb,data/refined_set\5wlo\5wlo_ligand.mol2,mol2,True,,refined
5wmg,data/refined_set\5wmg\5wmg_protein.pdb,data/refined_set\5wmg\5wmg_pocket.pdb,data/refined_set\5wmg\5wmg_ligand.mol2,mol2,True,,refined
5wp5,data/refined_set\5wp5\5wp5_protein.pdb,data/refined_set\5wp5\5wp5_pocket.pdb,data/refined_set\5wp5\5wp5_ligand.mol2,mol2,True,,refined
5wqc,data/refined_set\5wqc\5wqc_protein.pdb,data/refined_set\5wqc\5wqc_pocket.pdb,data/refined_set\5wqc\5wqc_ligand.mol2,mol2,True,,refined
5wuk,data/refined_set\5wuk\5wuk_protein.pdb,data/refined_set\5wuk\5wuk_pocket.pdb,data/refined_set\5wuk\5wuk_ligand.mol2,mol2,True,,refined
5wxh,data/refined_set\5wxh\5wxh_protein.pdb,data/refined_set\5wxh\5wxh_pocket.pdb,data/refined_set\5wxh\5wxh_ligand.mol2,mol2,True,,refined
5wyx,data/refined_set\5wyx\5wyx_protein.pdb,data/refined_set\5wyx\5wyx_pocket.pdb,data/refined_set\5wyx\5wyx_ligand.mol2,mol2,True,,refined
5wyz,data/refined_set\5wyz\5wyz_protein.pdb,data/refined_set\5wyz\5wyz_pocket.pdb,data/refined_set\5wyz\5wyz_ligand.mol2,mol2,True,,refined
5x54,data/refined_set\5x54\5x54_protein.pdb,data/refined_set\5x54\5x54_pocket.pdb,data/refined_set\5x54\5x54_ligand.mol2,mol2,True,,refined
5x62,data/refined_set\5x62\5x62_protein.pdb,data/refined_set\5x62\5x62_pocket.pdb,data/refined_set\5x62\5x62_ligand.mol2,mol2,True,,refined
5x74,data/refined_set\5x74\5x74_protein.pdb,data/refined_set\5x74\5x74_pocket.pdb,data/refined_set\5x74\5x74_ligand.mol2,mol2,True,,refined
5xg5,data/refined_set\5xg5\5xg5_protein.pdb,data/refined_set\5xg5\5xg5_pocket.pdb,data/refined_set\5xg5\5xg5_ligand.mol2,mol2,True,,refined
5xmx,data/refined_set\5xmx\5xmx_protein.pdb,data/refined_set\5xmx\5xmx_pocket.pdb,data/refined_set\5xmx\5xmx_ligand.mol2,mol2,True,,refined
5xo7,data/refined_set\5xo7\5xo7_protein.pdb,data/refined_set\5xo7\5xo7_pocket.pdb,data/refined_set\5xo7\5xo7_ligand.mol2,mol2,True,,refined
5xpi,data/refined_set\5xpi\5xpi_protein.pdb,data/refined_set\5xpi\5xpi_pocket.pdb,data/refined_set\5xpi\5xpi_ligand.mol2,mol2,True,,refined
5xsr,data/refined_set\5xsr\5xsr_protein.pdb,data/refined_set\5xsr\5xsr_pocket.pdb,data/refined_set\5xsr\5xsr_ligand.mol2,mol2,True,,refined
5xva,data/refined_set\5xva\5xva_protein.pdb,data/refined_set\5xva\5xva_pocket.pdb,data/refined_set\5xva\5xva_ligand.mol2,mol2,True,,refined
5xvg,data/refined_set\5xvg\5xvg_protein.pdb,data/refined_set\5xvg\5xvg_pocket.pdb,data/refined_set\5xvg\5xvg_ligand.mol2,mol2,True,,refined
5y12,data/refined_set\5y12\5y12_protein.pdb,data/refined_set\5y12\5y12_pocket.pdb,data/refined_set\5y12\5y12_ligand.mol2,mol2,True,,refined
5y13,data/refined_set\5y13\5y13_protein.pdb,data/refined_set\5y13\5y13_pocket.pdb,data/refined_set\5y13\5y13_ligand.mol2,mol2,True,,refined
5y8y,data/refined_set\5y8y\5y8y_protein.pdb,data/refined_set\5y8y\5y8y_pocket.pdb,data/refined_set\5y8y\5y8y_ligand.mol2,mol2,True,,refined
5y94,data/refined_set\5y94\5y94_protein.pdb,data/refined_set\5y94\5y94_pocket.pdb,data/refined_set\5y94\5y94_ligand.mol2,mol2,True,,refined
5ya5,data/refined_set\5ya5\5ya5_protein.pdb,data/refined_set\5ya5\5ya5_pocket.pdb,data/refined_set\5ya5\5ya5_ligand.mol2,mol2,True,,refined
5yas,data/refined_set\5yas\5yas_protein.pdb,data/refined_set\5yas\5yas_pocket.pdb,data/refined_set\5yas\5yas_ligand.mol2,mol2,True,,refined
5yfs,data/refined_set\5yfs\5yfs_protein.pdb,data/refined_set\5yfs\5yfs_pocket.pdb,data/refined_set\5yfs\5yfs_ligand.mol2,mol2,True,,refined
5yft,data/refined_set\5yft\5yft_protein.pdb,data/refined_set\5yft\5yft_pocket.pdb,data/refined_set\5yft\5yft_ligand.mol2,mol2,True,,refined
5yh8,data/refined_set\5yh8\5yh8_protein.pdb,data/refined_set\5yh8\5yh8_pocket.pdb,data/refined_set\5yh8\5yh8_ligand.mol2,mol2,True,,refined
5yhe,data/refined_set\5yhe\5yhe_protein.pdb,data/refined_set\5yhe\5yhe_pocket.pdb,data/refined_set\5yhe\5yhe_ligand.mol2,mol2,True,,refined
5yhg,data/refined_set\5yhg\5yhg_protein.pdb,data/refined_set\5yhg\5yhg_pocket.pdb,data/refined_set\5yhg\5yhg_ligand.mol2,mol2,True,,refined
5yj8,data/refined_set\5yj8\5yj8_protein.pdb,data/refined_set\5yj8\5yj8_pocket.pdb,data/refined_set\5yj8\5yj8_ligand.mol2,mol2,True,,refined
5yjm,data/refined_set\5yjm\5yjm_protein.pdb,data/refined_set\5yjm\5yjm_pocket.pdb,data/refined_set\5yjm\5yjm_ligand.mol2,mol2,True,,refined
5yl2,data/refined_set\5yl2\5yl2_protein.pdb,data/refined_set\5yl2\5yl2_pocket.pdb,data/refined_set\5yl2\5yl2_ligand.mol2,mol2,True,,refined
5ymx,data/refined_set\5ymx\5ymx_protein.pdb,data/refined_set\5ymx\5ymx_pocket.pdb,data/refined_set\5ymx\5ymx_ligand.mol2,mol2,True,,refined
5yqx,data/refined_set\5yqx\5yqx_protein.pdb,data/refined_set\5yqx\5yqx_pocket.pdb,data/refined_set\5yqx\5yqx_ligand.mol2,mol2,True,,refined
5yum,data/refined_set\5yum\5yum_protein.pdb,data/refined_set\5yum\5yum_pocket.pdb,data/refined_set\5yum\5yum_ligand.mol2,mol2,True,,refined
5yyf,data/refined_set\5yyf\5yyf_protein.pdb,data/refined_set\5yyf\5yyf_pocket.pdb,data/refined_set\5yyf\5yyf_ligand.mol2,mol2,True,,refined
5yz2,data/refined_set\5yz2\5yz2_protein.pdb,data/refined_set\5yz2\5yz2_pocket.pdb,data/refined_set\5yz2\5yz2_ligand.mol2,mol2,True,,refined
5z5f,data/refined_set\5z5f\5z5f_protein.pdb,data/refined_set\5z5f\5z5f_pocket.pdb,data/refined_set\5z5f\5z5f_ligand.mol2,mol2,True,,refined
5z66,data/refined_set\5z66\5z66_protein.pdb,data/refined_set\5z66\5z66_pocket.pdb,data/refined_set\5z66\5z66_ligand.mol2,mol2,True,,refined
5z7b,data/refined_set\5z7b\5z7b_protein.pdb,data/refined_set\5z7b\5z7b_pocket.pdb,data/refined_set\5z7b\5z7b_ligand.mol2,mol2,True,,refined
5z7j,data/refined_set\5z7j\5z7j_protein.pdb,data/refined_set\5z7j\5z7j_pocket.pdb,data/refined_set\5z7j\5z7j_ligand.mol2,mol2,True,,refined
5z99,data/refined_set\5z99\5z99_protein.pdb,data/refined_set\5z99\5z99_pocket.pdb,data/refined_set\5z99\5z99_ligand.mol2,mol2,True,,refined
5za7,data/refined_set\5za7\5za7_protein.pdb,data/refined_set\5za7\5za7_pocket.pdb,data/refined_set\5za7\5za7_ligand.mol2,mol2,True,,refined
5za8,data/refined_set\5za8\5za8_protein.pdb,data/refined_set\5za8\5za8_pocket.pdb,data/refined_set\5za8\5za8_ligand.mol2,mol2,True,,refined
5za9,data/refined_set\5za9\5za9_protein.pdb,data/refined_set\5za9\5za9_pocket.pdb,data/refined_set\5za9\5za9_ligand.mol2,mol2,True,,refined
5zae,data/refined_set\5zae\5zae_protein.pdb,data/refined_set\5zae\5zae_pocket.pdb,data/refined_set\5zae\5zae_ligand.mol2,mol2,True,,refined
5zaf,data/refined_set\5zaf\5zaf_protein.pdb,data/refined_set\5zaf\5zaf_pocket.pdb,data/refined_set\5zaf\5zaf_ligand.mol2,mol2,True,,refined
5zag,data/refined_set\5zag\5zag_protein.pdb,data/refined_set\5zag\5zag_pocket.pdb,data/refined_set\5zag\5zag_ligand.mol2,mol2,True,,refined
5zaj,data/refined_set\5zaj\5zaj_protein.pdb,data/refined_set\5zaj\5zaj_pocket.pdb,data/refined_set\5zaj\5zaj_ligand.mol2,mol2,True,,refined
5zc5,data/refined_set\5zc5\5zc5_protein.pdb,data/refined_set\5zc5\5zc5_pocket.pdb,data/refined_set\5zc5\5zc5_ligand.mol2,mol2,True,,refined
5zdb,data/refined_set\5zdb\5zdb_protein.pdb,data/refined_set\5zdb\5zdb_pocket.pdb,data/refined_set\5zdb\5zdb_ligand.mol2,mol2,True,,refined
5zg0,data/refined_set\5zg0\5zg0_protein.pdb,data/refined_set\5zg0\5zg0_pocket.pdb,data/refined_set\5zg0\5zg0_ligand.mol2,mol2,True,,refined
5zg1,data/refined_set\5zg1\5zg1_protein.pdb,data/refined_set\5zg1\5zg1_pocket.pdb,data/refined_set\5zg1\5zg1_ligand.mol2,mol2,True,,refined
5zg3,data/refined_set\5zg3\5zg3_protein.pdb,data/refined_set\5zg3\5zg3_pocket.pdb,data/refined_set\5zg3\5zg3_ligand.mol2,mol2,True,,refined
5zhl,data/refined_set\5zhl\5zhl_protein.pdb,data/refined_set\5zhl\5zhl_pocket.pdb,data/refined_set\5zhl\5zhl_ligand.mol2,mol2,True,,refined
5zkc,data/refined_set\5zkc\5zkc_protein.pdb,data/refined_set\5zkc\5zkc_pocket.pdb,data/refined_set\5zkc\5zkc_ligand.mol2,mol2,True,,refined
5znc,data/refined_set\5znc\5znc_protein.pdb,data/refined_set\5znc\5znc_pocket.pdb,data/refined_set\5znc\5znc_ligand.mol2,mol2,True,,refined
5zni,data/refined_set\5zni\5zni_protein.pdb,data/refined_set\5zni\5zni_pocket.pdb,data/refined_set\5zni\5zni_ligand.mol2,mol2,True,,refined
5zo8,data/refined_set\5zo8\5zo8_protein.pdb,data/refined_set\5zo8\5zo8_pocket.pdb,data/refined_set\5zo8\5zo8_ligand.mol2,mol2,True,,refined
5zvw,data/refined_set\5zvw\5zvw_protein.pdb,data/refined_set\5zvw\5zvw_pocket.pdb,data/refined_set\5zvw\5zvw_ligand.mol2,mol2,True,,refined
5zw6,data/refined_set\5zw6\5zw6_protein.pdb,data/refined_set\5zw6\5zw6_pocket.pdb,data/refined_set\5zw6\5zw6_ligand.mol2,mol2,True,,refined
5zyg,data/refined_set\5zyg\5zyg_protein.pdb,data/refined_set\5zyg\5zyg_pocket.pdb,data/refined_set\5zyg\5zyg_ligand.mol2,mol2,True,,refined
5zyl,data/refined_set\5zyl\5zyl_protein.pdb,data/refined_set\5zyl\5zyl_pocket.pdb,data/refined_set\5zyl\5zyl_ligand.mol2,mol2,True,,refined
5zym,data/refined_set\5zym\5zym_protein.pdb,data/refined_set\5zym\5zym_pocket.pdb,data/refined_set\5zym\5zym_ligand.mol2,mol2,True,,refined
6a87,data/refined_set\6a87\6a87_protein.pdb,data/refined_set\6a87\6a87_pocket.pdb,data/refined_set\6a87\6a87_ligand.mol2,mol2,True,,refined
6abx,data/refined_set\6abx\6abx_protein.pdb,data/refined_set\6abx\6abx_pocket.pdb,data/refined_set\6abx\6abx_ligand.mol2,mol2,True,,refined
6ajr,data/refined_set\6ajr\6ajr_protein.pdb,data/refined_set\6ajr\6ajr_pocket.pdb,data/refined_set\6ajr\6ajr_ligand.mol2,mol2,True,,refined
6ajv,data/refined_set\6ajv\6ajv_protein.pdb,data/refined_set\6ajv\6ajv_pocket.pdb,data/refined_set\6ajv\6ajv_ligand.mol2,mol2,True,,refined
6ajy,data/refined_set\6ajy\6ajy_protein.pdb,data/refined_set\6ajy\6ajy_pocket.pdb,data/refined_set\6ajy\6ajy_ligand.mol2,mol2,True,,refined
6ajz,data/refined_set\6ajz\6ajz_protein.pdb,data/refined_set\6ajz\6ajz_pocket.pdb,data/refined_set\6ajz\6ajz_ligand.mol2,mol2,True,,refined
6aox,data/refined_set\6aox\6aox_protein.pdb,data/refined_set\6aox\6aox_pocket.pdb,data/refined_set\6aox\6aox_ligand.mol2,mol2,True,,refined
6aqs,data/refined_set\6aqs\6aqs_protein.pdb,data/refined_set\6aqs\6aqs_pocket.pdb,data/refined_set\6aqs\6aqs_ligand.mol2,mol2,True,,refined
6arm,data/refined_set\6arm\6arm_protein.pdb,data/refined_set\6arm\6arm_pocket.pdb,data/refined_set\6arm\6arm_ligand.mol2,mol2,True,,refined
6arn,data/refined_set\6arn\6arn_protein.pdb,data/refined_set\6arn\6arn_pocket.pdb,data/refined_set\6arn\6arn_ligand.mol2,mol2,True,,refined
6aro,data/refined_set\6aro\6aro_protein.pdb,data/refined_set\6aro\6aro_pocket.pdb,data/refined_set\6aro\6aro_ligand.mol2,mol2,True,,refined
6as8,data/refined_set\6as8\6as8_protein.pdb,data/refined_set\6as8\6as8_pocket.pdb,data/refined_set\6as8\6as8_ligand.mol2,mol2,True,,refined
6ayi,data/refined_set\6ayi\6ayi_protein.pdb,data/refined_set\6ayi\6ayi_pocket.pdb,data/refined_set\6ayi\6ayi_ligand.mol2,mol2,True,,refined
6ayo,data/refined_set\6ayo\6ayo_protein.pdb,data/refined_set\6ayo\6ayo_pocket.pdb,data/refined_set\6ayo\6ayo_ligand.mol2,mol2,True,,refined
6ayq,data/refined_set\6ayq\6ayq_protein.pdb,data/refined_set\6ayq\6ayq_pocket.pdb,data/refined_set\6ayq\6ayq_ligand.mol2,mol2,True,,refined
6ayr,data/refined_set\6ayr\6ayr_protein.pdb,data/refined_set\6ayr\6ayr_pocket.pdb,data/refined_set\6ayr\6ayr_ligand.mol2,mol2,True,,refined
6ays,data/refined_set\6ays\6ays_protein.pdb,data/refined_set\6ays\6ays_pocket.pdb,data/refined_set\6ays\6ays_ligand.mol2,mol2,True,,refined
6ayt,data/refined_set\6ayt\6ayt_protein.pdb,data/refined_set\6ayt\6ayt_pocket.pdb,data/refined_set\6ayt\6ayt_ligand.mol2,mol2,True,,refined
6b1k,data/refined_set\6b1k\6b1k_protein.pdb,data/refined_set\6b1k\6b1k_pocket.pdb,data/refined_set\6b1k\6b1k_ligand.mol2,mol2,True,,refined
6b4d,data/refined_set\6b4d\6b4d_protein.pdb,data/refined_set\6b4d\6b4d_pocket.pdb,data/refined_set\6b4d\6b4d_ligand.mol2,mol2,True,,refined
6b4l,data/refined_set\6b4l\6b4l_protein.pdb,data/refined_set\6b4l\6b4l_pocket.pdb,data/refined_set\6b4l\6b4l_ligand.mol2,mol2,True,,refined
6b4n,data/refined_set\6b4n\6b4n_protein.pdb,data/refined_set\6b4n\6b4n_pocket.pdb,data/refined_set\6b4n\6b4n_ligand.mol2,mol2,True,,refined
6b4u,data/refined_set\6b4u\6b4u_protein.pdb,data/refined_set\6b4u\6b4u_pocket.pdb,data/refined_set\6b4u\6b4u_ligand.mol2,mol2,True,,refined
6b59,data/refined_set\6b59\6b59_protein.pdb,data/refined_set\6b59\6b59_pocket.pdb,data/refined_set\6b59\6b59_ligand.mol2,mol2,True,,refined
6b5q,data/refined_set\6b5q\6b5q_protein.pdb,data/refined_set\6b5q\6b5q_pocket.pdb,data/refined_set\6b5q\6b5q_ligand.mol2,mol2,True,,refined
6b7a,data/refined_set\6b7a\6b7a_protein.pdb,data/refined_set\6b7a\6b7a_pocket.pdb,data/refined_set\6b7a\6b7a_ligand.mol2,mol2,True,,refined
6b7b,data/refined_set\6b7b\6b7b_protein.pdb,data/refined_set\6b7b\6b7b_pocket.pdb,data/refined_set\6b7b\6b7b_ligand.mol2,mol2,True,,refined
6b96,data/refined_set\6b96\6b96_protein.pdb,data/refined_set\6b96\6b96_pocket.pdb,data/refined_set\6b96\6b96_ligand.mol2,mol2,True,,refined
6b97,data/refined_set\6b97\6b97_protein.pdb,data/refined_set\6b97\6b97_pocket.pdb,data/refined_set\6b97\6b97_ligand.mol2,mol2,True,,refined
6b98,data/refined_set\6b98\6b98_protein.pdb,data/refined_set\6b98\6b98_pocket.pdb,data/refined_set\6b98\6b98_ligand.mol2,mol2,True,,refined
6bbx,data/refined_set\6bbx\6bbx_protein.pdb,data/refined_set\6bbx\6bbx_pocket.pdb,data/refined_set\6bbx\6bbx_ligand.mol2,mol2,True,,refined
6bdy,data/refined_set\6bdy\6bdy_protein.pdb,data/refined_set\6bdy\6bdy_pocket.pdb,data/refined_set\6bdy\6bdy_ligand.mol2,mol2,True,,refined
6bhv,data/refined_set\6bhv\6bhv_protein.pdb,data/refined_set\6bhv\6bhv_pocket.pdb,data/refined_set\6bhv\6bhv_ligand.mol2,mol2,True,,refined
6bm5,data/refined_set\6bm5\6bm5_protein.pdb,data/refined_set\6bm5\6bm5_pocket.pdb,data/refined_set\6bm5\6bm5_ligand.mol2,mol2,True,,refined
6bm6,data/refined_set\6bm6\6bm6_protein.pdb,data/refined_set\6bm6\6bm6_pocket.pdb,data/refined_set\6bm6\6bm6_ligand.mol2,mol2,True,,refined
6bs3,data/refined_set\6bs3\6bs3_protein.pdb,data/refined_set\6bs3\6bs3_pocket.pdb,data/refined_set\6bs3\6bs3_ligand.mol2,mol2,True,,refined
6bs4,data/refined_set\6bs4\6bs4_protein.pdb,data/refined_set\6bs4\6bs4_pocket.pdb,data/refined_set\6bs4\6bs4_ligand.mol2,mol2,True,,refined
6c0s,data/refined_set\6c0s\6c0s_protein.pdb,data/refined_set\6c0s\6c0s_pocket.pdb,data/refined_set\6c0s\6c0s_ligand.mol2,mol2,True,,refined
6c2r,data/refined_set\6c2r\6c2r_protein.pdb,data/refined_set\6c2r\6c2r_pocket.pdb,data/refined_set\6c2r\6c2r_ligand.mol2,mol2,True,,refined
6c7q,data/refined_set\6c7q\6c7q_protein.pdb,data/refined_set\6c7q\6c7q_pocket.pdb,data/refined_set\6c7q\6c7q_ligand.mol2,mol2,True,,refined
6c7w,data/refined_set\6c7w\6c7w_protein.pdb,data/refined_set\6c7w\6c7w_pocket.pdb,data/refined_set\6c7w\6c7w_ligand.mol2,mol2,True,,refined
6c7x,data/refined_set\6c7x\6c7x_protein.pdb,data/refined_set\6c7x\6c7x_pocket.pdb,data/refined_set\6c7x\6c7x_ligand.mol2,mol2,True,,refined
6c85,data/refined_set\6c85\6c85_protein.pdb,data/refined_set\6c85\6c85_pocket.pdb,data/refined_set\6c85\6c85_ligand.mol2,mol2,True,,refined
6c9s,data/refined_set\6c9s\6c9s_protein.pdb,data/refined_set\6c9s\6c9s_pocket.pdb,data/refined_set\6c9s\6c9s_ligand.mol2,mol2,True,,refined
6c9v,data/refined_set\6c9v\6c9v_protein.pdb,data/refined_set\6c9v\6c9v_pocket.pdb,data/refined_set\6c9v\6c9v_ligand.mol2,mol2,True,,refined
6cbf,data/refined_set\6cbf\6cbf_protein.pdb,data/refined_set\6cbf\6cbf_pocket.pdb,data/refined_set\6cbf\6cbf_ligand.mol2,mol2,True,,refined
6cbg,data/refined_set\6cbg\6cbg_protein.pdb,data/refined_set\6cbg\6cbg_pocket.pdb,data/refined_set\6cbg\6cbg_ligand.mol2,mol2,True,,refined
6cdj,data/refined_set\6cdj\6cdj_protein.pdb,data/refined_set\6cdj\6cdj_pocket.pdb,data/refined_set\6cdj\6cdj_ligand.mol2,mol2,True,,refined
6cdl,data/refined_set\6cdl\6cdl_protein.pdb,data/refined_set\6cdl\6cdl_pocket.pdb,data/refined_set\6cdl\6cdl_ligand.mol2,mol2,True,,refined
6cdo,data/refined_set\6cdo\6cdo_protein.pdb,data/refined_set\6cdo\6cdo_pocket.pdb,data/refined_set\6cdo\6cdo_ligand.mol2,mol2,True,,refined
6cdp,data/refined_set\6cdp\6cdp_protein.pdb,data/refined_set\6cdp\6cdp_pocket.pdb,data/refined_set\6cdp\6cdp_ligand.mol2,mol2,True,,refined
6ce6,data/refined_set\6ce6\6ce6_protein.pdb,data/refined_set\6ce6\6ce6_pocket.pdb,data/refined_set\6ce6\6ce6_ligand.mol2,mol2,True,,refined
6ced,data/refined_set\6ced\6ced_protein.pdb,data/refined_set\6ced\6ced_pocket.pdb,data/refined_set\6ced\6ced_ligand.mol2,mol2,True,,refined
6cfc,data/refined_set\6cfc\6cfc_protein.pdb,data/refined_set\6cfc\6cfc_pocket.pdb,data/refined_set\6cfc\6cfc_ligand.mol2,mol2,True,,refined
6chp,data/refined_set\6chp\6chp_protein.pdb,data/refined_set\6chp\6chp_pocket.pdb,data/refined_set\6chp\6chp_ligand.mol2,mol2,True,,refined
6cjr,data/refined_set\6cjr\6cjr_protein.pdb,data/refined_set\6cjr\6cjr_pocket.pdb,data/refined_set\6cjr\6cjr_ligand.mol2,mol2,True,,refined
6cjs,data/refined_set\6cjs\6cjs_protein.pdb,data/refined_set\6cjs\6cjs_pocket.pdb,data/refined_set\6cjs\6cjs_ligand.mol2,mol2,True,,refined
6cjv,data/refined_set\6cjv\6cjv_protein.pdb,data/refined_set\6cjv\6cjv_pocket.pdb,data/refined_set\6cjv\6cjv_ligand.mol2,mol2,True,,refined
6ckr,data/refined_set\6ckr\6ckr_protein.pdb,data/refined_set\6ckr\6ckr_pocket.pdb,data/refined_set\6ckr\6ckr_ligand.mol2,mol2,True,,refined
6cks,data/refined_set\6cks\6cks_protein.pdb,data/refined_set\6cks\6cks_pocket.pdb,data/refined_set\6cks\6cks_ligand.mol2,mol2,True,,refined
6ckw,data/refined_set\6ckw\6ckw_protein.pdb,data/refined_set\6ckw\6ckw_pocket.pdb,data/refined_set\6ckw\6ckw_ligand.mol2,mol2,True,,refined
6cn5,data/refined_set\6cn5\6cn5_protein.pdb,data/refined_set\6cn5\6cn5_pocket.pdb,data/refined_set\6cn5\6cn5_ligand.mol2,mol2,True,,refined
6cpa,data/refined_set\6cpa\6cpa_protein.pdb,data/refined_set\6cpa\6cpa_pocket.pdb,data/refined_set\6cpa\6cpa_ligand.mol2,mol2,True,,refined
6cpw,data/refined_set\6cpw\6cpw_protein.pdb,data/refined_set\6cpw\6cpw_pocket.pdb,data/refined_set\6cpw\6cpw_ligand.mol2,mol2,True,,refined
6cq1,data/refined_set\6cq1\6cq1_protein.pdb,data/refined_set\6cq1\6cq1_pocket.pdb,data/refined_set\6cq1\6cq1_ligand.mol2,mol2,True,,refined
6csp,data/refined_set\6csp\6csp_protein.pdb,data/refined_set\6csp\6csp_pocket.pdb,data/refined_set\6csp\6csp_ligand.mol2,mol2,True,,refined
6csq,data/refined_set\6csq\6csq_protein.pdb,data/refined_set\6csq\6csq_pocket.pdb,data/refined_set\6csq\6csq_ligand.mol2,mol2,True,,refined
6csr,data/refined_set\6csr\6csr_protein.pdb,data/refined_set\6csr\6csr_pocket.pdb,data/refined_set\6csr\6csr_ligand.mol2,mol2,True,,refined
6css,data/refined_set\6css\6css_protein.pdb,data/refined_set\6css\6css_pocket.pdb,data/refined_set\6css\6css_ligand.mol2,mol2,True,,refined
6cvf,data/refined_set\6cvf\6cvf_protein.pdb,data/refined_set\6cvf\6cvf_pocket.pdb,data/refined_set\6cvf\6cvf_ligand.mol2,mol2,True,,refined
6cvv,data/refined_set\6cvv\6cvv_protein.pdb,data/refined_set\6cvv\6cvv_pocket.pdb,data/refined_set\6cvv\6cvv_ligand.mol2,mol2,True,,refined
6cwh,data/refined_set\6cwh\6cwh_protein.pdb,data/refined_set\6cwh\6cwh_pocket.pdb,data/refined_set\6cwh\6cwh_ligand.mol2,mol2,True,,refined
6cwn,data/refined_set\6cwn\6cwn_protein.pdb,data/refined_set\6cwn\6cwn_pocket.pdb,data/refined_set\6cwn\6cwn_ligand.mol2,mol2,True,,refined
6czb,data/refined_set\6czb\6czb_protein.pdb,data/refined_set\6czb\6czb_pocket.pdb,data/refined_set\6czb\6czb_ligand.mol2,mol2,True,,refined
6czc,data/refined_set\6czc\6czc_protein.pdb,data/refined_set\6czc\6czc_pocket.pdb,data/refined_set\6czc\6czc_ligand.mol2,mol2,True,,refined
6cze,data/refined_set\6cze\6cze_protein.pdb,data/refined_set\6cze\6cze_pocket.pdb,data/refined_set\6cze\6cze_ligand.mol2,mol2,True,,refined
6czf,data/refined_set\6czf\6czf_protein.pdb,data/refined_set\6czf\6czf_pocket.pdb,data/refined_set\6czf\6czf_ligand.mol2,mol2,True,,refined
6d15,data/refined_set\6d15\6d15_protein.pdb,data/refined_set\6d15\6d15_pocket.pdb,data/refined_set\6d15\6d15_ligand.mol2,mol2,True,,refined
6d16,data/refined_set\6d16\6d16_protein.pdb,data/refined_set\6d16\6d16_pocket.pdb,data/refined_set\6d16\6d16_ligand.mol2,mol2,True,,refined
6d17,data/refined_set\6d17\6d17_protein.pdb,data/refined_set\6d17\6d17_pocket.pdb,data/refined_set\6d17\6d17_ligand.mol2,mol2,True,,refined
6d18,data/refined_set\6d18\6d18_protein.pdb,data/refined_set\6d18\6d18_pocket.pdb,data/refined_set\6d18\6d18_ligand.mol2,mol2,True,,refined
6d19,data/refined_set\6d19\6d19_protein.pdb,data/refined_set\6d19\6d19_pocket.pdb,data/refined_set\6d19\6d19_ligand.mol2,mol2,True,,refined
6d1a,data/refined_set\6d1a\6d1a_protein.pdb,data/refined_set\6d1a\6d1a_pocket.pdb,data/refined_set\6d1a\6d1a_ligand.mol2,mol2,True,,refined
6d1b,data/refined_set\6d1b\6d1b_protein.pdb,data/refined_set\6d1b\6d1b_pocket.pdb,data/refined_set\6d1b\6d1b_ligand.mol2,mol2,True,,refined
6d1d,data/refined_set\6d1d\6d1d_protein.pdb,data/refined_set\6d1d\6d1d_pocket.pdb,data/refined_set\6d1d\6d1d_ligand.mol2,mol2,True,,refined
6d1g,data/refined_set\6d1g\6d1g_protein.pdb,data/refined_set\6d1g\6d1g_pocket.pdb,data/refined_set\6d1g\6d1g_ligand.mol2,mol2,True,,refined
6d1h,data/refined_set\6d1h\6d1h_protein.pdb,data/refined_set\6d1h\6d1h_pocket.pdb,data/refined_set\6d1h\6d1h_ligand.mol2,mol2,True,,refined
6d1i,data/refined_set\6d1i\6d1i_protein.pdb,data/refined_set\6d1i\6d1i_pocket.pdb,data/refined_set\6d1i\6d1i_ligand.mol2,mol2,True,,refined
6d1j,data/refined_set\6d1j\6d1j_protein.pdb,data/refined_set\6d1j\6d1j_pocket.pdb,data/refined_set\6d1j\6d1j_ligand.mol2,mol2,True,,refined
6d1k,data/refined_set\6d1k\6d1k_protein.pdb,data/refined_set\6d1k\6d1k_pocket.pdb,data/refined_set\6d1k\6d1k_ligand.mol2,mol2,True,,refined
6d2o,data/refined_set\6d2o\6d2o_protein.pdb,data/refined_set\6d2o\6d2o_pocket.pdb,data/refined_set\6d2o\6d2o_ligand.mol2,mol2,True,,refined
6d3q,data/refined_set\6d3q\6d3q_protein.pdb,data/refined_set\6d3q\6d3q_pocket.pdb,data/refined_set\6d3q\6d3q_ligand.mol2,mol2,True,,refined
6d50,data/refined_set\6d50\6d50_protein.pdb,data/refined_set\6d50\6d50_pocket.pdb,data/refined_set\6d50\6d50_ligand.mol2,mol2,True,,refined
6d55,data/refined_set\6d55\6d55_protein.pdb,data/refined_set\6d55\6d55_pocket.pdb,data/refined_set\6d55\6d55_ligand.mol2,mol2,True,,refined
6d56,data/refined_set\6d56\6d56_protein.pdb,data/refined_set\6d56\6d56_pocket.pdb,data/refined_set\6d56\6d56_ligand.mol2,mol2,True,,refined
6d5e,data/refined_set\6d5e\6d5e_protein.pdb,data/refined_set\6d5e\6d5e_pocket.pdb,data/refined_set\6d5e\6d5e_ligand.mol2,mol2,True,,refined
6d5g,data/refined_set\6d5g\6d5g_protein.pdb,data/refined_set\6d5g\6d5g_pocket.pdb,data/refined_set\6d5g\6d5g_ligand.mol2,mol2,True,,refined
6d5h,data/refined_set\6d5h\6d5h_protein.pdb,data/refined_set\6d5h\6d5h_pocket.pdb,data/refined_set\6d5h\6d5h_ligand.mol2,mol2,True,,refined
6d5j,data/refined_set\6d5j\6d5j_protein.pdb,data/refined_set\6d5j\6d5j_pocket.pdb,data/refined_set\6d5j\6d5j_ligand.mol2,mol2,True,,refined
6d78,data/refined_set\6d78\6d78_protein.pdb,data/refined_set\6d78\6d78_pocket.pdb,data/refined_set\6d78\6d78_ligand.mol2,mol2,True,,refined
6d9s,data/refined_set\6d9s\6d9s_protein.pdb,data/refined_set\6d9s\6d9s_pocket.pdb,data/refined_set\6d9s\6d9s_ligand.mol2,mol2,True,,refined
6d9x,data/refined_set\6d9x\6d9x_protein.pdb,data/refined_set\6d9x\6d9x_pocket.pdb,data/refined_set\6d9x\6d9x_ligand.mol2,mol2,True,,refined
6dai,data/refined_set\6dai\6dai_protein.pdb,data/refined_set\6dai\6dai_pocket.pdb,data/refined_set\6dai\6dai_ligand.mol2,mol2,True,,refined
6dak,data/refined_set\6dak\6dak_protein.pdb,data/refined_set\6dak\6dak_pocket.pdb,data/refined_set\6dak\6dak_ligand.mol2,mol2,True,,refined
6dar,data/refined_set\6dar\6dar_protein.pdb,data/refined_set\6dar\6dar_pocket.pdb,data/refined_set\6dar\6dar_ligand.mol2,mol2,True,,refined
6dd0,data/refined_set\6dd0\6dd0_protein.pdb,data/refined_set\6dd0\6dd0_pocket.pdb,data/refined_set\6dd0\6dd0_ligand.mol2,mol2,True,,refined
6det,data/refined_set\6det\6det_protein.pdb,data/refined_set\6det\6det_pocket.pdb,data/refined_set\6det\6det_ligand.mol2,mol2,True,,refined
6dgl,data/refined_set\6dgl\6dgl_protein.pdb,data/refined_set\6dgl\6dgl_pocket.pdb,data/refined_set\6dgl\6dgl_ligand.mol2,mol2,True,,refined
6dgq,data/refined_set\6dgq\6dgq_protein.pdb,data/refined_set\6dgq\6dgq_pocket.pdb,data/refined_set\6dgq\6dgq_ligand.mol2,mol2,True,,refined
6dgr,data/refined_set\6dgr\6dgr_protein.pdb,data/refined_set\6dgr\6dgr_pocket.pdb,data/refined_set\6dgr\6dgr_ligand.mol2,mol2,True,,refined
6dh1,data/refined_set\6dh1\6dh1_protein.pdb,data/refined_set\6dh1\6dh1_pocket.pdb,data/refined_set\6dh1\6dh1_ligand.mol2,mol2,True,,refined
6dh2,data/refined_set\6dh2\6dh2_protein.pdb,data/refined_set\6dh2\6dh2_pocket.pdb,data/refined_set\6dh2\6dh2_ligand.mol2,mol2,True,,refined
6dh6,data/refined_set\6dh6\6dh6_protein.pdb,data/refined_set\6dh6\6dh6_pocket.pdb,data/refined_set\6dh6\6dh6_ligand.mol2,mol2,True,,refined
6dh7,data/refined_set\6dh7\6dh7_protein.pdb,data/refined_set\6dh7\6dh7_pocket.pdb,data/refined_set\6dh7\6dh7_ligand.mol2,mol2,True,,refined
6dh8,data/refined_set\6dh8\6dh8_protein.pdb,data/refined_set\6dh8\6dh8_pocket.pdb,data/refined_set\6dh8\6dh8_ligand.mol2,mol2,True,,refined
6dif,data/refined_set\6dif\6dif_protein.pdb,data/refined_set\6dif\6dif_pocket.pdb,data/refined_set\6dif\6dif_ligand.mol2,mol2,True,,refined
6dil,data/refined_set\6dil\6dil_protein.pdb,data/refined_set\6dil\6dil_pocket.pdb,data/refined_set\6dil\6dil_ligand.mol2,mol2,True,,refined
6dj1,data/refined_set\6dj1\6dj1_protein.pdb,data/refined_set\6dj1\6dj1_pocket.pdb,data/refined_set\6dj1\6dj1_ligand.mol2,mol2,True,,refined
6dj2,data/refined_set\6dj2\6dj2_protein.pdb,data/refined_set\6dj2\6dj2_pocket.pdb,data/refined_set\6dj2\6dj2_ligand.mol2,mol2,True,,refined
6dj5,data/refined_set\6dj5\6dj5_protein.pdb,data/refined_set\6dj5\6dj5_pocket.pdb,data/refined_set\6dj5\6dj5_ligand.mol2,mol2,True,,refined
6dj7,data/refined_set\6dj7\6dj7_protein.pdb,data/refined_set\6dj7\6dj7_pocket.pdb,data/refined_set\6dj7\6dj7_ligand.mol2,mol2,True,,refined
6dl2,data/refined_set\6dl2\6dl2_protein.pdb,data/refined_set\6dl2\6dl2_pocket.pdb,data/refined_set\6dl2\6dl2_ligand.mol2,mol2,True,,refined
6dpt,data/refined_set\6dpt\6dpt_protein.pdb,data/refined_set\6dpt\6dpt_pocket.pdb,data/refined_set\6dpt\6dpt_ligand.mol2,mol2,True,,refined
6dpx,data/refined_set\6dpx\6dpx_protein.pdb,data/refined_set\6dpx\6dpx_pocket.pdb,data/refined_set\6dpx\6dpx_ligand.mol2,mol2,True,,refined
6dpy,data/refined_set\6dpy\6dpy_protein.pdb,data/refined_set\6dpy\6dpy_pocket.pdb,data/refined_set\6dpy\6dpy_ligand.mol2,mol2,True,,refined
6dpz,data/refined_set\6dpz\6dpz_protein.pdb,data/refined_set\6dpz\6dpz_pocket.pdb,data/refined_set\6dpz\6dpz_ligand.mol2,mol2,True,,refined
6dq4,data/refined_set\6dq4\6dq4_protein.pdb,data/refined_set\6dq4\6dq4_pocket.pdb,data/refined_set\6dq4\6dq4_ligand.mol2,mol2,True,,refined
6dsp,data/refined_set\6dsp\6dsp_protein.pdb,data/refined_set\6dsp\6dsp_pocket.pdb,data/refined_set\6dsp\6dsp_ligand.mol2,mol2,True,,refined
6dy7,data/refined_set\6dy7\6dy7_protein.pdb,data/refined_set\6dy7\6dy7_pocket.pdb,data/refined_set\6dy7\6dy7_ligand.mol2,mol2,True,,refined
6dyn,data/refined_set\6dyn\6dyn_protein.pdb,data/refined_set\6dyn\6dyn_pocket.pdb,data/refined_set\6dyn\6dyn_ligand.mol2,mol2,True,,refined
6dyr,data/refined_set\6dyr\6dyr_protein.pdb,data/refined_set\6dyr\6dyr_pocket.pdb,data/refined_set\6dyr\6dyr_ligand.mol2,mol2,True,,refined
6dys,data/refined_set\6dys\6dys_protein.pdb,data/refined_set\6dys\6dys_pocket.pdb,data/refined_set\6dys\6dys_ligand.mol2,mol2,True,,refined
6dyu,data/refined_set\6dyu\6dyu_protein.pdb,data/refined_set\6dyu\6dyu_pocket.pdb,data/refined_set\6dyu\6dyu_ligand.mol2,mol2,True,,refined
6dyv,data/refined_set\6dyv\6dyv_protein.pdb,data/refined_set\6dyv\6dyv_pocket.pdb,data/refined_set\6dyv\6dyv_ligand.mol2,mol2,True,,refined
6dyw,data/refined_set\6dyw\6dyw_protein.pdb,data/refined_set\6dyw\6dyw_pocket.pdb,data/refined_set\6dyw\6dyw_ligand.mol2,mol2,True,,refined
6dyy,data/refined_set\6dyy\6dyy_protein.pdb,data/refined_set\6dyy\6dyy_pocket.pdb,data/refined_set\6dyy\6dyy_ligand.mol2,mol2,True,,refined
6dyz,data/refined_set\6dyz\6dyz_protein.pdb,data/refined_set\6dyz\6dyz_pocket.pdb,data/refined_set\6dyz\6dyz_ligand.mol2,mol2,True,,refined
6dz0,data/refined_set\6dz0\6dz0_protein.pdb,data/refined_set\6dz0\6dz0_pocket.pdb,data/refined_set\6dz0\6dz0_ligand.mol2,mol2,True,,refined
6dz2,data/refined_set\6dz2\6dz2_protein.pdb,data/refined_set\6dz2\6dz2_pocket.pdb,data/refined_set\6dz2\6dz2_ligand.mol2,mol2,True,,refined
6dz3,data/refined_set\6dz3\6dz3_protein.pdb,data/refined_set\6dz3\6dz3_pocket.pdb,data/refined_set\6dz3\6dz3_ligand.mol2,mol2,True,,refined
6dzx,data/refined_set\6dzx\6dzx_protein.pdb,data/refined_set\6dzx\6dzx_pocket.pdb,data/refined_set\6dzx\6dzx_ligand.mol2,mol2,True,,refined
6e1y,data/refined_set\6e1y\6e1y_protein.pdb,data/refined_set\6e1y\6e1y_pocket.pdb,data/refined_set\6e1y\6e1y_ligand.mol2,mol2,True,,refined
6e1z,data/refined_set\6e1z\6e1z_protein.pdb,data/refined_set\6e1z\6e1z_pocket.pdb,data/refined_set\6e1z\6e1z_ligand.mol2,mol2,True,,refined
6e22,data/refined_set\6e22\6e22_protein.pdb,data/refined_set\6e22\6e22_pocket.pdb,data/refined_set\6e22\6e22_ligand.mol2,mol2,True,,refined
6e23,data/refined_set\6e23\6e23_protein.pdb,data/refined_set\6e23\6e23_pocket.pdb,data/refined_set\6e23\6e23_ligand.mol2,mol2,True,,refined
6e4a,data/refined_set\6e4a\6e4a_protein.pdb,data/refined_set\6e4a\6e4a_pocket.pdb,data/refined_set\6e4a\6e4a_ligand.mol2,mol2,True,,refined
6e5l,data/refined_set\6e5l\6e5l_protein.pdb,data/refined_set\6e5l\6e5l_pocket.pdb,data/refined_set\6e5l\6e5l_ligand.mol2,mol2,True,,refined
6e5t,data/refined_set\6e5t\6e5t_protein.pdb,data/refined_set\6e5t\6e5t_pocket.pdb,data/refined_set\6e5t\6e5t_ligand.mol2,mol2,True,,refined
6e6m,data/refined_set\6e6m\6e6m_protein.pdb,data/refined_set\6e6m\6e6m_pocket.pdb,data/refined_set\6e6m\6e6m_ligand.mol2,mol2,True,,refined
6e7j,data/refined_set\6e7j\6e7j_protein.pdb,data/refined_set\6e7j\6e7j_pocket.pdb,data/refined_set\6e7j\6e7j_ligand.mol2,mol2,True,,refined
6e7r,data/refined_set\6e7r\6e7r_protein.pdb,data/refined_set\6e7r\6e7r_pocket.pdb,data/refined_set\6e7r\6e7r_ligand.mol2,mol2,True,,refined
6e7t,data/refined_set\6e7t\6e7t_protein.pdb,data/refined_set\6e7t\6e7t_pocket.pdb,data/refined_set\6e7t\6e7t_ligand.mol2,mol2,True,,refined
6e7u,data/refined_set\6e7u\6e7u_protein.pdb,data/refined_set\6e7u\6e7u_pocket.pdb,data/refined_set\6e7u\6e7u_ligand.mol2,mol2,True,,refined
6e9a,data/refined_set\6e9a\6e9a_protein.pdb,data/refined_set\6e9a\6e9a_pocket.pdb,data/refined_set\6e9a\6e9a_ligand.mol2,mol2,True,,refined
6ebe,data/refined_set\6ebe\6ebe_protein.pdb,data/refined_set\6ebe\6ebe_pocket.pdb,data/refined_set\6ebe\6ebe_ligand.mol2,mol2,True,,refined
6ecz,data/refined_set\6ecz\6ecz_protein.pdb,data/refined_set\6ecz\6ecz_pocket.pdb,data/refined_set\6ecz\6ecz_ligand.mol2,mol2,True,,refined
6edr,data/refined_set\6edr\6edr_protein.pdb,data/refined_set\6edr\6edr_pocket.pdb,data/refined_set\6edr\6edr_ligand.mol2,mol2,True,,refined
6eeb,data/refined_set\6eeb\6eeb_protein.pdb,data/refined_set\6eeb\6eeb_pocket.pdb,data/refined_set\6eeb\6eeb_ligand.mol2,mol2,True,,refined
6eed,data/refined_set\6eed\6eed_protein.pdb,data/refined_set\6eed\6eed_pocket.pdb,data/refined_set\6eed\6eed_ligand.mol2,mol2,True,,refined
6eeo,data/refined_set\6eeo\6eeo_protein.pdb,data/refined_set\6eeo\6eeo_pocket.pdb,data/refined_set\6eeo\6eeo_ligand.mol2,mol2,True,,refined
6efj,data/refined_set\6efj\6efj_protein.pdb,data/refined_set\6efj\6efj_pocket.pdb,data/refined_set\6efj\6efj_ligand.mol2,mol2,True,,refined
6ei5,data/refined_set\6ei5\6ei5_protein.pdb,data/refined_set\6ei5\6ei5_pocket.pdb,data/refined_set\6ei5\6ei5_ligand.mol2,mol2,True,,refined
6eif,data/refined_set\6eif\6eif_protein.pdb,data/refined_set\6eif\6eif_pocket.pdb,data/refined_set\6eif\6eif_ligand.mol2,mol2,True,,refined
6eij,data/refined_set\6eij\6eij_protein.pdb,data/refined_set\6eij\6eij_pocket.pdb,data/refined_set\6eij\6eij_ligand.mol2,mol2,True,,refined
6eiq,data/refined_set\6eiq\6eiq_protein.pdb,data/refined_set\6eiq\6eiq_pocket.pdb,data/refined_set\6eiq\6eiq_ligand.mol2,mol2,True,,refined
6eir,data/refined_set\6eir\6eir_protein.pdb,data/refined_set\6eir\6eir_pocket.pdb,data/refined_set\6eir\6eir_ligand.mol2,mol2,True,,refined
6eis,data/refined_set\6eis\6eis_protein.pdb,data/refined_set\6eis\6eis_pocket.pdb,data/refined_set\6eis\6eis_ligand.mol2,mol2,True,,refined
6eiz,data/refined_set\6eiz\6eiz_protein.pdb,data/refined_set\6eiz\6eiz_pocket.pdb,data/refined_set\6eiz\6eiz_ligand.mol2,mol2,True,,refined
6ej2,data/refined_set\6ej2\6ej2_protein.pdb,data/refined_set\6ej2\6ej2_pocket.pdb,data/refined_set\6ej2\6ej2_ligand.mol2,mol2,True,,refined
6ej3,data/refined_set\6ej3\6ej3_protein.pdb,data/refined_set\6ej3\6ej3_pocket.pdb,data/refined_set\6ej3\6ej3_ligand.mol2,mol2,True,,refined
6ekq,data/refined_set\6ekq\6ekq_protein.pdb,data/refined_set\6ekq\6ekq_pocket.pdb,data/refined_set\6ekq\6ekq_ligand.mol2,mol2,True,,refined
6el5,data/refined_set\6el5\6el5_protein.pdb,data/refined_set\6el5\6el5_pocket.pdb,data/refined_set\6el5\6el5_ligand.mol2,mol2,True,,refined
6eln,data/refined_set\6eln\6eln_protein.pdb,data/refined_set\6eln\6eln_pocket.pdb,data/refined_set\6eln\6eln_ligand.mol2,mol2,True,,refined
6elo,data/refined_set\6elo\6elo_protein.pdb,data/refined_set\6elo\6elo_pocket.pdb,data/refined_set\6elo\6elo_ligand.mol2,mol2,True,,refined
6elp,data/refined_set\6elp\6elp_protein.pdb,data/refined_set\6elp\6elp_pocket.pdb,data/refined_set\6elp\6elp_ligand.mol2,mol2,True,,refined
6en5,data/refined_set\6en5\6en5_protein.pdb,data/refined_set\6en5\6en5_pocket.pdb,data/refined_set\6en5\6en5_ligand.mol2,mol2,True,,refined
6eog,data/refined_set\6eog\6eog_protein.pdb,data/refined_set\6eog\6eog_pocket.pdb,data/refined_set\6eog\6eog_ligand.mol2,mol2,True,,refined
6eol,data/refined_set\6eol\6eol_protein.pdb,data/refined_set\6eol\6eol_pocket.pdb,data/refined_set\6eol\6eol_ligand.mol2,mol2,True,,refined
6ep4,data/refined_set\6ep4\6ep4_protein.pdb,data/refined_set\6ep4\6ep4_pocket.pdb,data/refined_set\6ep4\6ep4_ligand.mol2,mol2,True,,refined
6epa,data/refined_set\6epa\6epa_protein.pdb,data/refined_set\6epa\6epa_pocket.pdb,data/refined_set\6epa\6epa_ligand.mol2,mol2,True,,refined
6epy,data/refined_set\6epy\6epy_protein.pdb,data/refined_set\6epy\6epy_pocket.pdb,data/refined_set\6epy\6epy_ligand.mol2,mol2,True,,refined
6epz,data/refined_set\6epz\6epz_protein.pdb,data/refined_set\6epz\6epz_pocket.pdb,data/refined_set\6epz\6epz_ligand.mol2,mol2,True,,refined
6eq1,data/refined_set\6eq1\6eq1_protein.pdb,data/refined_set\6eq1\6eq1_pocket.pdb,data/refined_set\6eq1\6eq1_ligand.mol2,mol2,True,,refined
6eq2,data/refined_set\6eq2\6eq2_protein.pdb,data/refined_set\6eq2\6eq2_pocket.pdb,data/refined_set\6eq2\6eq2_ligand.mol2,mol2,True,,refined
6eq3,data/refined_set\6eq3\6eq3_protein.pdb,data/refined_set\6eq3\6eq3_pocket.pdb,data/refined_set\6eq3\6eq3_ligand.mol2,mol2,True,,refined
6eq5,data/refined_set\6eq5\6eq5_protein.pdb,data/refined_set\6eq5\6eq5_pocket.pdb,data/refined_set\6eq5\6eq5_ligand.mol2,mol2,True,,refined
6eq7,data/refined_set\6eq7\6eq7_protein.pdb,data/refined_set\6eq7\6eq7_pocket.pdb,data/refined_set\6eq7\6eq7_ligand.mol2,mol2,True,,refined
6eq8,data/refined_set\6eq8\6eq8_protein.pdb,data/refined_set\6eq8\6eq8_pocket.pdb,data/refined_set\6eq8\6eq8_ligand.mol2,mol2,True,,refined
6eqp,data/refined_set\6eqp\6eqp_protein.pdb,data/refined_set\6eqp\6eqp_pocket.pdb,data/refined_set\6eqp\6eqp_ligand.mol2,mol2,True,,refined
6equ,data/refined_set\6equ\6equ_protein.pdb,data/refined_set\6equ\6equ_pocket.pdb,data/refined_set\6equ\6equ_ligand.mol2,mol2,True,,refined
6eqv,data/refined_set\6eqv\6eqv_protein.pdb,data/refined_set\6eqv\6eqv_pocket.pdb,data/refined_set\6eqv\6eqv_ligand.mol2,mol2,True,,refined
6eqw,data/refined_set\6eqw\6eqw_protein.pdb,data/refined_set\6eqw\6eqw_pocket.pdb,data/refined_set\6eqw\6eqw_ligand.mol2,mol2,True,,refined
6eqx,data/refined_set\6eqx\6eqx_protein.pdb,data/refined_set\6eqx\6eqx_pocket.pdb,data/refined_set\6eqx\6eqx_ligand.mol2,mol2,True,,refined
6ets,data/refined_set\6ets\6ets_protein.pdb,data/refined_set\6ets\6ets_pocket.pdb,data/refined_set\6ets\6ets_ligand.mol2,mol2,True,,refined
6euc,data/refined_set\6euc\6euc_protein.pdb,data/refined_set\6euc\6euc_pocket.pdb,data/refined_set\6euc\6euc_ligand.mol2,mol2,True,,refined
6euw,data/refined_set\6euw\6euw_protein.pdb,data/refined_set\6euw\6euw_pocket.pdb,data/refined_set\6euw\6euw_ligand.mol2,mol2,True,,refined
6eux,data/refined_set\6eux\6eux_protein.pdb,data/refined_set\6eux\6eux_pocket.pdb,data/refined_set\6eux\6eux_ligand.mol2,mol2,True,,refined
6evn,data/refined_set\6evn\6evn_protein.pdb,data/refined_set\6evn\6evn_pocket.pdb,data/refined_set\6evn\6evn_ligand.mol2,mol2,True,,refined
6evr,data/refined_set\6evr\6evr_protein.pdb,data/refined_set\6evr\6evr_pocket.pdb,data/refined_set\6evr\6evr_ligand.mol2,mol2,True,,refined
6ex1,data/refined_set\6ex1\6ex1_protein.pdb,data/refined_set\6ex1\6ex1_pocket.pdb,data/refined_set\6ex1\6ex1_ligand.mol2,mol2,True,,refined
6exi,data/refined_set\6exi\6exi_protein.pdb,data/refined_set\6exi\6exi_pocket.pdb,data/refined_set\6exi\6exi_ligand.mol2,mol2,True,,refined
6exj,data/refined_set\6exj\6exj_protein.pdb,data/refined_set\6exj\6exj_pocket.pdb,data/refined_set\6exj\6exj_ligand.mol2,mol2,True,,refined
6exs,data/refined_set\6exs\6exs_protein.pdb,data/refined_set\6exs\6exs_pocket.pdb,data/refined_set\6exs\6exs_ligand.mol2,mol2,True,,refined
6ey8,data/refined_set\6ey8\6ey8_protein.pdb,data/refined_set\6ey8\6ey8_pocket.pdb,data/refined_set\6ey8\6ey8_ligand.mol2,mol2,True,,refined
6ey9,data/refined_set\6ey9\6ey9_protein.pdb,data/refined_set\6ey9\6ey9_pocket.pdb,data/refined_set\6ey9\6ey9_ligand.mol2,mol2,True,,refined
6eya,data/refined_set\6eya\6eya_protein.pdb,data/refined_set\6eya\6eya_pocket.pdb,data/refined_set\6eya\6eya_ligand.mol2,mol2,True,,refined
6eyb,data/refined_set\6eyb\6eyb_protein.pdb,data/refined_set\6eyb\6eyb_pocket.pdb,data/refined_set\6eyb\6eyb_ligand.mol2,mol2,True,,refined
6eyt,data/refined_set\6eyt\6eyt_protein.pdb,data/refined_set\6eyt\6eyt_pocket.pdb,data/refined_set\6eyt\6eyt_ligand.mol2,mol2,True,,refined
6ezq,data/refined_set\6ezq\6ezq_protein.pdb,data/refined_set\6ezq\6ezq_pocket.pdb,data/refined_set\6ezq\6ezq_ligand.mol2,mol2,True,,refined
6f05,data/refined_set\6f05\6f05_protein.pdb,data/refined_set\6f05\6f05_pocket.pdb,data/refined_set\6f05\6f05_ligand.mol2,mol2,True,,refined
6f1j,data/refined_set\6f1j\6f1j_protein.pdb,data/refined_set\6f1j\6f1j_pocket.pdb,data/refined_set\6f1j\6f1j_ligand.mol2,mol2,True,,refined
6f1n,data/refined_set\6f1n\6f1n_protein.pdb,data/refined_set\6f1n\6f1n_pocket.pdb,data/refined_set\6f1n\6f1n_ligand.mol2,mol2,True,,refined
6f20,data/refined_set\6f20\6f20_protein.pdb,data/refined_set\6f20\6f20_pocket.pdb,data/refined_set\6f20\6f20_ligand.mol2,mol2,True,,refined
6f28,data/refined_set\6f28\6f28_protein.pdb,data/refined_set\6f28\6f28_pocket.pdb,data/refined_set\6f28\6f28_ligand.mol2,mol2,True,,refined
6f3b,data/refined_set\6f3b\6f3b_protein.pdb,data/refined_set\6f3b\6f3b_pocket.pdb,data/refined_set\6f3b\6f3b_ligand.mol2,mol2,True,,refined
6f90,data/refined_set\6f90\6f90_protein.pdb,data/refined_set\6f90\6f90_pocket.pdb,data/refined_set\6f90\6f90_ligand.mol2,mol2,True,,refined
6f92,data/refined_set\6f92\6f92_protein.pdb,data/refined_set\6f92\6f92_pocket.pdb,data/refined_set\6f92\6f92_ligand.mol2,mol2,True,,refined
6f9g,data/refined_set\6f9g\6f9g_protein.pdb,data/refined_set\6f9g\6f9g_pocket.pdb,data/refined_set\6f9g\6f9g_ligand.mol2,mol2,True,,refined
6f9u,data/refined_set\6f9u\6f9u_protein.pdb,data/refined_set\6f9u\6f9u_pocket.pdb,data/refined_set\6f9u\6f9u_ligand.mol2,mol2,True,,refined
6f9v,data/refined_set\6f9v\6f9v_protein.pdb,data/refined_set\6f9v\6f9v_pocket.pdb,data/refined_set\6f9v\6f9v_ligand.mol2,mol2,True,,refined
6fa4,data/refined_set\6fa4\6fa4_protein.pdb,data/refined_set\6fa4\6fa4_pocket.pdb,data/refined_set\6fa4\6fa4_ligand.mol2,mol2,True,,refined
6faa,data/refined_set\6faa\6faa_protein.pdb,data/refined_set\6faa\6faa_pocket.pdb,data/refined_set\6faa\6faa_ligand.mol2,mol2,True,,refined
6faf,data/refined_set\6faf\6faf_protein.pdb,data/refined_set\6faf\6faf_pocket.pdb,data/refined_set\6faf\6faf_ligand.mol2,mol2,True,,refined
6fag,data/refined_set\6fag\6fag_protein.pdb,data/refined_set\6fag\6fag_pocket.pdb,data/refined_set\6fag\6fag_ligand.mol2,mol2,True,,refined
6fba,data/refined_set\6fba\6fba_protein.pdb,data/refined_set\6fba\6fba_pocket.pdb,data/refined_set\6fba\6fba_ligand.mol2,mol2,True,,refined
6fcj,data/refined_set\6fcj\6fcj_protein.pdb,data/refined_set\6fcj\6fcj_pocket.pdb,data/refined_set\6fcj\6fcj_ligand.mol2,mol2,True,,refined
6fe0,data/refined_set\6fe0\6fe0_protein.pdb,data/refined_set\6fe0\6fe0_pocket.pdb,data/refined_set\6fe0\6fe0_ligand.mol2,mol2,True,,refined
6fe1,data/refined_set\6fe1\6fe1_protein.pdb,data/refined_set\6fe1\6fe1_pocket.pdb,data/refined_set\6fe1\6fe1_ligand.mol2,mol2,True,,refined
6fgg,data/refined_set\6fgg\6fgg_protein.pdb,data/refined_set\6fgg\6fgg_pocket.pdb,data/refined_set\6fgg\6fgg_ligand.mol2,mol2,True,,refined
6fh3,data/refined_set\6fh3\6fh3_protein.pdb,data/refined_set\6fh3\6fh3_pocket.pdb,data/refined_set\6fh3\6fh3_ligand.mol2,mol2,True,,refined
6fhk,data/refined_set\6fhk\6fhk_protein.pdb,data/refined_set\6fhk\6fhk_pocket.pdb,data/refined_set\6fhk\6fhk_ligand.mol2,mol2,True,,refined
6fhq,data/refined_set\6fhq\6fhq_protein.pdb,data/refined_set\6fhq\6fhq_pocket.pdb,data/refined_set\6fhq\6fhq_ligand.mol2,mol2,True,,refined
6fhu,data/refined_set\6fhu\6fhu_protein.pdb,data/refined_set\6fhu\6fhu_pocket.pdb,data/refined_set\6fhu\6fhu_ligand.mol2,mol2,True,,refined
6fmc,data/refined_set\6fmc\6fmc_protein.pdb,data/refined_set\6fmc\6fmc_pocket.pdb,data/refined_set\6fmc\6fmc_ligand.mol2,mol2,True,,refined
6fmj,data/refined_set\6fmj\6fmj_protein.pdb,data/refined_set\6fmj\6fmj_pocket.pdb,data/refined_set\6fmj\6fmj_ligand.mol2,mol2,True,,refined
6fnf,data/refined_set\6fnf\6fnf_protein.pdb,data/refined_set\6fnf\6fnf_pocket.pdb,data/refined_set\6fnf\6fnf_ligand.mol2,mol2,True,,refined
6fng,data/refined_set\6fng\6fng_protein.pdb,data/refined_set\6fng\6fng_pocket.pdb,data/refined_set\6fng\6fng_ligand.mol2,mol2,True,,refined
6fni,data/refined_set\6fni\6fni_protein.pdb,data/refined_set\6fni\6fni_pocket.pdb,data/refined_set\6fni\6fni_ligand.mol2,mol2,True,,refined
6fnj,data/refined_set\6fnj\6fnj_protein.pdb,data/refined_set\6fnj\6fnj_pocket.pdb,data/refined_set\6fnj\6fnj_ligand.mol2,mol2,True,,refined
6fnq,data/refined_set\6fnq\6fnq_protein.pdb,data/refined_set\6fnq\6fnq_pocket.pdb,data/refined_set\6fnq\6fnq_ligand.mol2,mol2,True,,refined
6fnr,data/refined_set\6fnr\6fnr_protein.pdb,data/refined_set\6fnr\6fnr_pocket.pdb,data/refined_set\6fnr\6fnr_ligand.mol2,mol2,True,,refined
6fo5,data/refined_set\6fo5\6fo5_protein.pdb,data/refined_set\6fo5\6fo5_pocket.pdb,data/refined_set\6fo5\6fo5_ligand.mol2,mol2,True,,refined
6fs0,data/refined_set\6fs0\6fs0_protein.pdb,data/refined_set\6fs0\6fs0_pocket.pdb,data/refined_set\6fs0\6fs0_ligand.mol2,mol2,True,,refined
6fs1,data/refined_set\6fs1\6fs1_protein.pdb,data/refined_set\6fs1\6fs1_pocket.pdb,data/refined_set\6fs1\6fs1_ligand.mol2,mol2,True,,refined
6fsy,data/refined_set\6fsy\6fsy_protein.pdb,data/refined_set\6fsy\6fsy_pocket.pdb,data/refined_set\6fsy\6fsy_ligand.mol2,mol2,True,,refined
6ftf,data/refined_set\6ftf\6ftf_protein.pdb,data/refined_set\6ftf\6ftf_pocket.pdb,data/refined_set\6ftf\6ftf_ligand.mol2,mol2,True,,refined
6ftp,data/refined_set\6ftp\6ftp_protein.pdb,data/refined_set\6ftp\6ftp_pocket.pdb,data/refined_set\6ftp\6ftp_ligand.mol2,mol2,True,,refined
6ftw,data/refined_set\6ftw\6ftw_protein.pdb,data/refined_set\6ftw\6ftw_pocket.pdb,data/refined_set\6ftw\6ftw_ligand.mol2,mol2,True,,refined
6ftz,data/refined_set\6ftz\6ftz_protein.pdb,data/refined_set\6ftz\6ftz_pocket.pdb,data/refined_set\6ftz\6ftz_ligand.mol2,mol2,True,,refined
6fuh,data/refined_set\6fuh\6fuh_protein.pdb,data/refined_set\6fuh\6fuh_pocket.pdb,data/refined_set\6fuh\6fuh_ligand.mol2,mol2,True,,refined
6fui,data/refined_set\6fui\6fui_protein.pdb,data/refined_set\6fui\6fui_pocket.pdb,data/refined_set\6fui\6fui_ligand.mol2,mol2,True,,refined
6fuj,data/refined_set\6fuj\6fuj_protein.pdb,data/refined_set\6fuj\6fuj_pocket.pdb,data/refined_set\6fuj\6fuj_ligand.mol2,mol2,True,,refined
6fv4,data/refined_set\6fv4\6fv4_protein.pdb,data/refined_set\6fv4\6fv4_pocket.pdb,data/refined_set\6fv4\6fv4_ligand.mol2,mol2,True,,refined
6fyz,data/refined_set\6fyz\6fyz_protein.pdb,data/refined_set\6fyz\6fyz_pocket.pdb,data/refined_set\6fyz\6fyz_ligand.mol2,mol2,True,,refined
6fz4,data/refined_set\6fz4\6fz4_protein.pdb,data/refined_set\6fz4\6fz4_pocket.pdb,data/refined_set\6fz4\6fz4_ligand.mol2,mol2,True,,refined
6g0z,data/refined_set\6g0z\6g0z_protein.pdb,data/refined_set\6g0z\6g0z_pocket.pdb,data/refined_set\6g0z\6g0z_ligand.mol2,mol2,True,,refined
6g14,data/refined_set\6g14\6g14_protein.pdb,data/refined_set\6g14\6g14_pocket.pdb,data/refined_set\6g14\6g14_ligand.mol2,mol2,True,,refined
6g24,data/refined_set\6g24\6g24_protein.pdb,data/refined_set\6g24\6g24_pocket.pdb,data/refined_set\6g24\6g24_ligand.mol2,mol2,True,,refined
6g25,data/refined_set\6g25\6g25_protein.pdb,data/refined_set\6g25\6g25_pocket.pdb,data/refined_set\6g25\6g25_ligand.mol2,mol2,True,,refined
6g27,data/refined_set\6g27\6g27_protein.pdb,data/refined_set\6g27\6g27_pocket.pdb,data/refined_set\6g27\6g27_ligand.mol2,mol2,True,,refined
6g29,data/refined_set\6g29\6g29_protein.pdb,data/refined_set\6g29\6g29_pocket.pdb,data/refined_set\6g29\6g29_ligand.mol2,mol2,True,,refined
6g2b,data/refined_set\6g2b\6g2b_protein.pdb,data/refined_set\6g2b\6g2b_pocket.pdb,data/refined_set\6g2b\6g2b_ligand.mol2,mol2,True,,refined
6g2c,data/refined_set\6g2c\6g2c_protein.pdb,data/refined_set\6g2c\6g2c_pocket.pdb,data/refined_set\6g2c\6g2c_ligand.mol2,mol2,True,,refined
6g2e,data/refined_set\6g2e\6g2e_protein.pdb,data/refined_set\6g2e\6g2e_pocket.pdb,data/refined_set\6g2e\6g2e_ligand.mol2,mol2,True,,refined
6g2f,data/refined_set\6g2f\6g2f_protein.pdb,data/refined_set\6g2f\6g2f_pocket.pdb,data/refined_set\6g2f\6g2f_ligand.mol2,mol2,True,,refined
6g2l,data/refined_set\6g2l\6g2l_protein.pdb,data/refined_set\6g2l\6g2l_pocket.pdb,data/refined_set\6g2l\6g2l_ligand.mol2,mol2,True,,refined
6g2m,data/refined_set\6g2m\6g2m_protein.pdb,data/refined_set\6g2m\6g2m_pocket.pdb,data/refined_set\6g2m\6g2m_ligand.mol2,mol2,True,,refined
6g2o,data/refined_set\6g2o\6g2o_protein.pdb,data/refined_set\6g2o\6g2o_pocket.pdb,data/refined_set\6g2o\6g2o_ligand.mol2,mol2,True,,refined
6g2r,data/refined_set\6g2r\6g2r_protein.pdb,data/refined_set\6g2r\6g2r_pocket.pdb,data/refined_set\6g2r\6g2r_ligand.mol2,mol2,True,,refined
6g2s,data/refined_set\6g2s\6g2s_protein.pdb,data/refined_set\6g2s\6g2s_pocket.pdb,data/refined_set\6g2s\6g2s_ligand.mol2,mol2,True,,refined
6g34,data/refined_set\6g34\6g34_protein.pdb,data/refined_set\6g34\6g34_pocket.pdb,data/refined_set\6g34\6g34_ligand.mol2,mol2,True,,refined
6g35,data/refined_set\6g35\6g35_protein.pdb,data/refined_set\6g35\6g35_pocket.pdb,data/refined_set\6g35\6g35_ligand.mol2,mol2,True,,refined
6g36,data/refined_set\6g36\6g36_protein.pdb,data/refined_set\6g36\6g36_pocket.pdb,data/refined_set\6g36\6g36_ligand.mol2,mol2,True,,refined
6g37,data/refined_set\6g37\6g37_protein.pdb,data/refined_set\6g37\6g37_pocket.pdb,data/refined_set\6g37\6g37_ligand.mol2,mol2,True,,refined
6g38,data/refined_set\6g38\6g38_protein.pdb,data/refined_set\6g38\6g38_pocket.pdb,data/refined_set\6g38\6g38_ligand.mol2,mol2,True,,refined
6g39,data/refined_set\6g39\6g39_protein.pdb,data/refined_set\6g39\6g39_pocket.pdb,data/refined_set\6g39\6g39_ligand.mol2,mol2,True,,refined
6g3a,data/refined_set\6g3a\6g3a_protein.pdb,data/refined_set\6g3a\6g3a_pocket.pdb,data/refined_set\6g3a\6g3a_ligand.mol2,mol2,True,,refined
6g3q,data/refined_set\6g3q\6g3q_protein.pdb,data/refined_set\6g3q\6g3q_pocket.pdb,data/refined_set\6g3q\6g3q_ligand.mol2,mol2,True,,refined
6g3v,data/refined_set\6g3v\6g3v_protein.pdb,data/refined_set\6g3v\6g3v_pocket.pdb,data/refined_set\6g3v\6g3v_ligand.mol2,mol2,True,,refined
6g5l,data/refined_set\6g5l\6g5l_protein.pdb,data/refined_set\6g5l\6g5l_pocket.pdb,data/refined_set\6g5l\6g5l_ligand.mol2,mol2,True,,refined
6g5u,data/refined_set\6g5u\6g5u_protein.pdb,data/refined_set\6g5u\6g5u_pocket.pdb,data/refined_set\6g5u\6g5u_ligand.mol2,mol2,True,,refined
6g6t,data/refined_set\6g6t\6g6t_protein.pdb,data/refined_set\6g6t\6g6t_pocket.pdb,data/refined_set\6g6t\6g6t_ligand.mol2,mol2,True,,refined
6g7a,data/refined_set\6g7a\6g7a_protein.pdb,data/refined_set\6g7a\6g7a_pocket.pdb,data/refined_set\6g7a\6g7a_ligand.mol2,mol2,True,,refined
6g98,data/refined_set\6g98\6g98_protein.pdb,data/refined_set\6g98\6g98_pocket.pdb,data/refined_set\6g98\6g98_ligand.mol2,mol2,True,,refined
6g9i,data/refined_set\6g9i\6g9i_protein.pdb,data/refined_set\6g9i\6g9i_pocket.pdb,data/refined_set\6g9i\6g9i_ligand.mol2,mol2,True,,refined
6g9u,data/refined_set\6g9u\6g9u_protein.pdb,data/refined_set\6g9u\6g9u_pocket.pdb,data/refined_set\6g9u\6g9u_ligand.mol2,mol2,True,,refined
6g9x,data/refined_set\6g9x\6g9x_protein.pdb,data/refined_set\6g9x\6g9x_pocket.pdb,data/refined_set\6g9x\6g9x_ligand.mol2,mol2,True,,refined
6gdy,data/refined_set\6gdy\6gdy_protein.pdb,data/refined_set\6gdy\6gdy_pocket.pdb,data/refined_set\6gdy\6gdy_ligand.mol2,mol2,True,,refined
6ge7,data/refined_set\6ge7\6ge7_protein.pdb,data/refined_set\6ge7\6ge7_pocket.pdb,data/refined_set\6ge7\6ge7_ligand.mol2,mol2,True,,refined
6gf9,data/refined_set\6gf9\6gf9_protein.pdb,data/refined_set\6gf9\6gf9_pocket.pdb,data/refined_set\6gf9\6gf9_ligand.mol2,mol2,True,,refined
6gfs,data/refined_set\6gfs\6gfs_protein.pdb,data/refined_set\6gfs\6gfs_pocket.pdb,data/refined_set\6gfs\6gfs_ligand.mol2,mol2,True,,refined
6gfz,data/refined_set\6gfz\6gfz_protein.pdb,data/refined_set\6gfz\6gfz_pocket.pdb,data/refined_set\6gfz\6gfz_ligand.mol2,mol2,True,,refined
6gg4,data/refined_set\6gg4\6gg4_protein.pdb,data/refined_set\6gg4\6gg4_pocket.pdb,data/refined_set\6gg4\6gg4_ligand.mol2,mol2,True,,refined
6gga,data/refined_set\6gga\6gga_protein.pdb,data/refined_set\6gga\6gga_pocket.pdb,data/refined_set\6gga\6gga_ligand.mol2,mol2,True,,refined
6ggb,data/refined_set\6ggb\6ggb_protein.pdb,data/refined_set\6ggb\6ggb_pocket.pdb,data/refined_set\6ggb\6ggb_ligand.mol2,mol2,True,,refined
6ggf,data/refined_set\6ggf\6ggf_protein.pdb,data/refined_set\6ggf\6ggf_pocket.pdb,data/refined_set\6ggf\6ggf_ligand.mol2,mol2,True,,refined
6ghh,data/refined_set\6ghh\6ghh_protein.pdb,data/refined_set\6ghh\6ghh_pocket.pdb,data/refined_set\6ghh\6ghh_ligand.mol2,mol2,True,,refined
6ghj,data/refined_set\6ghj\6ghj_protein.pdb,data/refined_set\6ghj\6ghj_pocket.pdb,data/refined_set\6ghj\6ghj_ligand.mol2,mol2,True,,refined
6gj6,data/refined_set\6gj6\6gj6_protein.pdb,data/refined_set\6gj6\6gj6_pocket.pdb,data/refined_set\6gj6\6gj6_ligand.mol2,mol2,True,,refined
6gj8,data/refined_set\6gj8\6gj8_protein.pdb,data/refined_set\6gj8\6gj8_pocket.pdb,data/refined_set\6gj8\6gj8_ligand.mol2,mol2,True,,refined
6gji,data/refined_set\6gji\6gji_protein.pdb,data/refined_set\6gji\6gji_pocket.pdb,data/refined_set\6gji\6gji_ligand.mol2,mol2,True,,refined
6gjj,data/refined_set\6gjj\6gjj_protein.pdb,data/refined_set\6gjj\6gjj_pocket.pdb,data/refined_set\6gjj\6gjj_ligand.mol2,mol2,True,,refined
6gjl,data/refined_set\6gjl\6gjl_protein.pdb,data/refined_set\6gjl\6gjl_pocket.pdb,data/refined_set\6gjl\6gjl_ligand.mol2,mol2,True,,refined
6gjm,data/refined_set\6gjm\6gjm_protein.pdb,data/refined_set\6gjm\6gjm_pocket.pdb,data/refined_set\6gjm\6gjm_ligand.mol2,mol2,True,,refined
6gjn,data/refined_set\6gjn\6gjn_protein.pdb,data/refined_set\6gjn\6gjn_pocket.pdb,data/refined_set\6gjn\6gjn_ligand.mol2,mol2,True,,refined
6gjr,data/refined_set\6gjr\6gjr_protein.pdb,data/refined_set\6gjr\6gjr_pocket.pdb,data/refined_set\6gjr\6gjr_ligand.mol2,mol2,True,,refined
6gjw,data/refined_set\6gjw\6gjw_protein.pdb,data/refined_set\6gjw\6gjw_pocket.pdb,data/refined_set\6gjw\6gjw_ligand.mol2,mol2,True,,refined
6gl8,data/refined_set\6gl8\6gl8_protein.pdb,data/refined_set\6gl8\6gl8_pocket.pdb,data/refined_set\6gl8\6gl8_ligand.mol2,mol2,True,,refined
6gl9,data/refined_set\6gl9\6gl9_protein.pdb,data/refined_set\6gl9\6gl9_pocket.pdb,data/refined_set\6gl9\6gl9_ligand.mol2,mol2,True,,refined
6gla,data/refined_set\6gla\6gla_protein.pdb,data/refined_set\6gla\6gla_pocket.pdb,data/refined_set\6gla\6gla_ligand.mol2,mol2,True,,refined
6glb,data/refined_set\6glb\6glb_protein.pdb,data/refined_set\6glb\6glb_pocket.pdb,data/refined_set\6glb\6glb_ligand.mol2,mol2,True,,refined
6gnm,data/refined_set\6gnm\6gnm_protein.pdb,data/refined_set\6gnm\6gnm_pocket.pdb,data/refined_set\6gnm\6gnm_ligand.mol2,mol2,True,,refined
6gnp,data/refined_set\6gnp\6gnp_protein.pdb,data/refined_set\6gnp\6gnp_pocket.pdb,data/refined_set\6gnp\6gnp_ligand.mol2,mol2,True,,refined
6gnr,data/refined_set\6gnr\6gnr_protein.pdb,data/refined_set\6gnr\6gnr_pocket.pdb,data/refined_set\6gnr\6gnr_ligand.mol2,mol2,True,,refined
6gnw,data/refined_set\6gnw\6gnw_protein.pdb,data/refined_set\6gnw\6gnw_pocket.pdb,data/refined_set\6gnw\6gnw_ligand.mol2,mol2,True,,refined
6gon,data/refined_set\6gon\6gon_protein.pdb,data/refined_set\6gon\6gon_pocket.pdb,data/refined_set\6gon\6gon_ligand.mol2,mol2,True,,refined
6got,data/refined_set\6got\6got_protein.pdb,data/refined_set\6got\6got_pocket.pdb,data/refined_set\6got\6got_ligand.mol2,mol2,True,,refined
6guc,data/refined_set\6guc\6guc_protein.pdb,data/refined_set\6guc\6guc_pocket.pdb,data/refined_set\6guc\6guc_ligand.mol2,mol2,True,,refined
6gue,data/refined_set\6gue\6gue_protein.pdb,data/refined_set\6gue\6gue_pocket.pdb,data/refined_set\6gue\6gue_ligand.mol2,mol2,True,,refined
6guh,data/refined_set\6guh\6guh_protein.pdb,data/refined_set\6guh\6guh_pocket.pdb,data/refined_set\6guh\6guh_ligand.mol2,mol2,True,,refined
6guk,data/refined_set\6guk\6guk_protein.pdb,data/refined_set\6guk\6guk_pocket.pdb,data/refined_set\6guk\6guk_ligand.mol2,mol2,True,,refined
6gvf,data/refined_set\6gvf\6gvf_protein.pdb,data/refined_set\6gvf\6gvf_pocket.pdb,data/refined_set\6gvf\6gvf_ligand.mol2,mol2,True,,refined
6gvz,data/refined_set\6gvz\6gvz_protein.pdb,data/refined_set\6gvz\6gvz_pocket.pdb,data/refined_set\6gvz\6gvz_ligand.mol2,mol2,True,,refined
6gw4,data/refined_set\6gw4\6gw4_protein.pdb,data/refined_set\6gw4\6gw4_pocket.pdb,data/refined_set\6gw4\6gw4_ligand.mol2,mol2,True,,refined
6gwe,data/refined_set\6gwe\6gwe_protein.pdb,data/refined_set\6gwe\6gwe_pocket.pdb,data/refined_set\6gwe\6gwe_ligand.mol2,mol2,True,,refined
6gwr,data/refined_set\6gwr\6gwr_protein.pdb,data/refined_set\6gwr\6gwr_pocket.pdb,data/refined_set\6gwr\6gwr_ligand.mol2,mol2,True,,refined
6gxb,data/refined_set\6gxb\6gxb_protein.pdb,data/refined_set\6gxb\6gxb_pocket.pdb,data/refined_set\6gxb\6gxb_ligand.mol2,mol2,True,,refined
6gxe,data/refined_set\6gxe\6gxe_protein.pdb,data/refined_set\6gxe\6gxe_pocket.pdb,data/refined_set\6gxe\6gxe_ligand.mol2,mol2,True,,refined
6gxg,data/refined_set\6gxg\6gxg_protein.pdb,data/refined_set\6gxg\6gxg_pocket.pdb,data/refined_set\6gxg\6gxg_ligand.mol2,mol2,True,,refined
6gxq,data/refined_set\6gxq\6gxq_protein.pdb,data/refined_set\6gxq\6gxq_pocket.pdb,data/refined_set\6gxq\6gxq_ligand.mol2,mol2,True,,refined
6gzd,data/refined_set\6gzd\6gzd_protein.pdb,data/refined_set\6gzd\6gzd_pocket.pdb,data/refined_set\6gzd\6gzd_ligand.mol2,mol2,True,,refined
6gzm,data/refined_set\6gzm\6gzm_protein.pdb,data/refined_set\6gzm\6gzm_pocket.pdb,data/refined_set\6gzm\6gzm_ligand.mol2,mol2,True,,refined
6h1d,data/refined_set\6h1d\6h1d_protein.pdb,data/refined_set\6h1d\6h1d_pocket.pdb,data/refined_set\6h1d\6h1d_ligand.mol2,mol2,True,,refined
6h1u,data/refined_set\6h1u\6h1u_protein.pdb,data/refined_set\6h1u\6h1u_pocket.pdb,data/refined_set\6h1u\6h1u_ligand.mol2,mol2,True,,refined
6h29,data/refined_set\6h29\6h29_protein.pdb,data/refined_set\6h29\6h29_pocket.pdb,data/refined_set\6h29\6h29_ligand.mol2,mol2,True,,refined
6h2t,data/refined_set\6h2t\6h2t_protein.pdb,data/refined_set\6h2t\6h2t_pocket.pdb,data/refined_set\6h2t\6h2t_ligand.mol2,mol2,True,,refined
6h2z,data/refined_set\6h2z\6h2z_protein.pdb,data/refined_set\6h2z\6h2z_pocket.pdb,data/refined_set\6h2z\6h2z_ligand.mol2,mol2,True,,refined
6h33,data/refined_set\6h33\6h33_protein.pdb,data/refined_set\6h33\6h33_pocket.pdb,data/refined_set\6h33\6h33_ligand.mol2,mol2,True,,refined
6h34,data/refined_set\6h34\6h34_protein.pdb,data/refined_set\6h34\6h34_pocket.pdb,data/refined_set\6h34\6h34_ligand.mol2,mol2,True,,refined
6h36,data/refined_set\6h36\6h36_protein.pdb,data/refined_set\6h36\6h36_pocket.pdb,data/refined_set\6h36\6h36_ligand.mol2,mol2,True,,refined
6h37,data/refined_set\6h37\6h37_protein.pdb,data/refined_set\6h37\6h37_pocket.pdb,data/refined_set\6h37\6h37_ligand.mol2,mol2,True,,refined
6h38,data/refined_set\6h38\6h38_protein.pdb,data/refined_set\6h38\6h38_pocket.pdb,data/refined_set\6h38\6h38_ligand.mol2,mol2,True,,refined
6h5x,data/refined_set\6h5x\6h5x_protein.pdb,data/refined_set\6h5x\6h5x_pocket.pdb,data/refined_set\6h5x\6h5x_ligand.mol2,mol2,True,,refined
6h77,data/refined_set\6h77\6h77_protein.pdb,data/refined_set\6h77\6h77_pocket.pdb,data/refined_set\6h77\6h77_ligand.mol2,mol2,True,,refined
6h8s,data/refined_set\6h8s\6h8s_protein.pdb,data/refined_set\6h8s\6h8s_pocket.pdb,data/refined_set\6h8s\6h8s_ligand.mol2,mol2,True,,refined
6hai,data/refined_set\6hai\6hai_protein.pdb,data/refined_set\6hai\6hai_pocket.pdb,data/refined_set\6hai\6hai_ligand.mol2,mol2,True,,refined
6hax,data/refined_set\6hax\6hax_protein.pdb,data/refined_set\6hax\6hax_pocket.pdb,data/refined_set\6hax\6hax_ligand.mol2,mol2,True,,refined
6hay,data/refined_set\6hay\6hay_protein.pdb,data/refined_set\6hay\6hay_pocket.pdb,data/refined_set\6hay\6hay_ligand.mol2,mol2,True,,refined
6haz,data/refined_set\6haz\6haz_protein.pdb,data/refined_set\6haz\6haz_pocket.pdb,data/refined_set\6haz\6haz_ligand.mol2,mol2,True,,refined
6hd6,data/refined_set\6hd6\6hd6_protein.pdb,data/refined_set\6hd6\6hd6_pocket.pdb,data/refined_set\6hd6\6hd6_ligand.mol2,mol2,True,,refined
6hgf,data/refined_set\6hgf\6hgf_protein.pdb,data/refined_set\6hgf\6hgf_pocket.pdb,data/refined_set\6hgf\6hgf_ligand.mol2,mol2,True,,refined
6hgg,data/refined_set\6hgg\6hgg_protein.pdb,data/refined_set\6hgg\6hgg_pocket.pdb,data/refined_set\6hgg\6hgg_ligand.mol2,mol2,True,,refined
6hgi,data/refined_set\6hgi\6hgi_protein.pdb,data/refined_set\6hgi\6hgi_pocket.pdb,data/refined_set\6hgi\6hgi_ligand.mol2,mol2,True,,refined
6hgj,data/refined_set\6hgj\6hgj_protein.pdb,data/refined_set\6hgj\6hgj_pocket.pdb,data/refined_set\6hgj\6hgj_ligand.mol2,mol2,True,,refined
6hgr,data/refined_set\6hgr\6hgr_protein.pdb,data/refined_set\6hgr\6hgr_pocket.pdb,data/refined_set\6hgr\6hgr_ligand.mol2,mol2,True,,refined
6hgs,data/refined_set\6hgs\6hgs_protein.pdb,data/refined_set\6hgs\6hgs_pocket.pdb,data/refined_set\6hgs\6hgs_ligand.mol2,mol2,True,,refined
6hh3,data/refined_set\6hh3\6hh3_protein.pdb,data/refined_set\6hh3\6hh3_pocket.pdb,data/refined_set\6hh3\6hh3_ligand.mol2,mol2,True,,refined
6hh5,data/refined_set\6hh5\6hh5_protein.pdb,data/refined_set\6hh5\6hh5_pocket.pdb,data/refined_set\6hh5\6hh5_ligand.mol2,mol2,True,,refined
6hhr,data/refined_set\6hhr\6hhr_protein.pdb,data/refined_set\6hhr\6hhr_pocket.pdb,data/refined_set\6hhr\6hhr_ligand.mol2,mol2,True,,refined
6hk3,data/refined_set\6hk3\6hk3_protein.pdb,data/refined_set\6hk3\6hk3_pocket.pdb,data/refined_set\6hk3\6hk3_ligand.mol2,mol2,True,,refined
6hk4,data/refined_set\6hk4\6hk4_protein.pdb,data/refined_set\6hk4\6hk4_pocket.pdb,data/refined_set\6hk4\6hk4_ligand.mol2,mol2,True,,refined
6hke,data/refined_set\6hke\6hke_protein.pdb,data/refined_set\6hke\6hke_pocket.pdb,data/refined_set\6hke\6hke_ligand.mol2,mol2,True,,refined
6hlx,data/refined_set\6hlx\6hlx_protein.pdb,data/refined_set\6hlx\6hlx_pocket.pdb,data/refined_set\6hlx\6hlx_ligand.mol2,mol2,True,,refined
6hly,data/refined_set\6hly\6hly_protein.pdb,data/refined_set\6hly\6hly_pocket.pdb,data/refined_set\6hly\6hly_ligand.mol2,mol2,True,,refined
6hm1,data/refined_set\6hm1\6hm1_protein.pdb,data/refined_set\6hm1\6hm1_pocket.pdb,data/refined_set\6hm1\6hm1_ligand.mol2,mol2,True,,refined
6hmg,data/refined_set\6hmg\6hmg_protein.pdb,data/refined_set\6hmg\6hmg_pocket.pdb,data/refined_set\6hmg\6hmg_ligand.mol2,mol2,True,,refined
6hni,data/refined_set\6hni\6hni_protein.pdb,data/refined_set\6hni\6hni_pocket.pdb,data/refined_set\6hni\6hni_ligand.mol2,mol2,True,,refined
6hoq,data/refined_set\6hoq\6hoq_protein.pdb,data/refined_set\6hoq\6hoq_pocket.pdb,data/refined_set\6hoq\6hoq_ligand.mol2,mol2,True,,refined
6hpw,data/refined_set\6hpw\6hpw_protein.pdb,data/refined_set\6hpw\6hpw_pocket.pdb,data/refined_set\6hpw\6hpw_ligand.mol2,mol2,True,,refined
6hq7,data/refined_set\6hq7\6hq7_protein.pdb,data/refined_set\6hq7\6hq7_pocket.pdb,data/refined_set\6hq7\6hq7_ligand.mol2,mol2,True,,refined
6hqy,data/refined_set\6hqy\6hqy_protein.pdb,data/refined_set\6hqy\6hqy_pocket.pdb,data/refined_set\6hqy\6hqy_ligand.mol2,mol2,True,,refined
6hr2,data/refined_set\6hr2\6hr2_protein.pdb,data/refined_set\6hr2\6hr2_pocket.pdb,data/refined_set\6hr2\6hr2_ligand.mol2,mol2,True,,refined
6hrq,data/refined_set\6hrq\6hrq_protein.pdb,data/refined_set\6hrq\6hrq_pocket.pdb,data/refined_set\6hrq\6hrq_ligand.mol2,mol2,True,,refined
6hsh,data/refined_set\6hsh\6hsh_protein.pdb,data/refined_set\6hsh\6hsh_pocket.pdb,data/refined_set\6hsh\6hsh_ligand.mol2,mol2,True,,refined
6ht1,data/refined_set\6ht1\6ht1_protein.pdb,data/refined_set\6ht1\6ht1_pocket.pdb,data/refined_set\6ht1\6ht1_ligand.mol2,mol2,True,,refined
6htg,data/refined_set\6htg\6htg_protein.pdb,data/refined_set\6htg\6htg_pocket.pdb,data/refined_set\6htg\6htg_ligand.mol2,mol2,True,,refined
6hza,data/refined_set\6hza\6hza_protein.pdb,data/refined_set\6hza\6hza_pocket.pdb,data/refined_set\6hza\6hza_ligand.mol2,mol2,True,,refined
6hzb,data/refined_set\6hzb\6hzb_protein.pdb,data/refined_set\6hzb\6hzb_pocket.pdb,data/refined_set\6hzb\6hzb_ligand.mol2,mol2,True,,refined
6hzy,data/refined_set\6hzy\6hzy_protein.pdb,data/refined_set\6hzy\6hzy_pocket.pdb,data/refined_set\6hzy\6hzy_ligand.mol2,mol2,True,,refined
6i0z,data/refined_set\6i0z\6i0z_protein.pdb,data/refined_set\6i0z\6i0z_pocket.pdb,data/refined_set\6i0z\6i0z_ligand.mol2,mol2,True,,refined
6i11,data/refined_set\6i11\6i11_protein.pdb,data/refined_set\6i11\6i11_pocket.pdb,data/refined_set\6i11\6i11_ligand.mol2,mol2,True,,refined
6i12,data/refined_set\6i12\6i12_protein.pdb,data/refined_set\6i12\6i12_pocket.pdb,data/refined_set\6i12\6i12_ligand.mol2,mol2,True,,refined
6i13,data/refined_set\6i13\6i13_protein.pdb,data/refined_set\6i13\6i13_pocket.pdb,data/refined_set\6i13\6i13_ligand.mol2,mol2,True,,refined
6i14,data/refined_set\6i14\6i14_protein.pdb,data/refined_set\6i14\6i14_pocket.pdb,data/refined_set\6i14\6i14_ligand.mol2,mol2,True,,refined
6i17,data/refined_set\6i17\6i17_protein.pdb,data/refined_set\6i17\6i17_pocket.pdb,data/refined_set\6i17\6i17_ligand.mol2,mol2,True,,refined
6i18,data/refined_set\6i18\6i18_protein.pdb,data/refined_set\6i18\6i18_pocket.pdb,data/refined_set\6i18\6i18_ligand.mol2,mol2,True,,refined
6i5g,data/refined_set\6i5g\6i5g_protein.pdb,data/refined_set\6i5g\6i5g_pocket.pdb,data/refined_set\6i5g\6i5g_ligand.mol2,mol2,True,,refined
6i61,data/refined_set\6i61\6i61_protein.pdb,data/refined_set\6i61\6i61_pocket.pdb,data/refined_set\6i61\6i61_ligand.mol2,mol2,True,,refined
6i62,data/refined_set\6i62\6i62_protein.pdb,data/refined_set\6i62\6i62_pocket.pdb,data/refined_set\6i62\6i62_ligand.mol2,mol2,True,,refined
6i63,data/refined_set\6i63\6i63_protein.pdb,data/refined_set\6i63\6i63_pocket.pdb,data/refined_set\6i63\6i63_ligand.mol2,mol2,True,,refined
6i64,data/refined_set\6i64\6i64_protein.pdb,data/refined_set\6i64\6i64_pocket.pdb,data/refined_set\6i64\6i64_ligand.mol2,mol2,True,,refined
6i65,data/refined_set\6i65\6i65_protein.pdb,data/refined_set\6i65\6i65_pocket.pdb,data/refined_set\6i65\6i65_ligand.mol2,mol2,True,,refined
6i66,data/refined_set\6i66\6i66_protein.pdb,data/refined_set\6i66\6i66_pocket.pdb,data/refined_set\6i66\6i66_ligand.mol2,mol2,True,,refined
6i67,data/refined_set\6i67\6i67_protein.pdb,data/refined_set\6i67\6i67_pocket.pdb,data/refined_set\6i67\6i67_ligand.mol2,mol2,True,,refined
6i8m,data/refined_set\6i8m\6i8m_protein.pdb,data/refined_set\6i8m\6i8m_pocket.pdb,data/refined_set\6i8m\6i8m_ligand.mol2,mol2,True,,refined
6i8t,data/refined_set\6i8t\6i8t_protein.pdb,data/refined_set\6i8t\6i8t_pocket.pdb,data/refined_set\6i8t\6i8t_ligand.mol2,mol2,True,,refined
6i8y,data/refined_set\6i8y\6i8y_protein.pdb,data/refined_set\6i8y\6i8y_pocket.pdb,data/refined_set\6i8y\6i8y_ligand.mol2,mol2,True,,refined
6ibk,data/refined_set\6ibk\6ibk_protein.pdb,data/refined_set\6ibk\6ibk_pocket.pdb,data/refined_set\6ibk\6ibk_ligand.mol2,mol2,True,,refined
6ic2,data/refined_set\6ic2\6ic2_protein.pdb,data/refined_set\6ic2\6ic2_pocket.pdb,data/refined_set\6ic2\6ic2_ligand.mol2,mol2,True,,refined
6idb,data/refined_set\6idb\6idb_protein.pdb,data/refined_set\6idb\6idb_pocket.pdb,data/refined_set\6idb\6idb_ligand.mol2,mol2,True,,refined
6idg,data/refined_set\6idg\6idg_protein.pdb,data/refined_set\6idg\6idg_pocket.pdb,data/refined_set\6idg\6idg_ligand.mol2,mol2,True,,refined
6iez,data/refined_set\6iez\6iez_protein.pdb,data/refined_set\6iez\6iez_pocket.pdb,data/refined_set\6iez\6iez_ligand.mol2,mol2,True,,refined
6if0,data/refined_set\6if0\6if0_protein.pdb,data/refined_set\6if0\6if0_pocket.pdb,data/refined_set\6if0\6if0_ligand.mol2,mol2,True,,refined
6ift,data/refined_set\6ift\6ift_protein.pdb,data/refined_set\6ift\6ift_pocket.pdb,data/refined_set\6ift\6ift_ligand.mol2,mol2,True,,refined
6iht,data/refined_set\6iht\6iht_protein.pdb,data/refined_set\6iht\6iht_pocket.pdb,data/refined_set\6iht\6iht_ligand.mol2,mol2,True,,refined
6iiu,data/refined_set\6iiu\6iiu_protein.pdb,data/refined_set\6iiu\6iiu_pocket.pdb,data/refined_set\6iiu\6iiu_ligand.mol2,mol2,True,,refined
6im4,data/refined_set\6im4\6im4_protein.pdb,data/refined_set\6im4\6im4_pocket.pdb,data/refined_set\6im4\6im4_ligand.mol2,mol2,True,,refined
6ior,data/refined_set\6ior\6ior_protein.pdb,data/refined_set\6ior\6ior_pocket.pdb,data/refined_set\6ior\6ior_ligand.mol2,mol2,True,,refined
6ios,data/refined_set\6ios\6ios_protein.pdb,data/refined_set\6ios\6ios_pocket.pdb,data/refined_set\6ios\6ios_ligand.mol2,mol2,True,,refined
6iou,data/refined_set\6iou\6iou_protein.pdb,data/refined_set\6iou\6iou_pocket.pdb,data/refined_set\6iou\6iou_ligand.mol2,mol2,True,,refined
6ixd,data/refined_set\6ixd\6ixd_protein.pdb,data/refined_set\6ixd\6ixd_pocket.pdb,data/refined_set\6ixd\6ixd_ligand.mol2,mol2,True,,refined
6j0g,data/refined_set\6j0g\6j0g_protein.pdb,data/refined_set\6j0g\6j0g_pocket.pdb,data/refined_set\6j0g\6j0g_ligand.mol2,mol2,True,,refined
6j0o,data/refined_set\6j0o\6j0o_protein.pdb,data/refined_set\6j0o\6j0o_pocket.pdb,data/refined_set\6j0o\6j0o_ligand.mol2,mol2,True,,refined
6j1l,data/refined_set\6j1l\6j1l_protein.pdb,data/refined_set\6j1l\6j1l_pocket.pdb,data/refined_set\6j1l\6j1l_ligand.mol2,mol2,True,,refined
6j3o,data/refined_set\6j3o\6j3o_protein.pdb,data/refined_set\6j3o\6j3o_pocket.pdb,data/refined_set\6j3o\6j3o_ligand.mol2,mol2,True,,refined
6j3p,data/refined_set\6j3p\6j3p_protein.pdb,data/refined_set\6j3p\6j3p_pocket.pdb,data/refined_set\6j3p\6j3p_ligand.mol2,mol2,True,,refined
6j72,data/refined_set\6j72\6j72_protein.pdb,data/refined_set\6j72\6j72_pocket.pdb,data/refined_set\6j72\6j72_ligand.mol2,mol2,True,,refined
6j7e,data/refined_set\6j7e\6j7e_protein.pdb,data/refined_set\6j7e\6j7e_pocket.pdb,data/refined_set\6j7e\6j7e_ligand.mol2,mol2,True,,refined
6j9w,data/refined_set\6j9w\6j9w_protein.pdb,data/refined_set\6j9w\6j9w_pocket.pdb,data/refined_set\6j9w\6j9w_ligand.mol2,mol2,True,,refined
6j9y,data/refined_set\6j9y\6j9y_protein.pdb,data/refined_set\6j9y\6j9y_pocket.pdb,data/refined_set\6j9y\6j9y_ligand.mol2,mol2,True,,refined
6jad,data/refined_set\6jad\6jad_protein.pdb,data/refined_set\6jad\6jad_pocket.pdb,data/refined_set\6jad\6jad_ligand.mol2,mol2,True,,refined
6jag,data/refined_set\6jag\6jag_protein.pdb,data/refined_set\6jag\6jag_pocket.pdb,data/refined_set\6jag\6jag_ligand.mol2,mol2,True,,refined
6jam,data/refined_set\6jam\6jam_protein.pdb,data/refined_set\6jam\6jam_pocket.pdb,data/refined_set\6jam\6jam_ligand.mol2,mol2,True,,refined
6jan,data/refined_set\6jan\6jan_protein.pdb,data/refined_set\6jan\6jan_pocket.pdb,data/refined_set\6jan\6jan_ligand.mol2,mol2,True,,refined
6jao,data/refined_set\6jao\6jao_protein.pdb,data/refined_set\6jao\6jao_pocket.pdb,data/refined_set\6jao\6jao_ligand.mol2,mol2,True,,refined
6jap,data/refined_set\6jap\6jap_protein.pdb,data/refined_set\6jap\6jap_pocket.pdb,data/refined_set\6jap\6jap_ligand.mol2,mol2,True,,refined
6jaq,data/refined_set\6jaq\6jaq_protein.pdb,data/refined_set\6jaq\6jaq_pocket.pdb,data/refined_set\6jaq\6jaq_ligand.mol2,mol2,True,,refined
6jav,data/refined_set\6jav\6jav_protein.pdb,data/refined_set\6jav\6jav_pocket.pdb,data/refined_set\6jav\6jav_ligand.mol2,mol2,True,,refined
6jaw,data/refined_set\6jaw\6jaw_protein.pdb,data/refined_set\6jaw\6jaw_pocket.pdb,data/refined_set\6jaw\6jaw_ligand.mol2,mol2,True,,refined
6jay,data/refined_set\6jay\6jay_protein.pdb,data/refined_set\6jay\6jay_pocket.pdb,data/refined_set\6jay\6jay_ligand.mol2,mol2,True,,refined
6jb0,data/refined_set\6jb0\6jb0_protein.pdb,data/refined_set\6jb0\6jb0_pocket.pdb,data/refined_set\6jb0\6jb0_ligand.mol2,mol2,True,,refined
6jb4,data/refined_set\6jb4\6jb4_protein.pdb,data/refined_set\6jb4\6jb4_pocket.pdb,data/refined_set\6jb4\6jb4_ligand.mol2,mol2,True,,refined
6jbb,data/refined_set\6jbb\6jbb_protein.pdb,data/refined_set\6jbb\6jbb_pocket.pdb,data/refined_set\6jbb\6jbb_ligand.mol2,mol2,True,,refined
6jbe,data/refined_set\6jbe\6jbe_protein.pdb,data/refined_set\6jbe\6jbe_pocket.pdb,data/refined_set\6jbe\6jbe_ligand.mol2,mol2,True,,refined
6jdi,data/refined_set\6jdi\6jdi_protein.pdb,data/refined_set\6jdi\6jdi_pocket.pdb,data/refined_set\6jdi\6jdi_ligand.mol2,mol2,True,,refined
6jdl,data/refined_set\6jdl\6jdl_protein.pdb,data/refined_set\6jdl\6jdl_pocket.pdb,data/refined_set\6jdl\6jdl_ligand.mol2,mol2,True,,refined
6jfk,data/refined_set\6jfk\6jfk_protein.pdb,data/refined_set\6jfk\6jfk_pocket.pdb,data/refined_set\6jfk\6jfk_ligand.mol2,mol2,True,,refined
6jof,data/refined_set\6jof\6jof_protein.pdb,data/refined_set\6jof\6jof_pocket.pdb,data/refined_set\6jof\6jof_ligand.mol2,mol2,True,,refined
6jon,data/refined_set\6jon\6jon_protein.pdb,data/refined_set\6jon\6jon_pocket.pdb,data/refined_set\6jon\6jon_ligand.mol2,mol2,True,,refined
6jtc,data/refined_set\6jtc\6jtc_protein.pdb,data/refined_set\6jtc\6jtc_pocket.pdb,data/refined_set\6jtc\6jtc_ligand.mol2,mol2,True,,refined
6k04,data/refined_set\6k04\6k04_protein.pdb,data/refined_set\6k04\6k04_pocket.pdb,data/refined_set\6k04\6k04_ligand.mol2,mol2,True,,refined
6k3l,data/refined_set\6k3l\6k3l_protein.pdb,data/refined_set\6k3l\6k3l_pocket.pdb,data/refined_set\6k3l\6k3l_ligand.mol2,mol2,True,,refined
6kjd,data/refined_set\6kjd\6kjd_protein.pdb,data/refined_set\6kjd\6kjd_pocket.pdb,data/refined_set\6kjd\6kjd_ligand.mol2,mol2,True,,refined
6m8q,data/refined_set\6m8q\6m8q_protein.pdb,data/refined_set\6m8q\6m8q_pocket.pdb,data/refined_set\6m8q\6m8q_ligand.mol2,mol2,True,,refined
6ma2,data/refined_set\6ma2\6ma2_protein.pdb,data/refined_set\6ma2\6ma2_pocket.pdb,data/refined_set\6ma2\6ma2_ligand.mol2,mol2,True,,refined
6ma3,data/refined_set\6ma3\6ma3_protein.pdb,data/refined_set\6ma3\6ma3_pocket.pdb,data/refined_set\6ma3\6ma3_ligand.mol2,mol2,True,,refined
6ma4,data/refined_set\6ma4\6ma4_protein.pdb,data/refined_set\6ma4\6ma4_pocket.pdb,data/refined_set\6ma4\6ma4_ligand.mol2,mol2,True,,refined
6ma5,data/refined_set\6ma5\6ma5_protein.pdb,data/refined_set\6ma5\6ma5_pocket.pdb,data/refined_set\6ma5\6ma5_ligand.mol2,mol2,True,,refined
6maj,data/refined_set\6maj\6maj_protein.pdb,data/refined_set\6maj\6maj_pocket.pdb,data/refined_set\6maj\6maj_ligand.mol2,mol2,True,,refined
6md0,data/refined_set\6md0\6md0_protein.pdb,data/refined_set\6md0\6md0_pocket.pdb,data/refined_set\6md0\6md0_ligand.mol2,mol2,True,,refined
6md6,data/refined_set\6md6\6md6_protein.pdb,data/refined_set\6md6\6md6_pocket.pdb,data/refined_set\6md6\6md6_ligand.mol2,mol2,True,,refined
6md8,data/refined_set\6md8\6md8_protein.pdb,data/refined_set\6md8\6md8_pocket.pdb,data/refined_set\6md8\6md8_ligand.mol2,mol2,True,,refined
6mdu,data/refined_set\6mdu\6mdu_protein.pdb,data/refined_set\6mdu\6mdu_pocket.pdb,data/refined_set\6mdu\6mdu_ligand.mol2,mol2,True,,refined
6mg5,data/refined_set\6mg5\6mg5_protein.pdb,data/refined_set\6mg5\6mg5_pocket.pdb,data/refined_set\6mg5\6mg5_ligand.mol2,mol2,True,,refined
6mh1,data/refined_set\6mh1\6mh1_protein.pdb,data/refined_set\6mh1\6mh1_pocket.pdb,data/refined_set\6mh1\6mh1_ligand.mol2,mol2,True,,refined
6mh7,data/refined_set\6mh7\6mh7_protein.pdb,data/refined_set\6mh7\6mh7_pocket.pdb,data/refined_set\6mh7\6mh7_ligand.mol2,mol2,True,,refined
6mj4,data/refined_set\6mj4\6mj4_protein.pdb,data/refined_set\6mj4\6mj4_pocket.pdb,data/refined_set\6mj4\6mj4_ligand.mol2,mol2,True,,refined
6mj7,data/refined_set\6mj7\6mj7_protein.pdb,data/refined_set\6mj7\6mj7_pocket.pdb,data/refined_set\6mj7\6mj7_ligand.mol2,mol2,True,,refined
6mja,data/refined_set\6mja\6mja_protein.pdb,data/refined_set\6mja\6mja_pocket.pdb,data/refined_set\6mja\6mja_ligand.mol2,mol2,True,,refined
6mjf,data/refined_set\6mjf\6mjf_protein.pdb,data/refined_set\6mjf\6mjf_pocket.pdb,data/refined_set\6mjf\6mjf_ligand.mol2,mol2,True,,refined
6mji,data/refined_set\6mji\6mji_protein.pdb,data/refined_set\6mji\6mji_pocket.pdb,data/refined_set\6mji\6mji_ligand.mol2,mol2,True,,refined
6mku,data/refined_set\6mku\6mku_protein.pdb,data/refined_set\6mku\6mku_pocket.pdb,data/refined_set\6mku\6mku_ligand.mol2,mol2,True,,refined
6mkw,data/refined_set\6mkw\6mkw_protein.pdb,data/refined_set\6mkw\6mkw_pocket.pdb,data/refined_set\6mkw\6mkw_ligand.mol2,mol2,True,,refined
6ml9,data/refined_set\6ml9\6ml9_protein.pdb,data/refined_set\6ml9\6ml9_pocket.pdb,data/refined_set\6ml9\6ml9_ligand.mol2,mol2,True,,refined
6mla,data/refined_set\6mla\6mla_protein.pdb,data/refined_set\6mla\6mla_pocket.pdb,data/refined_set\6mla\6mla_ligand.mol2,mol2,True,,refined
6mle,data/refined_set\6mle\6mle_protein.pdb,data/refined_set\6mle\6mle_pocket.pdb,data/refined_set\6mle\6mle_ligand.mol2,mol2,True,,refined
6mlg,data/refined_set\6mlg\6mlg_protein.pdb,data/refined_set\6mlg\6mlg_pocket.pdb,data/refined_set\6mlg\6mlg_ligand.mol2,mol2,True,,refined
6mli,data/refined_set\6mli\6mli_protein.pdb,data/refined_set\6mli\6mli_pocket.pdb,data/refined_set\6mli\6mli_ligand.mol2,mol2,True,,refined
6mlj,data/refined_set\6mlj\6mlj_protein.pdb,data/refined_set\6mlj\6mlj_pocket.pdb,data/refined_set\6mlj\6mlj_ligand.mol2,mol2,True,,refined
6mll,data/refined_set\6mll\6mll_protein.pdb,data/refined_set\6mll\6mll_pocket.pdb,data/refined_set\6mll\6mll_ligand.mol2,mol2,True,,refined
6mln,data/refined_set\6mln\6mln_protein.pdb,data/refined_set\6mln\6mln_pocket.pdb,data/refined_set\6mln\6mln_ligand.mol2,mol2,True,,refined
6mlo,data/refined_set\6mlo\6mlo_protein.pdb,data/refined_set\6mlo\6mlo_pocket.pdb,data/refined_set\6mlo\6mlo_ligand.mol2,mol2,True,,refined
6mlp,data/refined_set\6mlp\6mlp_protein.pdb,data/refined_set\6mlp\6mlp_pocket.pdb,data/refined_set\6mlp\6mlp_ligand.mol2,mol2,True,,refined
6mm2,data/refined_set\6mm2\6mm2_protein.pdb,data/refined_set\6mm2\6mm2_pocket.pdb,data/refined_set\6mm2\6mm2_ligand.mol2,mol2,True,,refined
6mnc,data/refined_set\6mnc\6mnc_protein.pdb,data/refined_set\6mnc\6mnc_pocket.pdb,data/refined_set\6mnc\6mnc_ligand.mol2,mol2,True,,refined
6mnv,data/refined_set\6mnv\6mnv_protein.pdb,data/refined_set\6mnv\6mnv_pocket.pdb,data/refined_set\6mnv\6mnv_ligand.mol2,mol2,True,,refined
6mqc,data/refined_set\6mqc\6mqc_protein.pdb,data/refined_set\6mqc\6mqc_pocket.pdb,data/refined_set\6mqc\6mqc_ligand.mol2,mol2,True,,refined
6mqe,data/refined_set\6mqe\6mqe_protein.pdb,data/refined_set\6mqe\6mqe_pocket.pdb,data/refined_set\6mqe\6mqe_ligand.mol2,mol2,True,,refined
6msy,data/refined_set\6msy\6msy_protein.pdb,data/refined_set\6msy\6msy_pocket.pdb,data/refined_set\6msy\6msy_ligand.mol2,mol2,True,,refined
6mu3,data/refined_set\6mu3\6mu3_protein.pdb,data/refined_set\6mu3\6mu3_pocket.pdb,data/refined_set\6mu3\6mu3_ligand.mol2,mol2,True,,refined
6mub,data/refined_set\6mub\6mub_protein.pdb,data/refined_set\6mub\6mub_pocket.pdb,data/refined_set\6mub\6mub_ligand.mol2,mol2,True,,refined
6mxc,data/refined_set\6mxc\6mxc_protein.pdb,data/refined_set\6mxc\6mxc_pocket.pdb,data/refined_set\6mxc\6mxc_ligand.mol2,mol2,True,,refined
6n0j,data/refined_set\6n0j\6n0j_protein.pdb,data/refined_set\6n0j\6n0j_pocket.pdb,data/refined_set\6n0j\6n0j_ligand.mol2,mol2,True,,refined
6n0k,data/refined_set\6n0k\6n0k_protein.pdb,data/refined_set\6n0k\6n0k_pocket.pdb,data/refined_set\6n0k\6n0k_ligand.mol2,mol2,True,,refined
6n3v,data/refined_set\6n3v\6n3v_protein.pdb,data/refined_set\6n3v\6n3v_pocket.pdb,data/refined_set\6n3v\6n3v_ligand.mol2,mol2,True,,refined
6n3w,data/refined_set\6n3w\6n3w_protein.pdb,data/refined_set\6n3w\6n3w_pocket.pdb,data/refined_set\6n3w\6n3w_ligand.mol2,mol2,True,,refined
6n3x,data/refined_set\6n3x\6n3x_protein.pdb,data/refined_set\6n3x\6n3x_pocket.pdb,data/refined_set\6n3x\6n3x_ligand.mol2,mol2,True,,refined
6n3y,data/refined_set\6n3y\6n3y_protein.pdb,data/refined_set\6n3y\6n3y_pocket.pdb,data/refined_set\6n3y\6n3y_ligand.mol2,mol2,True,,refined
6n5x,data/refined_set\6n5x\6n5x_protein.pdb,data/refined_set\6n5x\6n5x_pocket.pdb,data/refined_set\6n5x\6n5x_ligand.mol2,mol2,True,,refined
6n78,data/refined_set\6n78\6n78_protein.pdb,data/refined_set\6n78\6n78_pocket.pdb,data/refined_set\6n78\6n78_ligand.mol2,mol2,True,,refined
6n79,data/refined_set\6n79\6n79_protein.pdb,data/refined_set\6n79\6n79_pocket.pdb,data/refined_set\6n79\6n79_ligand.mol2,mol2,True,,refined
6n7a,data/refined_set\6n7a\6n7a_protein.pdb,data/refined_set\6n7a\6n7a_pocket.pdb,data/refined_set\6n7a\6n7a_ligand.mol2,mol2,True,,refined
6n7b,data/refined_set\6n7b\6n7b_protein.pdb,data/refined_set\6n7b\6n7b_pocket.pdb,data/refined_set\6n7b\6n7b_ligand.mol2,mol2,True,,refined
6n7d,data/refined_set\6n7d\6n7d_protein.pdb,data/refined_set\6n7d\6n7d_pocket.pdb,data/refined_set\6n7d\6n7d_ligand.mol2,mol2,True,,refined
6n8x,data/refined_set\6n8x\6n8x_protein.pdb,data/refined_set\6n8x\6n8x_pocket.pdb,data/refined_set\6n8x\6n8x_ligand.mol2,mol2,True,,refined
6n95,data/refined_set\6n95\6n95_protein.pdb,data/refined_set\6n95\6n95_pocket.pdb,data/refined_set\6n95\6n95_ligand.mol2,mol2,True,,refined
6n9l,data/refined_set\6n9l\6n9l_protein.pdb,data/refined_set\6n9l\6n9l_pocket.pdb,data/refined_set\6n9l\6n9l_ligand.mol2,mol2,True,,refined
6ncn,data/refined_set\6ncn\6ncn_protein.pdb,data/refined_set\6ncn\6ncn_pocket.pdb,data/refined_set\6ncn\6ncn_ligand.mol2,mol2,True,,refined
6nco,data/refined_set\6nco\6nco_protein.pdb,data/refined_set\6nco\6nco_pocket.pdb,data/refined_set\6nco\6nco_ligand.mol2,mol2,True,,refined
6ndl,data/refined_set\6ndl\6ndl_protein.pdb,data/refined_set\6ndl\6ndl_pocket.pdb,data/refined_set\6ndl\6ndl_ligand.mol2,mol2,True,,refined
6ne5,data/refined_set\6ne5\6ne5_protein.pdb,data/refined_set\6ne5\6ne5_pocket.pdb,data/refined_set\6ne5\6ne5_ligand.mol2,mol2,True,,refined
6nfh,data/refined_set\6nfh\6nfh_protein.pdb,data/refined_set\6nfh\6nfh_pocket.pdb,data/refined_set\6nfh\6nfh_ligand.mol2,mol2,True,,refined
6nfy,data/refined_set\6nfy\6nfy_protein.pdb,data/refined_set\6nfy\6nfy_pocket.pdb,data/refined_set\6nfy\6nfy_ligand.mol2,mol2,True,,refined
6nmb,data/refined_set\6nmb\6nmb_protein.pdb,data/refined_set\6nmb\6nmb_pocket.pdb,data/refined_set\6nmb\6nmb_ligand.mol2,mol2,True,,refined
6no9,data/refined_set\6no9\6no9_protein.pdb,data/refined_set\6no9\6no9_pocket.pdb,data/refined_set\6no9\6no9_ligand.mol2,mol2,True,,refined
6np2,data/refined_set\6np2\6np2_protein.pdb,data/refined_set\6np2\6np2_pocket.pdb,data/refined_set\6np2\6np2_ligand.mol2,mol2,True,,refined
6np3,data/refined_set\6np3\6np3_protein.pdb,data/refined_set\6np3\6np3_pocket.pdb,data/refined_set\6np3\6np3_ligand.mol2,mol2,True,,refined
6np4,data/refined_set\6np4\6np4_protein.pdb,data/refined_set\6np4\6np4_pocket.pdb,data/refined_set\6np4\6np4_ligand.mol2,mol2,True,,refined
6np5,data/refined_set\6np5\6np5_protein.pdb,data/refined_set\6np5\6np5_pocket.pdb,data/refined_set\6np5\6np5_ligand.mol2,mol2,True,,refined
6nsv,data/refined_set\6nsv\6nsv_protein.pdb,data/refined_set\6nsv\6nsv_pocket.pdb,data/refined_set\6nsv\6nsv_ligand.mol2,mol2,True,,refined
6nu1,data/refined_set\6nu1\6nu1_protein.pdb,data/refined_set\6nu1\6nu1_pocket.pdb,data/refined_set\6nu1\6nu1_ligand.mol2,mol2,True,,refined
6nu5,data/refined_set\6nu5\6nu5_protein.pdb,data/refined_set\6nu5\6nu5_pocket.pdb,data/refined_set\6nu5\6nu5_ligand.mol2,mol2,True,,refined
6nv7,data/refined_set\6nv7\6nv7_protein.pdb,data/refined_set\6nv7\6nv7_pocket.pdb,data/refined_set\6nv7\6nv7_ligand.mol2,mol2,True,,refined
6nv9,data/refined_set\6nv9\6nv9_protein.pdb,data/refined_set\6nv9\6nv9_pocket.pdb,data/refined_set\6nv9\6nv9_ligand.mol2,mol2,True,,refined
6nw3,data/refined_set\6nw3\6nw3_protein.pdb,data/refined_set\6nw3\6nw3_pocket.pdb,data/refined_set\6nw3\6nw3_ligand.mol2,mol2,True,,refined
6nwk,data/refined_set\6nwk\6nwk_protein.pdb,data/refined_set\6nwk\6nwk_pocket.pdb,data/refined_set\6nwk\6nwk_ligand.mol2,mol2,True,,refined
6nwl,data/refined_set\6nwl\6nwl_protein.pdb,data/refined_set\6nwl\6nwl_pocket.pdb,data/refined_set\6nwl\6nwl_ligand.mol2,mol2,True,,refined
6nxz,data/refined_set\6nxz\6nxz_protein.pdb,data/refined_set\6nxz\6nxz_pocket.pdb,data/refined_set\6nxz\6nxz_ligand.mol2,mol2,True,,refined
6ny0,data/refined_set\6ny0\6ny0_protein.pdb,data/refined_set\6ny0\6ny0_pocket.pdb,data/refined_set\6ny0\6ny0_ligand.mol2,mol2,True,,refined
6nyv,data/refined_set\6nyv\6nyv_protein.pdb,data/refined_set\6nyv\6nyv_pocket.pdb,data/refined_set\6nyv\6nyv_ligand.mol2,mol2,True,,refined
6nzv,data/refined_set\6nzv\6nzv_protein.pdb,data/refined_set\6nzv\6nzv_pocket.pdb,data/refined_set\6nzv\6nzv_ligand.mol2,mol2,True,,refined
6o0k,data/refined_set\6o0k\6o0k_protein.pdb,data/refined_set\6o0k\6o0k_pocket.pdb,data/refined_set\6o0k\6o0k_ligand.mol2,mol2,True,,refined
6o0m,data/refined_set\6o0m\6o0m_protein.pdb,data/refined_set\6o0m\6o0m_pocket.pdb,data/refined_set\6o0m\6o0m_ligand.mol2,mol2,True,,refined
6o0o,data/refined_set\6o0o\6o0o_protein.pdb,data/refined_set\6o0o\6o0o_pocket.pdb,data/refined_set\6o0o\6o0o_ligand.mol2,mol2,True,,refined
6o0p,data/refined_set\6o0p\6o0p_protein.pdb,data/refined_set\6o0p\6o0p_pocket.pdb,data/refined_set\6o0p\6o0p_ligand.mol2,mol2,True,,refined
6o48,data/refined_set\6o48\6o48_protein.pdb,data/refined_set\6o48\6o48_pocket.pdb,data/refined_set\6o48\6o48_ligand.mol2,mol2,True,,refined
6o5a,data/refined_set\6o5a\6o5a_protein.pdb,data/refined_set\6o5a\6o5a_pocket.pdb,data/refined_set\6o5a\6o5a_ligand.mol2,mol2,True,,refined
6o5g,data/refined_set\6o5g\6o5g_protein.pdb,data/refined_set\6o5g\6o5g_pocket.pdb,data/refined_set\6o5g\6o5g_ligand.mol2,mol2,True,,refined
6o5t,data/refined_set\6o5t\6o5t_protein.pdb,data/refined_set\6o5t\6o5t_pocket.pdb,data/refined_set\6o5t\6o5t_ligand.mol2,mol2,True,,refined
6o5u,data/refined_set\6o5u\6o5u_protein.pdb,data/refined_set\6o5u\6o5u_pocket.pdb,data/refined_set\6o5u\6o5u_ligand.mol2,mol2,True,,refined
6o5x,data/refined_set\6o5x\6o5x_protein.pdb,data/refined_set\6o5x\6o5x_pocket.pdb,data/refined_set\6o5x\6o5x_ligand.mol2,mol2,True,,refined
6o94,data/refined_set\6o94\6o94_protein.pdb,data/refined_set\6o94\6o94_pocket.pdb,data/refined_set\6o94\6o94_ligand.mol2,mol2,True,,refined
6o95,data/refined_set\6o95\6o95_protein.pdb,data/refined_set\6o95\6o95_pocket.pdb,data/refined_set\6o95\6o95_ligand.mol2,mol2,True,,refined
6o9c,data/refined_set\6o9c\6o9c_protein.pdb,data/refined_set\6o9c\6o9c_pocket.pdb,data/refined_set\6o9c\6o9c_ligand.mol2,mol2,True,,refined
6odz,data/refined_set\6odz\6odz_protein.pdb,data/refined_set\6odz\6odz_pocket.pdb,data/refined_set\6odz\6odz_ligand.mol2,mol2,True,,refined
6oe0,data/refined_set\6oe0\6oe0_protein.pdb,data/refined_set\6oe0\6oe0_pocket.pdb,data/refined_set\6oe0\6oe0_ligand.mol2,mol2,True,,refined
6oe1,data/refined_set\6oe1\6oe1_protein.pdb,data/refined_set\6oe1\6oe1_pocket.pdb,data/refined_set\6oe1\6oe1_ligand.mol2,mol2,True,,refined
6of5,data/refined_set\6of5\6of5_protein.pdb,data/refined_set\6of5\6of5_pocket.pdb,data/refined_set\6of5\6of5_ligand.mol2,mol2,True,,refined
6oja,data/refined_set\6oja\6oja_protein.pdb,data/refined_set\6oja\6oja_pocket.pdb,data/refined_set\6oja\6oja_ligand.mol2,mol2,True,,refined
6olx,data/refined_set\6olx\6olx_protein.pdb,data/refined_set\6olx\6olx_pocket.pdb,data/refined_set\6olx\6olx_ligand.mol2,mol2,True,,refined
6om8,data/refined_set\6om8\6om8_protein.pdb,data/refined_set\6om8\6om8_pocket.pdb,data/refined_set\6om8\6om8_ligand.mol2,mol2,True,,refined
6ooy,data/refined_set\6ooy\6ooy_protein.pdb,data/refined_set\6ooy\6ooy_pocket.pdb,data/refined_set\6ooy\6ooy_ligand.mol2,mol2,True,,refined
6oqb,data/refined_set\6oqb\6oqb_protein.pdb,data/refined_set\6oqb\6oqb_pocket.pdb,data/refined_set\6oqb\6oqb_ligand.mol2,mol2,True,,refined
6oqc,data/refined_set\6oqc\6oqc_protein.pdb,data/refined_set\6oqc\6oqc_pocket.pdb,data/refined_set\6oqc\6oqc_ligand.mol2,mol2,True,,refined
6oqd,data/refined_set\6oqd\6oqd_protein.pdb,data/refined_set\6oqd\6oqd_pocket.pdb,data/refined_set\6oqd\6oqd_ligand.mol2,mol2,True,,refined
6orr,data/refined_set\6orr\6orr_protein.pdb,data/refined_set\6orr\6orr_pocket.pdb,data/refined_set\6orr\6orr_ligand.mol2,mol2,True,,refined
6otg,data/refined_set\6otg\6otg_protein.pdb,data/refined_set\6otg\6otg_pocket.pdb,data/refined_set\6otg\6otg_ligand.mol2,mol2,True,,refined
6ouv,data/refined_set\6ouv\6ouv_protein.pdb,data/refined_set\6ouv\6ouv_pocket.pdb,data/refined_set\6ouv\6ouv_ligand.mol2,mol2,True,,refined
6p3t,data/refined_set\6p3t\6p3t_protein.pdb,data/refined_set\6p3t\6p3t_pocket.pdb,data/refined_set\6p3t\6p3t_ligand.mol2,mol2,True,,refined
6p3v,data/refined_set\6p3v\6p3v_protein.pdb,data/refined_set\6p3v\6p3v_pocket.pdb,data/refined_set\6p3v\6p3v_ligand.mol2,mol2,True,,refined
6p5o,data/refined_set\6p5o\6p5o_protein.pdb,data/refined_set\6p5o\6p5o_pocket.pdb,data/refined_set\6p5o\6p5o_ligand.mol2,mol2,True,,refined
6p83,data/refined_set\6p83\6p83_protein.pdb,data/refined_set\6p83\6p83_pocket.pdb,data/refined_set\6p83\6p83_ligand.mol2,mol2,True,,refined
6p84,data/refined_set\6p84\6p84_protein.pdb,data/refined_set\6p84\6p84_pocket.pdb,data/refined_set\6p84\6p84_ligand.mol2,mol2,True,,refined
6p85,data/refined_set\6p85\6p85_protein.pdb,data/refined_set\6p85\6p85_pocket.pdb,data/refined_set\6p85\6p85_ligand.mol2,mol2,True,,refined
6p86,data/refined_set\6p86\6p86_protein.pdb,data/refined_set\6p86\6p86_pocket.pdb,data/refined_set\6p86\6p86_ligand.mol2,mol2,True,,refined
6p87,data/refined_set\6p87\6p87_protein.pdb,data/refined_set\6p87\6p87_pocket.pdb,data/refined_set\6p87\6p87_ligand.mol2,mol2,True,,refined
6p88,data/refined_set\6p88\6p88_protein.pdb,data/refined_set\6p88\6p88_pocket.pdb,data/refined_set\6p88\6p88_ligand.mol2,mol2,True,,refined
6p89,data/refined_set\6p89\6p89_protein.pdb,data/refined_set\6p89\6p89_pocket.pdb,data/refined_set\6p89\6p89_ligand.mol2,mol2,True,,refined
6p8a,data/refined_set\6p8a\6p8a_protein.pdb,data/refined_set\6p8a\6p8a_pocket.pdb,data/refined_set\6p8a\6p8a_ligand.mol2,mol2,True,,refined
6p9e,data/refined_set\6p9e\6p9e_protein.pdb,data/refined_set\6p9e\6p9e_pocket.pdb,data/refined_set\6p9e\6p9e_ligand.mol2,mol2,True,,refined
6pg3,data/refined_set\6pg3\6pg3_protein.pdb,data/refined_set\6pg3\6pg3_pocket.pdb,data/refined_set\6pg3\6pg3_ligand.mol2,mol2,True,,refined
6pg4,data/refined_set\6pg4\6pg4_protein.pdb,data/refined_set\6pg4\6pg4_pocket.pdb,data/refined_set\6pg4\6pg4_ligand.mol2,mol2,True,,refined
6pg5,data/refined_set\6pg5\6pg5_protein.pdb,data/refined_set\6pg5\6pg5_pocket.pdb,data/refined_set\6pg5\6pg5_ligand.mol2,mol2,True,,refined
6pg6,data/refined_set\6pg6\6pg6_protein.pdb,data/refined_set\6pg6\6pg6_pocket.pdb,data/refined_set\6pg6\6pg6_ligand.mol2,mol2,True,,refined
6pg7,data/refined_set\6pg7\6pg7_protein.pdb,data/refined_set\6pg7\6pg7_pocket.pdb,data/refined_set\6pg7\6pg7_ligand.mol2,mol2,True,,refined
6pg8,data/refined_set\6pg8\6pg8_protein.pdb,data/refined_set\6pg8\6pg8_pocket.pdb,data/refined_set\6pg8\6pg8_ligand.mol2,mol2,True,,refined
6pg9,data/refined_set\6pg9\6pg9_protein.pdb,data/refined_set\6pg9\6pg9_pocket.pdb,data/refined_set\6pg9\6pg9_ligand.mol2,mol2,True,,refined
6pga,data/refined_set\6pga\6pga_protein.pdb,data/refined_set\6pga\6pga_pocket.pdb,data/refined_set\6pga\6pga_ligand.mol2,mol2,True,,refined
6pgb,data/refined_set\6pgb\6pgb_protein.pdb,data/refined_set\6pgb\6pgb_pocket.pdb,data/refined_set\6pgb\6pgb_ligand.mol2,mol2,True,,refined
6pgc,data/refined_set\6pgc\6pgc_protein.pdb,data/refined_set\6pgc\6pgc_pocket.pdb,data/refined_set\6pgc\6pgc_ligand.mol2,mol2,True,,refined
6pge,data/refined_set\6pge\6pge_protein.pdb,data/refined_set\6pge\6pge_pocket.pdb,data/refined_set\6pge\6pge_ligand.mol2,mol2,True,,refined
6phx,data/refined_set\6phx\6phx_protein.pdb,data/refined_set\6phx\6phx_pocket.pdb,data/refined_set\6phx\6phx_ligand.mol2,mol2,True,,refined
6pi5,data/refined_set\6pi5\6pi5_protein.pdb,data/refined_set\6pi5\6pi5_pocket.pdb,data/refined_set\6pi5\6pi5_ligand.mol2,mol2,True,,refined
6pi6,data/refined_set\6pi6\6pi6_protein.pdb,data/refined_set\6pi6\6pi6_pocket.pdb,data/refined_set\6pi6\6pi6_ligand.mol2,mol2,True,,refined
6pia,data/refined_set\6pia\6pia_protein.pdb,data/refined_set\6pia\6pia_pocket.pdb,data/refined_set\6pia\6pia_ligand.mol2,mol2,True,,refined
6pid,data/refined_set\6pid\6pid_protein.pdb,data/refined_set\6pid\6pid_pocket.pdb,data/refined_set\6pid\6pid_ligand.mol2,mol2,True,,refined
6pl1,data/refined_set\6pl1\6pl1_protein.pdb,data/refined_set\6pl1\6pl1_pocket.pdb,data/refined_set\6pl1\6pl1_ligand.mol2,mol2,True,,refined
6plf,data/refined_set\6plf\6plf_protein.pdb,data/refined_set\6plf\6plf_pocket.pdb,data/refined_set\6plf\6plf_ligand.mol2,mol2,True,,refined
6poi,data/refined_set\6poi\6poi_protein.pdb,data/refined_set\6poi\6poi_pocket.pdb,data/refined_set\6poi\6poi_ligand.mol2,mol2,True,,refined
6ppy,data/refined_set\6ppy\6ppy_protein.pdb,data/refined_set\6ppy\6ppy_pocket.pdb,data/refined_set\6ppy\6ppy_ligand.mol2,mol2,True,,refined
6prf,data/refined_set\6prf\6prf_protein.pdb,data/refined_set\6prf\6prf_pocket.pdb,data/refined_set\6prf\6prf_ligand.mol2,mol2,True,,refined
6pu3,data/refined_set\6pu3\6pu3_protein.pdb,data/refined_set\6pu3\6pu3_pocket.pdb,data/refined_set\6pu3\6pu3_ligand.mol2,mol2,True,,refined
6pve,data/refined_set\6pve\6pve_protein.pdb,data/refined_set\6pve\6pve_pocket.pdb,data/refined_set\6pve\6pve_ligand.mol2,mol2,True,,refined
6pvv,data/refined_set\6pvv\6pvv_protein.pdb,data/refined_set\6pvv\6pvv_pocket.pdb,data/refined_set\6pvv\6pvv_ligand.mol2,mol2,True,,refined
6pvw,data/refined_set\6pvw\6pvw_protein.pdb,data/refined_set\6pvw\6pvw_pocket.pdb,data/refined_set\6pvw\6pvw_ligand.mol2,mol2,True,,refined
6pvz,data/refined_set\6pvz\6pvz_protein.pdb,data/refined_set\6pvz\6pvz_pocket.pdb,data/refined_set\6pvz\6pvz_ligand.mol2,mol2,True,,refined
6py0,data/refined_set\6py0\6py0_protein.pdb,data/refined_set\6py0\6py0_pocket.pdb,data/refined_set\6py0\6py0_ligand.mol2,mol2,True,,refined
6q3q,data/refined_set\6q3q\6q3q_protein.pdb,data/refined_set\6q3q\6q3q_pocket.pdb,data/refined_set\6q3q\6q3q_ligand.mol2,mol2,True,,refined
6q3y,data/refined_set\6q3y\6q3y_protein.pdb,data/refined_set\6q3y\6q3y_pocket.pdb,data/refined_set\6q3y\6q3y_ligand.mol2,mol2,True,,refined
6q3z,data/refined_set\6q3z\6q3z_protein.pdb,data/refined_set\6q3z\6q3z_pocket.pdb,data/refined_set\6q3z\6q3z_ligand.mol2,mol2,True,,refined
6q4e,data/refined_set\6q4e\6q4e_protein.pdb,data/refined_set\6q4e\6q4e_pocket.pdb,data/refined_set\6q4e\6q4e_ligand.mol2,mol2,True,,refined
6q4g,data/refined_set\6q4g\6q4g_protein.pdb,data/refined_set\6q4g\6q4g_pocket.pdb,data/refined_set\6q4g\6q4g_ligand.mol2,mol2,True,,refined
6q54,data/refined_set\6q54\6q54_protein.pdb,data/refined_set\6q54\6q54_pocket.pdb,data/refined_set\6q54\6q54_ligand.mol2,mol2,True,,refined
6q60,data/refined_set\6q60\6q60_protein.pdb,data/refined_set\6q60\6q60_pocket.pdb,data/refined_set\6q60\6q60_ligand.mol2,mol2,True,,refined
6qas,data/refined_set\6qas\6qas_protein.pdb,data/refined_set\6qas\6qas_pocket.pdb,data/refined_set\6qas\6qas_ligand.mol2,mol2,True,,refined
6qau,data/refined_set\6qau\6qau_protein.pdb,data/refined_set\6qau\6qau_pocket.pdb,data/refined_set\6qau\6qau_ligand.mol2,mol2,True,,refined
6qav,data/refined_set\6qav\6qav_protein.pdb,data/refined_set\6qav\6qav_pocket.pdb,data/refined_set\6qav\6qav_ligand.mol2,mol2,True,,refined
6qe0,data/refined_set\6qe0\6qe0_protein.pdb,data/refined_set\6qe0\6qe0_pocket.pdb,data/refined_set\6qe0\6qe0_ligand.mol2,mol2,True,,refined
6qe5,data/refined_set\6qe5\6qe5_protein.pdb,data/refined_set\6qe5\6qe5_pocket.pdb,data/refined_set\6qe5\6qe5_ligand.mol2,mol2,True,,refined
6qge,data/refined_set\6qge\6qge_protein.pdb,data/refined_set\6qge\6qge_pocket.pdb,data/refined_set\6qge\6qge_ligand.mol2,mol2,True,,refined
6qgf,data/refined_set\6qgf\6qgf_protein.pdb,data/refined_set\6qgf\6qgf_pocket.pdb,data/refined_set\6qgf\6qgf_ligand.mol2,mol2,True,,refined
6qgg,data/refined_set\6qgg\6qgg_protein.pdb,data/refined_set\6qgg\6qgg_pocket.pdb,data/refined_set\6qgg\6qgg_ligand.mol2,mol2,True,,refined
6qgh,data/refined_set\6qgh\6qgh_protein.pdb,data/refined_set\6qgh\6qgh_pocket.pdb,data/refined_set\6qgh\6qgh_ligand.mol2,mol2,True,,refined
6qi4,data/refined_set\6qi4\6qi4_protein.pdb,data/refined_set\6qi4\6qi4_pocket.pdb,data/refined_set\6qi4\6qi4_ligand.mol2,mol2,True,,refined
6qi7,data/refined_set\6qi7\6qi7_protein.pdb,data/refined_set\6qi7\6qi7_pocket.pdb,data/refined_set\6qi7\6qi7_ligand.mol2,mol2,True,,refined
6ql1,data/refined_set\6ql1\6ql1_protein.pdb,data/refined_set\6ql1\6ql1_pocket.pdb,data/refined_set\6ql1\6ql1_ligand.mol2,mol2,True,,refined
6ql2,data/refined_set\6ql2\6ql2_protein.pdb,data/refined_set\6ql2\6ql2_pocket.pdb,data/refined_set\6ql2\6ql2_ligand.mol2,mol2,True,,refined
6qln,data/refined_set\6qln\6qln_protein.pdb,data/refined_set\6qln\6qln_pocket.pdb,data/refined_set\6qln\6qln_ligand.mol2,mol2,True,,refined
6qlo,data/refined_set\6qlo\6qlo_protein.pdb,data/refined_set\6qlo\6qlo_pocket.pdb,data/refined_set\6qlo\6qlo_ligand.mol2,mol2,True,,refined
6qlp,data/refined_set\6qlp\6qlp_protein.pdb,data/refined_set\6qlp\6qlp_pocket.pdb,data/refined_set\6qlp\6qlp_ligand.mol2,mol2,True,,refined
6qlq,data/refined_set\6qlq\6qlq_protein.pdb,data/refined_set\6qlq\6qlq_pocket.pdb,data/refined_set\6qlq\6qlq_ligand.mol2,mol2,True,,refined
6qlr,data/refined_set\6qlr\6qlr_protein.pdb,data/refined_set\6qlr\6qlr_pocket.pdb,data/refined_set\6qlr\6qlr_ligand.mol2,mol2,True,,refined
6qls,data/refined_set\6qls\6qls_protein.pdb,data/refined_set\6qls\6qls_pocket.pdb,data/refined_set\6qls\6qls_ligand.mol2,mol2,True,,refined
6qlt,data/refined_set\6qlt\6qlt_protein.pdb,data/refined_set\6qlt\6qlt_pocket.pdb,data/refined_set\6qlt\6qlt_ligand.mol2,mol2,True,,refined
6qlu,data/refined_set\6qlu\6qlu_protein.pdb,data/refined_set\6qlu\6qlu_pocket.pdb,data/refined_set\6qlu\6qlu_ligand.mol2,mol2,True,,refined
6qmj,data/refined_set\6qmj\6qmj_protein.pdb,data/refined_set\6qmj\6qmj_pocket.pdb,data/refined_set\6qmj\6qmj_ligand.mol2,mol2,True,,refined
6qmk,data/refined_set\6qmk\6qmk_protein.pdb,data/refined_set\6qmk\6qmk_pocket.pdb,data/refined_set\6qmk\6qmk_ligand.mol2,mol2,True,,refined
6qpl,data/refined_set\6qpl\6qpl_protein.pdb,data/refined_set\6qpl\6qpl_pocket.pdb,data/refined_set\6qpl\6qpl_ligand.mol2,mol2,True,,refined
6qqq,data/refined_set\6qqq\6qqq_protein.pdb,data/refined_set\6qqq\6qqq_pocket.pdb,data/refined_set\6qqq\6qqq_ligand.mol2,mol2,True,,refined
6qqu,data/refined_set\6qqu\6qqu_protein.pdb,data/refined_set\6qqu\6qqu_pocket.pdb,data/refined_set\6qqu\6qqu_ligand.mol2,mol2,True,,refined
6qqv,data/refined_set\6qqv\6qqv_protein.pdb,data/refined_set\6qqv\6qqv_pocket.pdb,data/refined_set\6qqv\6qqv_ligand.mol2,mol2,True,,refined
6qqw,data/refined_set\6qqw\6qqw_protein.pdb,data/refined_set\6qqw\6qqw_pocket.pdb,data/refined_set\6qqw\6qqw_ligand.mol2,mol2,True,,refined
6qqz,data/refined_set\6qqz\6qqz_protein.pdb,data/refined_set\6qqz\6qqz_pocket.pdb,data/refined_set\6qqz\6qqz_ligand.mol2,mol2,True,,refined
6qr0,data/refined_set\6qr0\6qr0_protein.pdb,data/refined_set\6qr0\6qr0_pocket.pdb,data/refined_set\6qr0\6qr0_ligand.mol2,mol2,True,,refined
6qr1,data/refined_set\6qr1\6qr1_protein.pdb,data/refined_set\6qr1\6qr1_pocket.pdb,data/refined_set\6qr1\6qr1_ligand.mol2,mol2,True,,refined
6qr2,data/refined_set\6qr2\6qr2_protein.pdb,data/refined_set\6qr2\6qr2_pocket.pdb,data/refined_set\6qr2\6qr2_ligand.mol2,mol2,True,,refined
6qr3,data/refined_set\6qr3\6qr3_protein.pdb,data/refined_set\6qr3\6qr3_pocket.pdb,data/refined_set\6qr3\6qr3_ligand.mol2,mol2,True,,refined
6qr4,data/refined_set\6qr4\6qr4_protein.pdb,data/refined_set\6qr4\6qr4_pocket.pdb,data/refined_set\6qr4\6qr4_ligand.mol2,mol2,True,,refined
6qr7,data/refined_set\6qr7\6qr7_protein.pdb,data/refined_set\6qr7\6qr7_pocket.pdb,data/refined_set\6qr7\6qr7_ligand.mol2,mol2,True,,refined
6qr9,data/refined_set\6qr9\6qr9_protein.pdb,data/refined_set\6qr9\6qr9_pocket.pdb,data/refined_set\6qr9\6qr9_ligand.mol2,mol2,True,,refined
6qrc,data/refined_set\6qrc\6qrc_protein.pdb,data/refined_set\6qrc\6qrc_pocket.pdb,data/refined_set\6qrc\6qrc_ligand.mol2,mol2,True,,refined
6quv,data/refined_set\6quv\6quv_protein.pdb,data/refined_set\6quv\6quv_pocket.pdb,data/refined_set\6quv\6quv_ligand.mol2,mol2,True,,refined
6qz5,data/refined_set\6qz5\6qz5_protein.pdb,data/refined_set\6qz5\6qz5_pocket.pdb,data/refined_set\6qz5\6qz5_ligand.mol2,mol2,True,,refined
6r0v,data/refined_set\6r0v\6r0v_protein.pdb,data/refined_set\6r0v\6r0v_pocket.pdb,data/refined_set\6r0v\6r0v_ligand.mol2,mol2,True,,refined
6r11,data/refined_set\6r11\6r11_protein.pdb,data/refined_set\6r11\6r11_pocket.pdb,data/refined_set\6r11\6r11_ligand.mol2,mol2,True,,refined
6r13,data/refined_set\6r13\6r13_protein.pdb,data/refined_set\6r13\6r13_pocket.pdb,data/refined_set\6r13\6r13_ligand.mol2,mol2,True,,refined
6r18,data/refined_set\6r18\6r18_protein.pdb,data/refined_set\6r18\6r18_pocket.pdb,data/refined_set\6r18\6r18_ligand.mol2,mol2,True,,refined
6r1a,data/refined_set\6r1a\6r1a_protein.pdb,data/refined_set\6r1a\6r1a_pocket.pdb,data/refined_set\6r1a\6r1a_ligand.mol2,mol2,True,,refined
6r1b,data/refined_set\6r1b\6r1b_protein.pdb,data/refined_set\6r1b\6r1b_pocket.pdb,data/refined_set\6r1b\6r1b_ligand.mol2,mol2,True,,refined
6r1d,data/refined_set\6r1d\6r1d_protein.pdb,data/refined_set\6r1d\6r1d_pocket.pdb,data/refined_set\6r1d\6r1d_ligand.mol2,mol2,True,,refined
6r1w,data/refined_set\6r1w\6r1w_protein.pdb,data/refined_set\6r1w\6r1w_pocket.pdb,data/refined_set\6r1w\6r1w_ligand.mol2,mol2,True,,refined
6r4k,data/refined_set\6r4k\6r4k_protein.pdb,data/refined_set\6r4k\6r4k_pocket.pdb,data/refined_set\6r4k\6r4k_ligand.mol2,mol2,True,,refined
6r8l,data/refined_set\6r8l\6r8l_protein.pdb,data/refined_set\6r8l\6r8l_pocket.pdb,data/refined_set\6r8l\6r8l_ligand.mol2,mol2,True,,refined
6r8o,data/refined_set\6r8o\6r8o_protein.pdb,data/refined_set\6r8o\6r8o_pocket.pdb,data/refined_set\6r8o\6r8o_ligand.mol2,mol2,True,,refined
6r8w,data/refined_set\6r8w\6r8w_protein.pdb,data/refined_set\6r8w\6r8w_pocket.pdb,data/refined_set\6r8w\6r8w_ligand.mol2,mol2,True,,refined
6r9u,data/refined_set\6r9u\6r9u_protein.pdb,data/refined_set\6r9u\6r9u_pocket.pdb,data/refined_set\6r9u\6r9u_ligand.mol2,mol2,True,,refined
6r9x,data/refined_set\6r9x\6r9x_protein.pdb,data/refined_set\6r9x\6r9x_pocket.pdb,data/refined_set\6r9x\6r9x_ligand.mol2,mol2,True,,refined
6rfn,data/refined_set\6rfn\6rfn_protein.pdb,data/refined_set\6rfn\6rfn_pocket.pdb,data/refined_set\6rfn\6rfn_ligand.mol2,mol2,True,,refined
6rfw,data/refined_set\6rfw\6rfw_protein.pdb,data/refined_set\6rfw\6rfw_pocket.pdb,data/refined_set\6rfw\6rfw_ligand.mol2,mol2,True,,refined
6rih,data/refined_set\6rih\6rih_protein.pdb,data/refined_set\6rih\6rih_pocket.pdb,data/refined_set\6rih\6rih_ligand.mol2,mol2,True,,refined
6rnt,data/refined_set\6rnt\6rnt_protein.pdb,data/refined_set\6rnt\6rnt_pocket.pdb,data/refined_set\6rnt\6rnt_ligand.mol2,mol2,True,,refined
6rot,data/refined_set\6rot\6rot_protein.pdb,data/refined_set\6rot\6rot_pocket.pdb,data/refined_set\6rot\6rot_ligand.mol2,mol2,True,,refined
6rtw,data/refined_set\6rtw\6rtw_protein.pdb,data/refined_set\6rtw\6rtw_pocket.pdb,data/refined_set\6rtw\6rtw_ligand.mol2,mol2,True,,refined
6s4n,data/refined_set\6s4n\6s4n_protein.pdb,data/refined_set\6s4n\6s4n_pocket.pdb,data/refined_set\6s4n\6s4n_ligand.mol2,mol2,True,,refined
6s4t,data/refined_set\6s4t\6s4t_protein.pdb,data/refined_set\6s4t\6s4t_pocket.pdb,data/refined_set\6s4t\6s4t_ligand.mol2,mol2,True,,refined
6s56,data/refined_set\6s56\6s56_protein.pdb,data/refined_set\6s56\6s56_pocket.pdb,data/refined_set\6s56\6s56_ligand.mol2,mol2,True,,refined
6s57,data/refined_set\6s57\6s57_protein.pdb,data/refined_set\6s57\6s57_pocket.pdb,data/refined_set\6s57\6s57_ligand.mol2,mol2,True,,refined
6s5k,data/refined_set\6s5k\6s5k_protein.pdb,data/refined_set\6s5k\6s5k_pocket.pdb,data/refined_set\6s5k\6s5k_ligand.mol2,mol2,True,,refined
6sbt,data/refined_set\6sbt\6sbt_protein.pdb,data/refined_set\6sbt\6sbt_pocket.pdb,data/refined_set\6sbt\6sbt_ligand.mol2,mol2,True,,refined
6sge,data/refined_set\6sge\6sge_protein.pdb,data/refined_set\6sge\6sge_pocket.pdb,data/refined_set\6sge\6sge_ligand.mol2,mol2,True,,refined
6ssy,data/refined_set\6ssy\6ssy_protein.pdb,data/refined_set\6ssy\6ssy_pocket.pdb,data/refined_set\6ssy\6ssy_ligand.mol2,mol2,True,,refined
6st0,data/refined_set\6st0\6st0_protein.pdb,data/refined_set\6st0\6st0_pocket.pdb,data/refined_set\6st0\6st0_ligand.mol2,mol2,True,,refined
6std,data/refined_set\6std\6std_protein.pdb,data/refined_set\6std\6std_pocket.pdb,data/refined_set\6std\6std_ligand.mol2,mol2,True,,refined
6stl,data/refined_set\6stl\6stl_protein.pdb,data/refined_set\6stl\6stl_pocket.pdb,data/refined_set\6stl\6stl_ligand.mol2,mol2,True,,refined
6szp,data/refined_set\6szp\6szp_protein.pdb,data/refined_set\6szp\6szp_pocket.pdb,data/refined_set\6szp\6szp_ligand.mol2,mol2,True,,refined
6t1i,data/refined_set\6t1i\6t1i_protein.pdb,data/refined_set\6t1i\6t1i_pocket.pdb,data/refined_set\6t1i\6t1i_ligand.mol2,mol2,True,,refined
6t1j,data/refined_set\6t1j\6t1j_protein.pdb,data/refined_set\6t1j\6t1j_pocket.pdb,data/refined_set\6t1j\6t1j_ligand.mol2,mol2,True,,refined
6t1l,data/refined_set\6t1l\6t1l_protein.pdb,data/refined_set\6t1l\6t1l_pocket.pdb,data/refined_set\6t1l\6t1l_ligand.mol2,mol2,True,,refined
6t1m,data/refined_set\6t1m\6t1m_protein.pdb,data/refined_set\6t1m\6t1m_pocket.pdb,data/refined_set\6t1m\6t1m_ligand.mol2,mol2,True,,refined
6t1n,data/refined_set\6t1n\6t1n_protein.pdb,data/refined_set\6t1n\6t1n_pocket.pdb,data/refined_set\6t1n\6t1n_ligand.mol2,mol2,True,,refined
6t1o,data/refined_set\6t1o\6t1o_protein.pdb,data/refined_set\6t1o\6t1o_pocket.pdb,data/refined_set\6t1o\6t1o_ligand.mol2,mol2,True,,refined
6u5y,data/refined_set\6u5y\6u5y_protein.pdb,data/refined_set\6u5y\6u5y_pocket.pdb,data/refined_set\6u5y\6u5y_ligand.mol2,mol2,True,,refined
6u6w,data/refined_set\6u6w\6u6w_protein.pdb,data/refined_set\6u6w\6u6w_pocket.pdb,data/refined_set\6u6w\6u6w_ligand.mol2,mol2,True,,refined
6u8b,data/refined_set\6u8b\6u8b_protein.pdb,data/refined_set\6u8b\6u8b_pocket.pdb,data/refined_set\6u8b\6u8b_ligand.mol2,mol2,True,,refined
6u8o,data/refined_set\6u8o\6u8o_protein.pdb,data/refined_set\6u8o\6u8o_pocket.pdb,data/refined_set\6u8o\6u8o_ligand.mol2,mol2,True,,refined
6ud2,data/refined_set\6ud2\6ud2_protein.pdb,data/refined_set\6ud2\6ud2_pocket.pdb,data/refined_set\6ud2\6ud2_ligand.mol2,mol2,True,,refined
6udi,data/refined_set\6udi\6udi_protein.pdb,data/refined_set\6udi\6udi_pocket.pdb,data/refined_set\6udi\6udi_ligand.mol2,mol2,True,,refined
6udt,data/refined_set\6udt\6udt_protein.pdb,data/refined_set\6udt\6udt_pocket.pdb,data/refined_set\6udt\6udt_ligand.mol2,mol2,True,,refined
6udu,data/refined_set\6udu\6udu_protein.pdb,data/refined_set\6udu\6udu_pocket.pdb,data/refined_set\6udu\6udu_ligand.mol2,mol2,True,,refined
6udv,data/refined_set\6udv\6udv_protein.pdb,data/refined_set\6udv\6udv_pocket.pdb,data/refined_set\6udv\6udv_ligand.mol2,mol2,True,,refined
6ueg,data/refined_set\6ueg\6ueg_protein.pdb,data/refined_set\6ueg\6ueg_pocket.pdb,data/refined_set\6ueg\6ueg_ligand.mol2,mol2,True,,refined
6ugn,data/refined_set\6ugn\6ugn_protein.pdb,data/refined_set\6ugn\6ugn_pocket.pdb,data/refined_set\6ugn\6ugn_ligand.mol2,mol2,True,,refined
6ugp,data/refined_set\6ugp\6ugp_protein.pdb,data/refined_set\6ugp\6ugp_pocket.pdb,data/refined_set\6ugp\6ugp_ligand.mol2,mol2,True,,refined
6ugr,data/refined_set\6ugr\6ugr_protein.pdb,data/refined_set\6ugr\6ugr_pocket.pdb,data/refined_set\6ugr\6ugr_ligand.mol2,mol2,True,,refined
6ugz,data/refined_set\6ugz\6ugz_protein.pdb,data/refined_set\6ugz\6ugz_pocket.pdb,data/refined_set\6ugz\6ugz_ligand.mol2,mol2,True,,refined
6uh0,data/refined_set\6uh0\6uh0_protein.pdb,data/refined_set\6uh0\6uh0_pocket.pdb,data/refined_set\6uh0\6uh0_ligand.mol2,mol2,True,,refined
6upj,data/refined_set\6upj\6upj_protein.pdb,data/refined_set\6upj\6upj_pocket.pdb,data/refined_set\6upj\6upj_ligand.mol2,mol2,True,,refined
7std,data/refined_set\7std\7std_protein.pdb,data/refined_set\7std\7std_pocket.pdb,data/refined_set\7std\7std_ligand.mol2,mol2,True,,refined
7upj,data/refined_set\7upj\7upj_protein.pdb,data/refined_set\7upj\7upj_pocket.pdb,data/refined_set\7upj\7upj_ligand.mol2,mol2,True,,refined
8a3h,data/refined_set\8a3h\8a3h_protein.pdb,data/refined_set\8a3h\8a3h_pocket.pdb,data/refined_set\8a3h\8a3h_ligand.mol2,mol2,True,,refined
8cpa,data/refined_set\8cpa\8cpa_protein.pdb,data/refined_set\8cpa\8cpa_pocket.pdb,data/refined_set\8cpa\8cpa_ligand.mol2,mol2,True,,refined
966c,data/refined_set\966c\966c_protein.pdb,data/refined_set\966c\966c_pocket.pdb,data/refined_set\966c\966c_ligand.mol2,mol2,True,,refined
readme,data/refined_set\readme\readme_protein.pdb,data/refined_set\readme\readme_pocket.pdb,,,False,missing readme_pocket.pdb,refined
10gs,data/core_set/v2013-core\10gs\10gs_protein.pdb,data/core_set/v2013-core\10gs\10gs_pocket.pdb,data/core_set/v2013-core\10gs\10gs_ligand.mol2,mol2,True,,core
1a30,data/core_set/v2013-core\1a30\1a30_protein.pdb,data/core_set/v2013-core\1a30\1a30_pocket.pdb,data/core_set/v2013-core\1a30\1a30_ligand.mol2,mol2,True,,core
1bcu,data/core_set/v2013-core\1bcu\1bcu_protein.pdb,data/core_set/v2013-core\1bcu\1bcu_pocket.pdb,data/core_set/v2013-core\1bcu\1bcu_ligand.mol2,mol2,True,,core
1e66,data/core_set/v2013-core\1e66\1e66_protein.pdb,data/core_set/v2013-core\1e66\1e66_pocket.pdb,data/core_set/v2013-core\1e66\1e66_ligand.mol2,mol2,True,,core
1f8b,data/core_set/v2013-core\1f8b\1f8b_protein.pdb,data/core_set/v2013-core\1f8b\1f8b_pocket.pdb,data/core_set/v2013-core\1f8b\1f8b_ligand.mol2,mol2,True,,core
1f8c,data/core_set/v2013-core\1f8c\1f8c_protein.pdb,data/core_set/v2013-core\1f8c\1f8c_pocket.pdb,data/core_set/v2013-core\1f8c\1f8c_ligand.mol2,mol2,True,,core
1f8d,data/core_set/v2013-core\1f8d\1f8d_protein.pdb,data/core_set/v2013-core\1f8d\1f8d_pocket.pdb,data/core_set/v2013-core\1f8d\1f8d_ligand.mol2,mol2,True,,core
1gpk,data/core_set/v2013-core\1gpk\1gpk_protein.pdb,data/core_set/v2013-core\1gpk\1gpk_pocket.pdb,data/core_set/v2013-core\1gpk\1gpk_ligand.mol2,mol2,True,,core
1h23,data/core_set/v2013-core\1h23\1h23_protein.pdb,data/core_set/v2013-core\1h23\1h23_pocket.pdb,data/core_set/v2013-core\1h23\1h23_ligand.mol2,mol2,True,,core
1hfs,data/core_set/v2013-core\1hfs\1hfs_protein.pdb,data/core_set/v2013-core\1hfs\1hfs_pocket.pdb,data/core_set/v2013-core\1hfs\1hfs_ligand.mol2,mol2,True,,core
1hnn,data/core_set/v2013-core\1hnn\1hnn_protein.pdb,data/core_set/v2013-core\1hnn\1hnn_pocket.pdb,data/core_set/v2013-core\1hnn\1hnn_ligand.mol2,mol2,True,,core
1igj,data/core_set/v2013-core\1igj\1igj_protein.pdb,data/core_set/v2013-core\1igj\1igj_pocket.pdb,data/core_set/v2013-core\1igj\1igj_ligand.mol2,mol2,True,,core
1jyq,data/core_set/v2013-core\1jyq\1jyq_protein.pdb,data/core_set/v2013-core\1jyq\1jyq_pocket.pdb,data/core_set/v2013-core\1jyq\1jyq_ligand.mol2,mol2,True,,core
1kel,data/core_set/v2013-core\1kel\1kel_protein.pdb,data/core_set/v2013-core\1kel\1kel_pocket.pdb,data/core_set/v2013-core\1kel\1kel_ligand.mol2,mol2,True,,core
1lbk,data/core_set/v2013-core\1lbk\1lbk_protein.pdb,data/core_set/v2013-core\1lbk\1lbk_pocket.pdb,data/core_set/v2013-core\1lbk\1lbk_ligand.mol2,mol2,True,,core
1lol,data/core_set/v2013-core\1lol\1lol_protein.pdb,data/core_set/v2013-core\1lol\1lol_pocket.pdb,data/core_set/v2013-core\1lol\1lol_ligand.mol2,mol2,True,,core
1loq,data/core_set/v2013-core\1loq\1loq_protein.pdb,data/core_set/v2013-core\1loq\1loq_pocket.pdb,data/core_set/v2013-core\1loq\1loq_ligand.mol2,mol2,True,,core
1lor,data/core_set/v2013-core\1lor\1lor_protein.pdb,data/core_set/v2013-core\1lor\1lor_pocket.pdb,data/core_set/v2013-core\1lor\1lor_ligand.mol2,mol2,True,,core
1mq6,data/core_set/v2013-core\1mq6\1mq6_protein.pdb,data/core_set/v2013-core\1mq6\1mq6_pocket.pdb,data/core_set/v2013-core\1mq6\1mq6_ligand.mol2,mol2,True,,core
1n1m,data/core_set/v2013-core\1n1m\1n1m_protein.pdb,data/core_set/v2013-core\1n1m\1n1m_pocket.pdb,data/core_set/v2013-core\1n1m\1n1m_ligand.mol2,mol2,True,,core
1n2v,data/core_set/v2013-core\1n2v\1n2v_protein.pdb,data/core_set/v2013-core\1n2v\1n2v_pocket.pdb,data/core_set/v2013-core\1n2v\1n2v_ligand.mol2,mol2,True,,core
1nvq,data/core_set/v2013-core\1nvq\1nvq_protein.pdb,data/core_set/v2013-core\1nvq\1nvq_pocket.pdb,data/core_set/v2013-core\1nvq\1nvq_ligand.mol2,mol2,True,,core
1o3f,data/core_set/v2013-core\1o3f\1o3f_protein.pdb,data/core_set/v2013-core\1o3f\1o3f_pocket.pdb,data/core_set/v2013-core\1o3f\1o3f_ligand.mol2,mol2,True,,core
1o5b,data/core_set/v2013-core\1o5b\1o5b_protein.pdb,data/core_set/v2013-core\1o5b\1o5b_pocket.pdb,data/core_set/v2013-core\1o5b\1o5b_ligand.mol2,mol2,True,,core
1os0,data/core_set/v2013-core\1os0\1os0_protein.pdb,data/core_set/v2013-core\1os0\1os0_pocket.pdb,data/core_set/v2013-core\1os0\1os0_ligand.mol2,mol2,True,,core
1oyt,data/core_set/v2013-core\1oyt\1oyt_protein.pdb,data/core_set/v2013-core\1oyt\1oyt_pocket.pdb,data/core_set/v2013-core\1oyt\1oyt_ligand.mol2,mol2,True,,core
1p1q,data/core_set/v2013-core\1p1q\1p1q_protein.pdb,data/core_set/v2013-core\1p1q\1p1q_pocket.pdb,data/core_set/v2013-core\1p1q\1p1q_ligand.mol2,mol2,True,,core
1ps3,data/core_set/v2013-core\1ps3\1ps3_protein.pdb,data/core_set/v2013-core\1ps3\1ps3_pocket.pdb,data/core_set/v2013-core\1ps3\1ps3_ligand.mol2,mol2,True,,core
1q8t,data/core_set/v2013-core\1q8t\1q8t_protein.pdb,data/core_set/v2013-core\1q8t\1q8t_pocket.pdb,data/core_set/v2013-core\1q8t\1q8t_ligand.mol2,mol2,True,,core
1q8u,data/core_set/v2013-core\1q8u\1q8u_protein.pdb,data/core_set/v2013-core\1q8u\1q8u_pocket.pdb,data/core_set/v2013-core\1q8u\1q8u_ligand.mol2,mol2,True,,core
1qi0,data/core_set/v2013-core\1qi0\1qi0_protein.pdb,data/core_set/v2013-core\1qi0\1qi0_pocket.pdb,data/core_set/v2013-core\1qi0\1qi0_ligand.mol2,mol2,True,,core
1r5y,data/core_set/v2013-core\1r5y\1r5y_protein.pdb,data/core_set/v2013-core\1r5y\1r5y_pocket.pdb,data/core_set/v2013-core\1r5y\1r5y_ligand.mol2,mol2,True,,core
1sln,data/core_set/v2013-core\1sln\1sln_protein.pdb,data/core_set/v2013-core\1sln\1sln_pocket.pdb,data/core_set/v2013-core\1sln\1sln_ligand.mol2,mol2,True,,core
1sqa,data/core_set/v2013-core\1sqa\1sqa_protein.pdb,data/core_set/v2013-core\1sqa\1sqa_pocket.pdb,data/core_set/v2013-core\1sqa\1sqa_ligand.mol2,mol2,True,,core
1u1b,data/core_set/v2013-core\1u1b\1u1b_protein.pdb,data/core_set/v2013-core\1u1b\1u1b_pocket.pdb,data/core_set/v2013-core\1u1b\1u1b_ligand.mol2,mol2,True,,core
1u33,data/core_set/v2013-core\1u33\1u33_protein.pdb,data/core_set/v2013-core\1u33\1u33_pocket.pdb,data/core_set/v2013-core\1u33\1u33_ligand.mol2,mol2,True,,core
1uto,data/core_set/v2013-core\1uto\1uto_protein.pdb,data/core_set/v2013-core\1uto\1uto_pocket.pdb,data/core_set/v2013-core\1uto\1uto_ligand.mol2,mol2,True,,core
1vso,data/core_set/v2013-core\1vso\1vso_protein.pdb,data/core_set/v2013-core\1vso\1vso_pocket.pdb,data/core_set/v2013-core\1vso\1vso_ligand.mol2,mol2,True,,core
1w3k,data/core_set/v2013-core\1w3k\1w3k_protein.pdb,data/core_set/v2013-core\1w3k\1w3k_pocket.pdb,data/core_set/v2013-core\1w3k\1w3k_ligand.mol2,mol2,True,,core
1w3l,data/core_set/v2013-core\1w3l\1w3l_protein.pdb,data/core_set/v2013-core\1w3l\1w3l_pocket.pdb,data/core_set/v2013-core\1w3l\1w3l_ligand.mol2,mol2,True,,core
1w4o,data/core_set/v2013-core\1w4o\1w4o_protein.pdb,data/core_set/v2013-core\1w4o\1w4o_pocket.pdb,data/core_set/v2013-core\1w4o\1w4o_ligand.mol2,mol2,True,,core
1xd0,data/core_set/v2013-core\1xd0\1xd0_protein.pdb,data/core_set/v2013-core\1xd0\1xd0_pocket.pdb,data/core_set/v2013-core\1xd0\1xd0_ligand.mol2,mol2,True,,core
1yc1,data/core_set/v2013-core\1yc1\1yc1_protein.pdb,data/core_set/v2013-core\1yc1\1yc1_pocket.pdb,data/core_set/v2013-core\1yc1\1yc1_ligand.mol2,mol2,True,,core
1z95,data/core_set/v2013-core\1z95\1z95_protein.pdb,data/core_set/v2013-core\1z95\1z95_pocket.pdb,data/core_set/v2013-core\1z95\1z95_ligand.mol2,mol2,True,,core
1zea,data/core_set/v2013-core\1zea\1zea_protein.pdb,data/core_set/v2013-core\1zea\1zea_pocket.pdb,data/core_set/v2013-core\1zea\1zea_ligand.mol2,mol2,True,,core
2brb,data/core_set/v2013-core\2brb\2brb_protein.pdb,data/core_set/v2013-core\2brb\2brb_pocket.pdb,data/core_set/v2013-core\2brb\2brb_ligand.mol2,mol2,True,,core
2cbj,data/core_set/v2013-core\2cbj\2cbj_protein.pdb,data/core_set/v2013-core\2cbj\2cbj_pocket.pdb,data/core_set/v2013-core\2cbj\2cbj_ligand.mol2,mol2,True,,core
2cet,data/core_set/v2013-core\2cet\2cet_protein.pdb,data/core_set/v2013-core\2cet\2cet_pocket.pdb,data/core_set/v2013-core\2cet\2cet_ligand.mol2,mol2,True,,core
2d1o,data/core_set/v2013-core\2d1o\2d1o_protein.pdb,data/core_set/v2013-core\2d1o\2d1o_pocket.pdb,data/core_set/v2013-core\2d1o\2d1o_ligand.mol2,mol2,True,,core
2d3u,data/core_set/v2013-core\2d3u\2d3u_protein.pdb,data/core_set/v2013-core\2d3u\2d3u_pocket.pdb,data/core_set/v2013-core\2d3u\2d3u_ligand.mol2,mol2,True,,core
2fvd,data/core_set/v2013-core\2fvd\2fvd_protein.pdb,data/core_set/v2013-core\2fvd\2fvd_pocket.pdb,data/core_set/v2013-core\2fvd\2fvd_ligand.mol2,mol2,True,,core
2g70,data/core_set/v2013-core\2g70\2g70_protein.pdb,data/core_set/v2013-core\2g70\2g70_pocket.pdb,data/core_set/v2013-core\2g70\2g70_ligand.mol2,mol2,True,,core
2gss,data/core_set/v2013-core\2gss\2gss_protein.pdb,data/core_set/v2013-core\2gss\2gss_pocket.pdb,data/core_set/v2013-core\2gss\2gss_ligand.mol2,mol2,True,,core
2hb1,data/core_set/v2013-core\2hb1\2hb1_protein.pdb,data/core_set/v2013-core\2hb1\2hb1_pocket.pdb,data/core_set/v2013-core\2hb1\2hb1_ligand.mol2,mol2,True,,core
2iwx,data/core_set/v2013-core\2iwx\2iwx_protein.pdb,data/core_set/v2013-core\2iwx\2iwx_pocket.pdb,data/core_set/v2013-core\2iwx\2iwx_ligand.mol2,mol2,True,,core
2j62,data/core_set/v2013-core\2j62\2j62_protein.pdb,data/core_set/v2013-core\2j62\2j62_pocket.pdb,data/core_set/v2013-core\2j62\2j62_ligand.mol2,mol2,True,,core
2j78,data/core_set/v2013-core\2j78\2j78_protein.pdb,data/core_set/v2013-core\2j78\2j78_pocket.pdb,data/core_set/v2013-core\2j78\2j78_ligand.mol2,mol2,True,,core
2jdm,data/core_set/v2013-core\2jdm\2jdm_protein.pdb,data/core_set/v2013-core\2jdm\2jdm_pocket.pdb,data/core_set/v2013-core\2jdm\2jdm_ligand.mol2,mol2,True,,core
2jdu,data/core_set/v2013-core\2jdu\2jdu_protein.pdb,data/core_set/v2013-core\2jdu\2jdu_pocket.pdb,data/core_set/v2013-core\2jdu\2jdu_ligand.mol2,mol2,True,,core
2jdy,data/core_set/v2013-core\2jdy\2jdy_protein.pdb,data/core_set/v2013-core\2jdy\2jdy_pocket.pdb,data/core_set/v2013-core\2jdy\2jdy_ligand.mol2,mol2,True,,core
2obf,data/core_set/v2013-core\2obf\2obf_protein.pdb,data/core_set/v2013-core\2obf\2obf_pocket.pdb,data/core_set/v2013-core\2obf\2obf_ligand.mol2,mol2,True,,core
2ole,data/core_set/v2013-core\2ole\2ole_protein.pdb,data/core_set/v2013-core\2ole\2ole_pocket.pdb,data/core_set/v2013-core\2ole\2ole_ligand.mol2,mol2,True,,core
2p4y,data/core_set/v2013-core\2p4y\2p4y_protein.pdb,data/core_set/v2013-core\2p4y\2p4y_pocket.pdb,data/core_set/v2013-core\2p4y\2p4y_ligand.mol2,mol2,True,,core
2pcp,data/core_set/v2013-core\2pcp\2pcp_protein.pdb,data/core_set/v2013-core\2pcp\2pcp_pocket.pdb,data/core_set/v2013-core\2pcp\2pcp_ligand.mol2,mol2,True,,core
2pq9,data/core_set/v2013-core\2pq9\2pq9_protein.pdb,data/core_set/v2013-core\2pq9\2pq9_pocket.pdb,data/core_set/v2013-core\2pq9\2pq9_ligand.mol2,mol2,True,,core
2qbp,data/core_set/v2013-core\2qbp\2qbp_protein.pdb,data/core_set/v2013-core\2qbp\2qbp_pocket.pdb,data/core_set/v2013-core\2qbp\2qbp_ligand.mol2,mol2,True,,core
2qbr,data/core_set/v2013-core\2qbr\2qbr_protein.pdb,data/core_set/v2013-core\2qbr\2qbr_pocket.pdb,data/core_set/v2013-core\2qbr\2qbr_ligand.mol2,mol2,True,,core
2qft,data/core_set/v2013-core\2qft\2qft_protein.pdb,data/core_set/v2013-core\2qft\2qft_pocket.pdb,data/core_set/v2013-core\2qft\2qft_ligand.mol2,mol2,True,,core
2qmj,data/core_set/v2013-core\2qmj\2qmj_protein.pdb,data/core_set/v2013-core\2qmj\2qmj_pocket.pdb,data/core_set/v2013-core\2qmj\2qmj_ligand.mol2,mol2,True,,core
2r23,data/core_set/v2013-core\2r23\2r23_protein.pdb,data/core_set/v2013-core\2r23\2r23_pocket.pdb,data/core_set/v2013-core\2r23\2r23_ligand.mol2,mol2,True,,core
2v00,data/core_set/v2013-core\2v00\2v00_protein.pdb,data/core_set/v2013-core\2v00\2v00_pocket.pdb,data/core_set/v2013-core\2v00\2v00_ligand.mol2,mol2,True,,core
2v7a,data/core_set/v2013-core\2v7a\2v7a_protein.pdb,data/core_set/v2013-core\2v7a\2v7a_pocket.pdb,data/core_set/v2013-core\2v7a\2v7a_ligand.mol2,mol2,True,,core
2vl4,data/core_set/v2013-core\2vl4\2vl4_protein.pdb,data/core_set/v2013-core\2vl4\2vl4_pocket.pdb,data/core_set/v2013-core\2vl4\2vl4_ligand.mol2,mol2,True,,core
2vo5,data/core_set/v2013-core\2vo5\2vo5_protein.pdb,data/core_set/v2013-core\2vo5\2vo5_pocket.pdb,data/core_set/v2013-core\2vo5\2vo5_ligand.mol2,mol2,True,,core
2vot,data/core_set/v2013-core\2vot\2vot_protein.pdb,data/core_set/v2013-core\2vot\2vot_pocket.pdb,data/core_set/v2013-core\2vot\2vot_ligand.mol2,mol2,True,,core
2vvn,data/core_set/v2013-core\2vvn\2vvn_protein.pdb,data/core_set/v2013-core\2vvn\2vvn_pocket.pdb,data/core_set/v2013-core\2vvn\2vvn_ligand.mol2,mol2,True,,core
2vw5,data/core_set/v2013-core\2vw5\2vw5_protein.pdb,data/core_set/v2013-core\2vw5\2vw5_pocket.pdb,data/core_set/v2013-core\2vw5\2vw5_ligand.mol2,mol2,True,,core
2w66,data/core_set/v2013-core\2w66\2w66_protein.pdb,data/core_set/v2013-core\2w66\2w66_pocket.pdb,data/core_set/v2013-core\2w66\2w66_ligand.mol2,mol2,True,,core
2wbg,data/core_set/v2013-core\2wbg\2wbg_protein.pdb,data/core_set/v2013-core\2wbg\2wbg_pocket.pdb,data/core_set/v2013-core\2wbg\2wbg_ligand.mol2,mol2,True,,core
2wca,data/core_set/v2013-core\2wca\2wca_protein.pdb,data/core_set/v2013-core\2wca\2wca_pocket.pdb,data/core_set/v2013-core\2wca\2wca_ligand.mol2,mol2,True,,core
2weg,data/core_set/v2013-core\2weg\2weg_protein.pdb,data/core_set/v2013-core\2weg\2weg_pocket.pdb,data/core_set/v2013-core\2weg\2weg_ligand.mol2,mol2,True,,core
2wtv,data/core_set/v2013-core\2wtv\2wtv_protein.pdb,data/core_set/v2013-core\2wtv\2wtv_pocket.pdb,data/core_set/v2013-core\2wtv\2wtv_ligand.mol2,mol2,True,,core
2x00,data/core_set/v2013-core\2x00\2x00_protein.pdb,data/core_set/v2013-core\2x00\2x00_pocket.pdb,data/core_set/v2013-core\2x00\2x00_ligand.mol2,mol2,True,,core
2x0y,data/core_set/v2013-core\2x0y\2x0y_protein.pdb,data/core_set/v2013-core\2x0y\2x0y_pocket.pdb,data/core_set/v2013-core\2x0y\2x0y_ligand.mol2,mol2,True,,core
2x8z,data/core_set/v2013-core\2x8z\2x8z_protein.pdb,data/core_set/v2013-core\2x8z\2x8z_pocket.pdb,data/core_set/v2013-core\2x8z\2x8z_ligand.mol2,mol2,True,,core
2x97,data/core_set/v2013-core\2x97\2x97_protein.pdb,data/core_set/v2013-core\2x97\2x97_pocket.pdb,data/core_set/v2013-core\2x97\2x97_ligand.mol2,mol2,True,,core
2xb8,data/core_set/v2013-core\2xb8\2xb8_protein.pdb,data/core_set/v2013-core\2xb8\2xb8_pocket.pdb,data/core_set/v2013-core\2xb8\2xb8_ligand.mol2,mol2,True,,core
2xbv,data/core_set/v2013-core\2xbv\2xbv_protein.pdb,data/core_set/v2013-core\2xbv\2xbv_pocket.pdb,data/core_set/v2013-core\2xbv\2xbv_ligand.mol2,mol2,True,,core
2xdl,data/core_set/v2013-core\2xdl\2xdl_protein.pdb,data/core_set/v2013-core\2xdl\2xdl_pocket.pdb,data/core_set/v2013-core\2xdl\2xdl_ligand.mol2,mol2,True,,core
2xhm,data/core_set/v2013-core\2xhm\2xhm_protein.pdb,data/core_set/v2013-core\2xhm\2xhm_pocket.pdb,data/core_set/v2013-core\2xhm\2xhm_ligand.mol2,mol2,True,,core
2xnb,data/core_set/v2013-core\2xnb\2xnb_protein.pdb,data/core_set/v2013-core\2xnb\2xnb_pocket.pdb,data/core_set/v2013-core\2xnb\2xnb_ligand.mol2,mol2,True,,core
2xy9,data/core_set/v2013-core\2xy9\2xy9_protein.pdb,data/core_set/v2013-core\2xy9\2xy9_pocket.pdb,data/core_set/v2013-core\2xy9\2xy9_ligand.mol2,mol2,True,,core
2xys,data/core_set/v2013-core\2xys\2xys_protein.pdb,data/core_set/v2013-core\2xys\2xys_pocket.pdb,data/core_set/v2013-core\2xys\2xys_ligand.mol2,mol2,True,,core
2y5h,data/core_set/v2013-core\2y5h\2y5h_protein.pdb,data/core_set/v2013-core\2y5h\2y5h_pocket.pdb,data/core_set/v2013-core\2y5h\2y5h_ligand.mol2,mol2,True,,core
2yfe,data/core_set/v2013-core\2yfe\2yfe_protein.pdb,data/core_set/v2013-core\2yfe\2yfe_pocket.pdb,data/core_set/v2013-core\2yfe\2yfe_ligand.mol2,mol2,True,,core
2yge,data/core_set/v2013-core\2yge\2yge_protein.pdb,data/core_set/v2013-core\2yge\2yge_pocket.pdb,data/core_set/v2013-core\2yge\2yge_ligand.mol2,mol2,True,,core
2yki,data/core_set/v2013-core\2yki\2yki_protein.pdb,data/core_set/v2013-core\2yki\2yki_pocket.pdb,data/core_set/v2013-core\2yki\2yki_ligand.mol2,mol2,True,,core
2ymd,data/core_set/v2013-core\2ymd\2ymd_protein.pdb,data/core_set/v2013-core\2ymd\2ymd_pocket.pdb,data/core_set/v2013-core\2ymd\2ymd_ligand.mol2,mol2,True,,core
2zcq,data/core_set/v2013-core\2zcq\2zcq_protein.pdb,data/core_set/v2013-core\2zcq\2zcq_pocket.pdb,data/core_set/v2013-core\2zcq\2zcq_ligand.mol2,mol2,True,,core
2zcr,data/core_set/v2013-core\2zcr\2zcr_protein.pdb,data/core_set/v2013-core\2zcr\2zcr_pocket.pdb,data/core_set/v2013-core\2zcr\2zcr_ligand.mol2,mol2,True,,core
2zjw,data/core_set/v2013-core\2zjw\2zjw_protein.pdb,data/core_set/v2013-core\2zjw\2zjw_pocket.pdb,data/core_set/v2013-core\2zjw\2zjw_ligand.mol2,mol2,True,,core
2zwz,data/core_set/v2013-core\2zwz\2zwz_protein.pdb,data/core_set/v2013-core\2zwz\2zwz_pocket.pdb,data/core_set/v2013-core\2zwz\2zwz_ligand.mol2,mol2,True,,core
2zx6,data/core_set/v2013-core\2zx6\2zx6_protein.pdb,data/core_set/v2013-core\2zx6\2zx6_pocket.pdb,data/core_set/v2013-core\2zx6\2zx6_ligand.mol2,mol2,True,,core
2zxd,data/core_set/v2013-core\2zxd\2zxd_protein.pdb,data/core_set/v2013-core\2zxd\2zxd_pocket.pdb,data/core_set/v2013-core\2zxd\2zxd_ligand.mol2,mol2,True,,core
3acw,data/core_set/v2013-core\3acw\3acw_protein.pdb,data/core_set/v2013-core\3acw\3acw_pocket.pdb,data/core_set/v2013-core\3acw\3acw_ligand.mol2,mol2,True,,core
3ag9,data/core_set/v2013-core\3ag9\3ag9_protein.pdb,data/core_set/v2013-core\3ag9\3ag9_pocket.pdb,data/core_set/v2013-core\3ag9\3ag9_ligand.mol2,mol2,True,,core
3ao4,data/core_set/v2013-core\3ao4\3ao4_protein.pdb,data/core_set/v2013-core\3ao4\3ao4_pocket.pdb,data/core_set/v2013-core\3ao4\3ao4_ligand.mol2,mol2,True,,core
3b3s,data/core_set/v2013-core\3b3s\3b3s_protein.pdb,data/core_set/v2013-core\3b3s\3b3s_pocket.pdb,data/core_set/v2013-core\3b3s\3b3s_ligand.mol2,mol2,True,,core
3b3w,data/core_set/v2013-core\3b3w\3b3w_protein.pdb,data/core_set/v2013-core\3b3w\3b3w_pocket.pdb,data/core_set/v2013-core\3b3w\3b3w_ligand.mol2,mol2,True,,core
3b68,data/core_set/v2013-core\3b68\3b68_protein.pdb,data/core_set/v2013-core\3b68\3b68_pocket.pdb,data/core_set/v2013-core\3b68\3b68_ligand.mol2,mol2,True,,core
3bfu,data/core_set/v2013-core\3bfu\3bfu_protein.pdb,data/core_set/v2013-core\3bfu\3bfu_pocket.pdb,data/core_set/v2013-core\3bfu\3bfu_ligand.mol2,mol2,True,,core
3bkk,data/core_set/v2013-core\3bkk\3bkk_protein.pdb,data/core_set/v2013-core\3bkk\3bkk_pocket.pdb,data/core_set/v2013-core\3bkk\3bkk_ligand.mol2,mol2,True,,core
3bpc,data/core_set/v2013-core\3bpc\3bpc_protein.pdb,data/core_set/v2013-core\3bpc\3bpc_pocket.pdb,data/core_set/v2013-core\3bpc\3bpc_ligand.mol2,mol2,True,,core
3cft,data/core_set/v2013-core\3cft\3cft_protein.pdb,data/core_set/v2013-core\3cft\3cft_pocket.pdb,data/core_set/v2013-core\3cft\3cft_ligand.mol2,mol2,True,,core
3cj2,data/core_set/v2013-core\3cj2\3cj2_protein.pdb,data/core_set/v2013-core\3cj2\3cj2_pocket.pdb,data/core_set/v2013-core\3cj2\3cj2_ligand.mol2,mol2,True,,core
3coy,data/core_set/v2013-core\3coy\3coy_protein.pdb,data/core_set/v2013-core\3coy\3coy_pocket.pdb,data/core_set/v2013-core\3coy\3coy_ligand.mol2,mol2,True,,core
3cyx,data/core_set/v2013-core\3cyx\3cyx_protein.pdb,data/core_set/v2013-core\3cyx\3cyx_pocket.pdb,data/core_set/v2013-core\3cyx\3cyx_ligand.mol2,mol2,True,,core
3d4z,data/core_set/v2013-core\3d4z\3d4z_protein.pdb,data/core_set/v2013-core\3d4z\3d4z_pocket.pdb,data/core_set/v2013-core\3d4z\3d4z_ligand.mol2,mol2,True,,core
3dd0,data/core_set/v2013-core\3dd0\3dd0_protein.pdb,data/core_set/v2013-core\3dd0\3dd0_pocket.pdb,data/core_set/v2013-core\3dd0\3dd0_ligand.mol2,mol2,True,,core
3dxg,data/core_set/v2013-core\3dxg\3dxg_protein.pdb,data/core_set/v2013-core\3dxg\3dxg_pocket.pdb,data/core_set/v2013-core\3dxg\3dxg_ligand.mol2,mol2,True,,core
3e93,data/core_set/v2013-core\3e93\3e93_protein.pdb,data/core_set/v2013-core\3e93\3e93_pocket.pdb,data/core_set/v2013-core\3e93\3e93_ligand.mol2,mol2,True,,core
3ebp,data/core_set/v2013-core\3ebp\3ebp_protein.pdb,data/core_set/v2013-core\3ebp\3ebp_pocket.pdb,data/core_set/v2013-core\3ebp\3ebp_ligand.mol2,mol2,True,,core
3ehy,data/core_set/v2013-core\3ehy\3ehy_protein.pdb,data/core_set/v2013-core\3ehy\3ehy_pocket.pdb,data/core_set/v2013-core\3ehy\3ehy_ligand.mol2,mol2,True,,core
3ejr,data/core_set/v2013-core\3ejr\3ejr_protein.pdb,data/core_set/v2013-core\3ejr\3ejr_pocket.pdb,data/core_set/v2013-core\3ejr\3ejr_ligand.mol2,mol2,True,,core
3f17,data/core_set/v2013-core\3f17\3f17_protein.pdb,data/core_set/v2013-core\3f17\3f17_pocket.pdb,data/core_set/v2013-core\3f17\3f17_ligand.mol2,mol2,True,,core
3f3a,data/core_set/v2013-core\3f3a\3f3a_protein.pdb,data/core_set/v2013-core\3f3a\3f3a_pocket.pdb,data/core_set/v2013-core\3f3a\3f3a_ligand.mol2,mol2,True,,core
3f3c,data/core_set/v2013-core\3f3c\3f3c_protein.pdb,data/core_set/v2013-core\3f3c\3f3c_pocket.pdb,data/core_set/v2013-core\3f3c\3f3c_ligand.mol2,mol2,True,,core
3f3e,data/core_set/v2013-core\3f3e\3f3e_protein.pdb,data/core_set/v2013-core\3f3e\3f3e_pocket.pdb,data/core_set/v2013-core\3f3e\3f3e_ligand.mol2,mol2,True,,core
3f80,data/core_set/v2013-core\3f80\3f80_protein.pdb,data/core_set/v2013-core\3f80\3f80_pocket.pdb,data/core_set/v2013-core\3f80\3f80_ligand.mol2,mol2,True,,core
3fcq,data/core_set/v2013-core\3fcq\3fcq_protein.pdb,data/core_set/v2013-core\3fcq\3fcq_pocket.pdb,data/core_set/v2013-core\3fcq\3fcq_ligand.mol2,mol2,True,,core
3fk1,data/core_set/v2013-core\3fk1\3fk1_protein.pdb,data/core_set/v2013-core\3fk1\3fk1_pocket.pdb,data/core_set/v2013-core\3fk1\3fk1_ligand.mol2,mol2,True,,core
3fv1,data/core_set/v2013-core\3fv1\3fv1_protein.pdb,data/core_set/v2013-core\3fv1\3fv1_pocket.pdb,data/core_set/v2013-core\3fv1\3fv1_ligand.mol2,mol2,True,,core
3g0w,data/core_set/v2013-core\3g0w\3g0w_protein.pdb,data/core_set/v2013-core\3g0w\3g0w_pocket.pdb,data/core_set/v2013-core\3g0w\3g0w_ligand.mol2,mol2,True,,core
3g2n,data/core_set/v2013-core\3g2n\3g2n_protein.pdb,data/core_set/v2013-core\3g2n\3g2n_pocket.pdb,data/core_set/v2013-core\3g2n\3g2n_ligand.mol2,mol2,True,,core
3g2z,data/core_set/v2013-core\3g2z\3g2z_protein.pdb,data/core_set/v2013-core\3g2z\3g2z_pocket.pdb,data/core_set/v2013-core\3g2z\3g2z_ligand.mol2,mol2,True,,core
3gbb,data/core_set/v2013-core\3gbb\3gbb_protein.pdb,data/core_set/v2013-core\3gbb\3gbb_pocket.pdb,data/core_set/v2013-core\3gbb\3gbb_ligand.mol2,mol2,True,,core
3gcs,data/core_set/v2013-core\3gcs\3gcs_protein.pdb,data/core_set/v2013-core\3gcs\3gcs_pocket.pdb,data/core_set/v2013-core\3gcs\3gcs_ligand.mol2,mol2,True,,core
3ge7,data/core_set/v2013-core\3ge7\3ge7_protein.pdb,data/core_set/v2013-core\3ge7\3ge7_pocket.pdb,data/core_set/v2013-core\3ge7\3ge7_ligand.mol2,mol2,True,,core
3gnw,data/core_set/v2013-core\3gnw\3gnw_protein.pdb,data/core_set/v2013-core\3gnw\3gnw_pocket.pdb,data/core_set/v2013-core\3gnw\3gnw_ligand.mol2,mol2,True,,core
3gy4,data/core_set/v2013-core\3gy4\3gy4_protein.pdb,data/core_set/v2013-core\3gy4\3gy4_pocket.pdb,data/core_set/v2013-core\3gy4\3gy4_ligand.mol2,mol2,True,,core
3huc,data/core_set/v2013-core\3huc\3huc_protein.pdb,data/core_set/v2013-core\3huc\3huc_pocket.pdb,data/core_set/v2013-core\3huc\3huc_ligand.mol2,mol2,True,,core
3i3b,data/core_set/v2013-core\3i3b\3i3b_protein.pdb,data/core_set/v2013-core\3i3b\3i3b_pocket.pdb,data/core_set/v2013-core\3i3b\3i3b_ligand.mol2,mol2,True,,core
3imc,data/core_set/v2013-core\3imc\3imc_protein.pdb,data/core_set/v2013-core\3imc\3imc_pocket.pdb,data/core_set/v2013-core\3imc\3imc_ligand.mol2,mol2,True,,core
3ivg,data/core_set/v2013-core\3ivg\3ivg_protein.pdb,data/core_set/v2013-core\3ivg\3ivg_pocket.pdb,data/core_set/v2013-core\3ivg\3ivg_ligand.mol2,mol2,True,,core
3jvs,data/core_set/v2013-core\3jvs\3jvs_protein.pdb,data/core_set/v2013-core\3jvs\3jvs_pocket.pdb,data/core_set/v2013-core\3jvs\3jvs_ligand.mol2,mol2,True,,core
3k5v,data/core_set/v2013-core\3k5v\3k5v_protein.pdb,data/core_set/v2013-core\3k5v\3k5v_pocket.pdb,data/core_set/v2013-core\3k5v\3k5v_ligand.mol2,mol2,True,,core
3kgp,data/core_set/v2013-core\3kgp\3kgp_protein.pdb,data/core_set/v2013-core\3kgp\3kgp_pocket.pdb,data/core_set/v2013-core\3kgp\3kgp_ligand.mol2,mol2,True,,core
3kv2,data/core_set/v2013-core\3kv2\3kv2_protein.pdb,data/core_set/v2013-core\3kv2\3kv2_pocket.pdb,data/core_set/v2013-core\3kv2\3kv2_ligand.mol2,mol2,True,,core
3kwa,data/core_set/v2013-core\3kwa\3kwa_protein.pdb,data/core_set/v2013-core\3kwa\3kwa_pocket.pdb,data/core_set/v2013-core\3kwa\3kwa_ligand.mol2,mol2,True,,core
3l3n,data/core_set/v2013-core\3l3n\3l3n_protein.pdb,data/core_set/v2013-core\3l3n\3l3n_pocket.pdb,data/core_set/v2013-core\3l3n\3l3n_ligand.mol2,mol2,True,,core
3l4u,data/core_set/v2013-core\3l4u\3l4u_protein.pdb,data/core_set/v2013-core\3l4u\3l4u_pocket.pdb,data/core_set/v2013-core\3l4u\3l4u_ligand.mol2,mol2,True,,core
3l4w,data/core_set/v2013-core\3l4w\3l4w_protein.pdb,data/core_set/v2013-core\3l4w\3l4w_pocket.pdb,data/core_set/v2013-core\3l4w\3l4w_ligand.mol2,mol2,True,,core
3l7b,data/core_set/v2013-core\3l7b\3l7b_protein.pdb,data/core_set/v2013-core\3l7b\3l7b_pocket.pdb,data/core_set/v2013-core\3l7b\3l7b_ligand.mol2,mol2,True,,core
3lka,data/core_set/v2013-core\3lka\3lka_protein.pdb,data/core_set/v2013-core\3lka\3lka_pocket.pdb,data/core_set/v2013-core\3lka\3lka_ligand.mol2,mol2,True,,core
3mfv,data/core_set/v2013-core\3mfv\3mfv_protein.pdb,data/core_set/v2013-core\3mfv\3mfv_pocket.pdb,data/core_set/v2013-core\3mfv\3mfv_ligand.mol2,mol2,True,,core
3mss,data/core_set/v2013-core\3mss\3mss_protein.pdb,data/core_set/v2013-core\3mss\3mss_pocket.pdb,data/core_set/v2013-core\3mss\3mss_ligand.mol2,mol2,True,,core
3muz,data/core_set/v2013-core\3muz\3muz_protein.pdb,data/core_set/v2013-core\3muz\3muz_pocket.pdb,data/core_set/v2013-core\3muz\3muz_ligand.mol2,mol2,True,,core
3myg,data/core_set/v2013-core\3myg\3myg_protein.pdb,data/core_set/v2013-core\3myg\3myg_pocket.pdb,data/core_set/v2013-core\3myg\3myg_ligand.mol2,mol2,True,,core
3n7a,data/core_set/v2013-core\3n7a\3n7a_protein.pdb,data/core_set/v2013-core\3n7a\3n7a_pocket.pdb,data/core_set/v2013-core\3n7a\3n7a_ligand.mol2,mol2,True,,core
3n86,data/core_set/v2013-core\3n86\3n86_protein.pdb,data/core_set/v2013-core\3n86\3n86_pocket.pdb,data/core_set/v2013-core\3n86\3n86_ligand.mol2,mol2,True,,core
3nox,data/core_set/v2013-core\3nox\3nox_protein.pdb,data/core_set/v2013-core\3nox\3nox_pocket.pdb,data/core_set/v2013-core\3nox\3nox_ligand.mol2,mol2,True,,core
3nq3,data/core_set/v2013-core\3nq3\3nq3_protein.pdb,data/core_set/v2013-core\3nq3\3nq3_pocket.pdb,data/core_set/v2013-core\3nq3\3nq3_ligand.mol2,mol2,True,,core
3nw9,data/core_set/v2013-core\3nw9\3nw9_protein.pdb,data/core_set/v2013-core\3nw9\3nw9_pocket.pdb,data/core_set/v2013-core\3nw9\3nw9_ligand.mol2,mol2,True,,core
3oe5,data/core_set/v2013-core\3oe5\3oe5_protein.pdb,data/core_set/v2013-core\3oe5\3oe5_pocket.pdb,data/core_set/v2013-core\3oe5\3oe5_ligand.mol2,mol2,True,,core
3ov1,data/core_set/v2013-core\3ov1\3ov1_protein.pdb,data/core_set/v2013-core\3ov1\3ov1_pocket.pdb,data/core_set/v2013-core\3ov1\3ov1_ligand.mol2,mol2,True,,core
3owj,data/core_set/v2013-core\3owj\3owj_protein.pdb,data/core_set/v2013-core\3owj\3owj_pocket.pdb,data/core_set/v2013-core\3owj\3owj_ligand.mol2,mol2,True,,core
3ozt,data/core_set/v2013-core\3ozt\3ozt_protein.pdb,data/core_set/v2013-core\3ozt\3ozt_pocket.pdb,data/core_set/v2013-core\3ozt\3ozt_ligand.mol2,mol2,True,,core
3pe2,data/core_set/v2013-core\3pe2\3pe2_protein.pdb,data/core_set/v2013-core\3pe2\3pe2_pocket.pdb,data/core_set/v2013-core\3pe2\3pe2_ligand.mol2,mol2,True,,core
3pww,data/core_set/v2013-core\3pww\3pww_protein.pdb,data/core_set/v2013-core\3pww\3pww_pocket.pdb,data/core_set/v2013-core\3pww\3pww_ligand.mol2,mol2,True,,core
3pxf,data/core_set/v2013-core\3pxf\3pxf_protein.pdb,data/core_set/v2013-core\3pxf\3pxf_pocket.pdb,data/core_set/v2013-core\3pxf\3pxf_ligand.mol2,mol2,True,,core
3s8o,data/core_set/v2013-core\3s8o\3s8o_protein.pdb,data/core_set/v2013-core\3s8o\3s8o_pocket.pdb,data/core_set/v2013-core\3s8o\3s8o_ligand.mol2,mol2,True,,core
3su2,data/core_set/v2013-core\3su2\3su2_protein.pdb,data/core_set/v2013-core\3su2\3su2_pocket.pdb,data/core_set/v2013-core\3su2\3su2_ligand.mol2,mol2,True,,core
3su3,data/core_set/v2013-core\3su3\3su3_protein.pdb,data/core_set/v2013-core\3su3\3su3_pocket.pdb,data/core_set/v2013-core\3su3\3su3_ligand.mol2,mol2,True,,core
3su5,data/core_set/v2013-core\3su5\3su5_protein.pdb,data/core_set/v2013-core\3su5\3su5_pocket.pdb,data/core_set/v2013-core\3su5\3su5_ligand.mol2,mol2,True,,core
3u9q,data/core_set/v2013-core\3u9q\3u9q_protein.pdb,data/core_set/v2013-core\3u9q\3u9q_pocket.pdb,data/core_set/v2013-core\3u9q\3u9q_ligand.mol2,mol2,True,,core
3udh,data/core_set/v2013-core\3udh\3udh_protein.pdb,data/core_set/v2013-core\3udh\3udh_pocket.pdb,data/core_set/v2013-core\3udh\3udh_ligand.mol2,mol2,True,,core
3ueu,data/core_set/v2013-core\3ueu\3ueu_protein.pdb,data/core_set/v2013-core\3ueu\3ueu_pocket.pdb,data/core_set/v2013-core\3ueu\3ueu_ligand.mol2,mol2,True,,core
3uex,data/core_set/v2013-core\3uex\3uex_protein.pdb,data/core_set/v2013-core\3uex\3uex_pocket.pdb,data/core_set/v2013-core\3uex\3uex_ligand.mol2,mol2,True,,core
3uo4,data/core_set/v2013-core\3uo4\3uo4_protein.pdb,data/core_set/v2013-core\3uo4\3uo4_pocket.pdb,data/core_set/v2013-core\3uo4\3uo4_ligand.mol2,mol2,True,,core
3uri,data/core_set/v2013-core\3uri\3uri_protein.pdb,data/core_set/v2013-core\3uri\3uri_pocket.pdb,data/core_set/v2013-core\3uri\3uri_ligand.mol2,mol2,True,,core
3utu,data/core_set/v2013-core\3utu\3utu_protein.pdb,data/core_set/v2013-core\3utu\3utu_pocket.pdb,data/core_set/v2013-core\3utu\3utu_ligand.mol2,mol2,True,,core
3vd4,data/core_set/v2013-core\3vd4\3vd4_protein.pdb,data/core_set/v2013-core\3vd4\3vd4_pocket.pdb,data/core_set/v2013-core\3vd4\3vd4_ligand.mol2,mol2,True,,core
3vh9,data/core_set/v2013-core\3vh9\3vh9_protein.pdb,data/core_set/v2013-core\3vh9\3vh9_pocket.pdb,data/core_set/v2013-core\3vh9\3vh9_ligand.mol2,mol2,True,,core
3zso,data/core_set/v2013-core\3zso\3zso_protein.pdb,data/core_set/v2013-core\3zso\3zso_pocket.pdb,data/core_set/v2013-core\3zso\3zso_ligand.mol2,mol2,True,,core
3zsx,data/core_set/v2013-core\3zsx\3zsx_protein.pdb,data/core_set/v2013-core\3zsx\3zsx_pocket.pdb,data/core_set/v2013-core\3zsx\3zsx_ligand.mol2,mol2,True,,core
4de1,data/core_set/v2013-core\4de1\4de1_protein.pdb,data/core_set/v2013-core\4de1\4de1_pocket.pdb,data/core_set/v2013-core\4de1\4de1_ligand.mol2,mol2,True,,core
4de2,data/core_set/v2013-core\4de2\4de2_protein.pdb,data/core_set/v2013-core\4de2\4de2_pocket.pdb,data/core_set/v2013-core\4de2\4de2_ligand.mol2,mol2,True,,core
4des,data/core_set/v2013-core\4des\4des_protein.pdb,data/core_set/v2013-core\4des\4des_pocket.pdb,data/core_set/v2013-core\4des\4des_ligand.mol2,mol2,True,,core
4dew,data/core_set/v2013-core\4dew\4dew_protein.pdb,data/core_set/v2013-core\4dew\4dew_pocket.pdb,data/core_set/v2013-core\4dew\4dew_ligand.mol2,mol2,True,,core
4djr,data/core_set/v2013-core\4djr\4djr_protein.pdb,data/core_set/v2013-core\4djr\4djr_pocket.pdb,data/core_set/v2013-core\4djr\4djr_ligand.mol2,mol2,True,,core
4djv,data/core_set/v2013-core\4djv\4djv_protein.pdb,data/core_set/v2013-core\4djv\4djv_pocket.pdb,data/core_set/v2013-core\4djv\4djv_ligand.mol2,mol2,True,,core
4g8m,data/core_set/v2013-core\4g8m\4g8m_protein.pdb,data/core_set/v2013-core\4g8m\4g8m_pocket.pdb,data/core_set/v2013-core\4g8m\4g8m_ligand.mol2,mol2,True,,core
4gid,data/core_set/v2013-core\4gid\4gid_protein.pdb,data/core_set/v2013-core\4gid\4gid_pocket.pdb,data/core_set/v2013-core\4gid\4gid_ligand.mol2,mol2,True,,core
4gqq,data/core_set/v2013-core\4gqq\4gqq_protein.pdb,data/core_set/v2013-core\4gqq\4gqq_pocket.pdb,data/core_set/v2013-core\4gqq\4gqq_ligand.mol2,mol2,True,,core
4tmn,data/core_set/v2013-core\4tmn\4tmn_protein.pdb,data/core_set/v2013-core\4tmn\4tmn_pocket.pdb,data/core_set/v2013-core\4tmn\4tmn_ligand.mol2,mol2,True,,core
